residue	bin	is_terminal	location	llps_score_proxy	species_key	display_name	phylum
Q	1	True	terminal	0.8	arabidopsis_thaliana	Arabidopsis thaliana	Viridiplantae
Q	17	False	internal	0.8	arabidopsis_thaliana	Arabidopsis thaliana	Viridiplantae
M	1	True	terminal	0.0	arabidopsis_thaliana	Arabidopsis thaliana	Viridiplantae
V	1	True	terminal	0.0	arabidopsis_thaliana	Arabidopsis thaliana	Viridiplantae
Q	13	False	internal	0.8	arabidopsis_thaliana	Arabidopsis thaliana	Viridiplantae
S	3	False	internal	0.5	arabidopsis_thaliana	Arabidopsis thaliana	Viridiplantae
H	15	False	internal	0.0	arabidopsis_thaliana	Arabidopsis thaliana	Viridiplantae
N	5	False	internal	0.8	arabidopsis_thaliana	Arabidopsis thaliana	Viridiplantae
H	1	True	terminal	0.0	arabidopsis_thaliana	Arabidopsis thaliana	Viridiplantae
H	9	False	internal	0.0	arabidopsis_thaliana	Arabidopsis thaliana	Viridiplantae
F	1	True	terminal	1.0	arabidopsis_thaliana	Arabidopsis thaliana	Viridiplantae
Q	2	False	internal	0.8	arabidopsis_thaliana	Arabidopsis thaliana	Viridiplantae
Q	4	False	internal	0.8	arabidopsis_thaliana	Arabidopsis thaliana	Viridiplantae
S	11	False	internal	0.5	arabidopsis_thaliana	Arabidopsis thaliana	Viridiplantae
L	10	False	internal	0.0	arabidopsis_thaliana	Arabidopsis thaliana	Viridiplantae
L	1	True	terminal	0.0	arabidopsis_thaliana	Arabidopsis thaliana	Viridiplantae
D	7	False	internal	0.0	arabidopsis_thaliana	Arabidopsis thaliana	Viridiplantae
A	7	False	internal	0.0	arabidopsis_thaliana	Arabidopsis thaliana	Viridiplantae
G	8	False	internal	0.5	arabidopsis_thaliana	Arabidopsis thaliana	Viridiplantae
P	4	False	internal	0.0	arabidopsis_thaliana	Arabidopsis thaliana	Viridiplantae
G	1	True	terminal	0.5	arabidopsis_thaliana	Arabidopsis thaliana	Viridiplantae
D	19	False	internal	0.0	arabidopsis_thaliana	Arabidopsis thaliana	Viridiplantae
S	6	False	internal	0.5	arabidopsis_thaliana	Arabidopsis thaliana	Viridiplantae
R	8	False	internal	0.5	arabidopsis_thaliana	Arabidopsis thaliana	Viridiplantae
S	1	True	terminal	0.5	arabidopsis_thaliana	Arabidopsis thaliana	Viridiplantae
F	1	True	terminal	1.0	arabidopsis_thaliana	Arabidopsis thaliana	Viridiplantae
R	7	False	internal	0.5	arabidopsis_thaliana	Arabidopsis thaliana	Viridiplantae
A	8	False	internal	0.0	arabidopsis_thaliana	Arabidopsis thaliana	Viridiplantae
C	15	False	internal	0.0	arabidopsis_thaliana	Arabidopsis thaliana	Viridiplantae
T	4	False	internal	0.0	arabidopsis_thaliana	Arabidopsis thaliana	Viridiplantae
K	4	False	internal	0.0	arabidopsis_thaliana	Arabidopsis thaliana	Viridiplantae
G	19	False	internal	0.5	arabidopsis_thaliana	Arabidopsis thaliana	Viridiplantae
S	2	False	internal	0.5	arabidopsis_thaliana	Arabidopsis thaliana	Viridiplantae
P	5	False	internal	0.0	arabidopsis_thaliana	Arabidopsis thaliana	Viridiplantae
D	7	False	internal	0.0	arabidopsis_thaliana	Arabidopsis thaliana	Viridiplantae
D	17	False	internal	0.0	arabidopsis_thaliana	Arabidopsis thaliana	Viridiplantae
A	19	False	internal	0.0	arabidopsis_thaliana	Arabidopsis thaliana	Viridiplantae
P	2	False	internal	0.0	arabidopsis_thaliana	Arabidopsis thaliana	Viridiplantae
D	19	False	internal	0.0	arabidopsis_thaliana	Arabidopsis thaliana	Viridiplantae
K	20	True	terminal	0.0	arabidopsis_thaliana	Arabidopsis thaliana	Viridiplantae
C	2	False	internal	0.0	arabidopsis_thaliana	Arabidopsis thaliana	Viridiplantae
M	1	True	terminal	0.0	arabidopsis_thaliana	Arabidopsis thaliana	Viridiplantae
E	14	False	internal	0.0	arabidopsis_thaliana	Arabidopsis thaliana	Viridiplantae
S	16	False	internal	0.5	arabidopsis_thaliana	Arabidopsis thaliana	Viridiplantae
F	20	True	terminal	1.0	arabidopsis_thaliana	Arabidopsis thaliana	Viridiplantae
G	10	False	internal	0.5	arabidopsis_thaliana	Arabidopsis thaliana	Viridiplantae
G	2	False	internal	0.5	arabidopsis_thaliana	Arabidopsis thaliana	Viridiplantae
A	8	False	internal	0.0	arabidopsis_thaliana	Arabidopsis thaliana	Viridiplantae
S	1	True	terminal	0.5	arabidopsis_thaliana	Arabidopsis thaliana	Viridiplantae
P	18	False	internal	0.0	arabidopsis_thaliana	Arabidopsis thaliana	Viridiplantae
N	18	False	internal	0.8	arabidopsis_thaliana	Arabidopsis thaliana	Viridiplantae
C	6	False	internal	0.0	arabidopsis_thaliana	Arabidopsis thaliana	Viridiplantae
K	20	True	terminal	0.0	arabidopsis_thaliana	Arabidopsis thaliana	Viridiplantae
S	3	False	internal	0.5	arabidopsis_thaliana	Arabidopsis thaliana	Viridiplantae
Q	7	False	internal	0.8	arabidopsis_thaliana	Arabidopsis thaliana	Viridiplantae
P	5	False	internal	0.0	arabidopsis_thaliana	Arabidopsis thaliana	Viridiplantae
N	14	False	internal	0.8	arabidopsis_thaliana	Arabidopsis thaliana	Viridiplantae
L	1	True	terminal	0.0	arabidopsis_thaliana	Arabidopsis thaliana	Viridiplantae
L	19	False	internal	0.0	arabidopsis_thaliana	Arabidopsis thaliana	Viridiplantae
S	4	False	internal	0.5	arabidopsis_thaliana	Arabidopsis thaliana	Viridiplantae
P	14	False	internal	0.0	arabidopsis_thaliana	Arabidopsis thaliana	Viridiplantae
N	16	False	internal	0.8	arabidopsis_thaliana	Arabidopsis thaliana	Viridiplantae
P	1	True	terminal	0.0	arabidopsis_thaliana	Arabidopsis thaliana	Viridiplantae
R	19	False	internal	0.5	arabidopsis_thaliana	Arabidopsis thaliana	Viridiplantae
D	5	False	internal	0.0	arabidopsis_thaliana	Arabidopsis thaliana	Viridiplantae
G	2	False	internal	0.5	arabidopsis_thaliana	Arabidopsis thaliana	Viridiplantae
P	2	False	internal	0.0	arabidopsis_thaliana	Arabidopsis thaliana	Viridiplantae
S	16	False	internal	0.5	arabidopsis_thaliana	Arabidopsis thaliana	Viridiplantae
C	8	False	internal	0.0	arabidopsis_thaliana	Arabidopsis thaliana	Viridiplantae
W	19	False	internal	1.0	arabidopsis_thaliana	Arabidopsis thaliana	Viridiplantae
N	18	False	internal	0.8	arabidopsis_thaliana	Arabidopsis thaliana	Viridiplantae
S	2	False	internal	0.5	arabidopsis_thaliana	Arabidopsis thaliana	Viridiplantae
T	11	False	internal	0.0	arabidopsis_thaliana	Arabidopsis thaliana	Viridiplantae
N	11	False	internal	0.8	arabidopsis_thaliana	Arabidopsis thaliana	Viridiplantae
T	12	False	internal	0.0	arabidopsis_thaliana	Arabidopsis thaliana	Viridiplantae
A	2	False	internal	0.0	arabidopsis_thaliana	Arabidopsis thaliana	Viridiplantae
G	18	False	internal	0.5	arabidopsis_thaliana	Arabidopsis thaliana	Viridiplantae
P	9	False	internal	0.0	arabidopsis_thaliana	Arabidopsis thaliana	Viridiplantae
T	1	True	terminal	0.0	arabidopsis_thaliana	Arabidopsis thaliana	Viridiplantae
N	6	False	internal	0.8	arabidopsis_thaliana	Arabidopsis thaliana	Viridiplantae
R	2	False	internal	0.5	arabidopsis_thaliana	Arabidopsis thaliana	Viridiplantae
H	10	False	internal	0.0	arabidopsis_thaliana	Arabidopsis thaliana	Viridiplantae
C	19	False	internal	0.0	arabidopsis_thaliana	Arabidopsis thaliana	Viridiplantae
E	13	False	internal	0.0	arabidopsis_thaliana	Arabidopsis thaliana	Viridiplantae
E	5	False	internal	0.0	arabidopsis_thaliana	Arabidopsis thaliana	Viridiplantae
C	3	False	internal	0.0	arabidopsis_thaliana	Arabidopsis thaliana	Viridiplantae
S	2	False	internal	0.5	arabidopsis_thaliana	Arabidopsis thaliana	Viridiplantae
P	2	False	internal	0.0	arabidopsis_thaliana	Arabidopsis thaliana	Viridiplantae
G	9	False	internal	0.5	arabidopsis_thaliana	Arabidopsis thaliana	Viridiplantae
S	5	False	internal	0.5	arabidopsis_thaliana	Arabidopsis thaliana	Viridiplantae
G	2	False	internal	0.5	arabidopsis_thaliana	Arabidopsis thaliana	Viridiplantae
D	9	False	internal	0.0	arabidopsis_thaliana	Arabidopsis thaliana	Viridiplantae
G	1	True	terminal	0.5	arabidopsis_thaliana	Arabidopsis thaliana	Viridiplantae
S	3	False	internal	0.5	arabidopsis_thaliana	Arabidopsis thaliana	Viridiplantae
S	1	True	terminal	0.5	arabidopsis_thaliana	Arabidopsis thaliana	Viridiplantae
C	19	False	internal	0.0	arabidopsis_thaliana	Arabidopsis thaliana	Viridiplantae
Q	20	True	terminal	0.8	arabidopsis_thaliana	Arabidopsis thaliana	Viridiplantae
S	13	False	internal	0.5	arabidopsis_thaliana	Arabidopsis thaliana	Viridiplantae
S	1	True	terminal	0.5	arabidopsis_thaliana	Arabidopsis thaliana	Viridiplantae
G	12	False	internal	0.5	arabidopsis_thaliana	Arabidopsis thaliana	Viridiplantae
S	13	False	internal	0.5	arabidopsis_thaliana	Arabidopsis thaliana	Viridiplantae
T	20	True	terminal	0.0	arabidopsis_thaliana	Arabidopsis thaliana	Viridiplantae
R	1	True	terminal	0.5	arabidopsis_thaliana	Arabidopsis thaliana	Viridiplantae
E	5	False	internal	0.0	arabidopsis_thaliana	Arabidopsis thaliana	Viridiplantae
E	3	False	internal	0.0	arabidopsis_thaliana	Arabidopsis thaliana	Viridiplantae
H	13	False	internal	0.0	arabidopsis_thaliana	Arabidopsis thaliana	Viridiplantae
S	7	False	internal	0.5	arabidopsis_thaliana	Arabidopsis thaliana	Viridiplantae
C	1	True	terminal	0.0	arabidopsis_thaliana	Arabidopsis thaliana	Viridiplantae
A	8	False	internal	0.0	arabidopsis_thaliana	Arabidopsis thaliana	Viridiplantae
S	1	True	terminal	0.5	arabidopsis_thaliana	Arabidopsis thaliana	Viridiplantae
K	4	False	internal	0.0	arabidopsis_thaliana	Arabidopsis thaliana	Viridiplantae
N	5	False	internal	0.8	arabidopsis_thaliana	Arabidopsis thaliana	Viridiplantae
L	1	True	terminal	0.0	arabidopsis_thaliana	Arabidopsis thaliana	Viridiplantae
L	1	True	terminal	0.0	arabidopsis_thaliana	Arabidopsis thaliana	Viridiplantae
E	11	False	internal	0.0	arabidopsis_thaliana	Arabidopsis thaliana	Viridiplantae
G	2	False	internal	0.5	arabidopsis_thaliana	Arabidopsis thaliana	Viridiplantae
C	8	False	internal	0.0	arabidopsis_thaliana	Arabidopsis thaliana	Viridiplantae
K	12	False	internal	0.0	arabidopsis_thaliana	Arabidopsis thaliana	Viridiplantae
T	7	False	internal	0.0	arabidopsis_thaliana	Arabidopsis thaliana	Viridiplantae
S	1	True	terminal	0.5	arabidopsis_thaliana	Arabidopsis thaliana	Viridiplantae
Q	17	False	internal	0.8	arabidopsis_thaliana	Arabidopsis thaliana	Viridiplantae
Q	15	False	internal	0.8	arabidopsis_thaliana	Arabidopsis thaliana	Viridiplantae
C	19	False	internal	0.0	arabidopsis_thaliana	Arabidopsis thaliana	Viridiplantae
S	1	True	terminal	0.5	arabidopsis_thaliana	Arabidopsis thaliana	Viridiplantae
A	11	False	internal	0.0	arabidopsis_thaliana	Arabidopsis thaliana	Viridiplantae
E	13	False	internal	0.0	arabidopsis_thaliana	Arabidopsis thaliana	Viridiplantae
A	14	False	internal	0.0	arabidopsis_thaliana	Arabidopsis thaliana	Viridiplantae
G	1	True	terminal	0.5	arabidopsis_thaliana	Arabidopsis thaliana	Viridiplantae
E	20	True	terminal	0.0	arabidopsis_thaliana	Arabidopsis thaliana	Viridiplantae
L	2	False	internal	0.0	arabidopsis_thaliana	Arabidopsis thaliana	Viridiplantae
E	2	False	internal	0.0	arabidopsis_thaliana	Arabidopsis thaliana	Viridiplantae
P	1	True	terminal	0.0	arabidopsis_thaliana	Arabidopsis thaliana	Viridiplantae
S	1	True	terminal	0.5	arabidopsis_thaliana	Arabidopsis thaliana	Viridiplantae
D	20	True	terminal	0.0	arabidopsis_thaliana	Arabidopsis thaliana	Viridiplantae
D	5	False	internal	0.0	arabidopsis_thaliana	Arabidopsis thaliana	Viridiplantae
K	3	False	internal	0.0	arabidopsis_thaliana	Arabidopsis thaliana	Viridiplantae
G	17	False	internal	0.5	arabidopsis_thaliana	Arabidopsis thaliana	Viridiplantae
H	1	True	terminal	0.0	arabidopsis_thaliana	Arabidopsis thaliana	Viridiplantae
N	8	False	internal	0.8	arabidopsis_thaliana	Arabidopsis thaliana	Viridiplantae
L	2	False	internal	0.0	arabidopsis_thaliana	Arabidopsis thaliana	Viridiplantae
V	14	False	internal	0.0	arabidopsis_thaliana	Arabidopsis thaliana	Viridiplantae
G	17	False	internal	0.5	arabidopsis_thaliana	Arabidopsis thaliana	Viridiplantae
E	8	False	internal	0.0	arabidopsis_thaliana	Arabidopsis thaliana	Viridiplantae
E	5	False	internal	0.0	arabidopsis_thaliana	Arabidopsis thaliana	Viridiplantae
D	2	False	internal	0.0	arabidopsis_thaliana	Arabidopsis thaliana	Viridiplantae
G	1	True	terminal	0.5	arabidopsis_thaliana	Arabidopsis thaliana	Viridiplantae
W	10	False	internal	1.0	arabidopsis_thaliana	Arabidopsis thaliana	Viridiplantae
D	18	False	internal	0.0	arabidopsis_thaliana	Arabidopsis thaliana	Viridiplantae
G	2	False	internal	0.5	arabidopsis_thaliana	Arabidopsis thaliana	Viridiplantae
G	12	False	internal	0.5	arabidopsis_thaliana	Arabidopsis thaliana	Viridiplantae
L	2	False	internal	0.0	arabidopsis_thaliana	Arabidopsis thaliana	Viridiplantae
H	14	False	internal	0.0	arabidopsis_thaliana	Arabidopsis thaliana	Viridiplantae
L	2	False	internal	0.0	arabidopsis_thaliana	Arabidopsis thaliana	Viridiplantae
S	11	False	internal	0.5	arabidopsis_thaliana	Arabidopsis thaliana	Viridiplantae
S	5	False	internal	0.5	arabidopsis_thaliana	Arabidopsis thaliana	Viridiplantae
S	8	False	internal	0.5	arabidopsis_thaliana	Arabidopsis thaliana	Viridiplantae
N	2	False	internal	0.8	arabidopsis_thaliana	Arabidopsis thaliana	Viridiplantae
S	10	False	internal	0.5	arabidopsis_thaliana	Arabidopsis thaliana	Viridiplantae
D	4	False	internal	0.0	arabidopsis_thaliana	Arabidopsis thaliana	Viridiplantae
S	17	False	internal	0.5	arabidopsis_thaliana	Arabidopsis thaliana	Viridiplantae
E	13	False	internal	0.0	arabidopsis_thaliana	Arabidopsis thaliana	Viridiplantae
C	2	False	internal	0.0	arabidopsis_thaliana	Arabidopsis thaliana	Viridiplantae
N	19	False	internal	0.8	arabidopsis_thaliana	Arabidopsis thaliana	Viridiplantae
G	17	False	internal	0.5	arabidopsis_thaliana	Arabidopsis thaliana	Viridiplantae
K	8	False	internal	0.0	arabidopsis_thaliana	Arabidopsis thaliana	Viridiplantae
Q	19	False	internal	0.8	arabidopsis_thaliana	Arabidopsis thaliana	Viridiplantae
G	19	False	internal	0.5	arabidopsis_thaliana	Arabidopsis thaliana	Viridiplantae
H	1	True	terminal	0.0	arabidopsis_thaliana	Arabidopsis thaliana	Viridiplantae
G	9	False	internal	0.5	arabidopsis_thaliana	Arabidopsis thaliana	Viridiplantae
G	4	False	internal	0.5	arabidopsis_thaliana	Arabidopsis thaliana	Viridiplantae
C	11	False	internal	0.0	arabidopsis_thaliana	Arabidopsis thaliana	Viridiplantae
C	5	False	internal	0.0	arabidopsis_thaliana	Arabidopsis thaliana	Viridiplantae
A	19	False	internal	0.0	arabidopsis_thaliana	Arabidopsis thaliana	Viridiplantae
S	6	False	internal	0.5	arabidopsis_thaliana	Arabidopsis thaliana	Viridiplantae
G	13	False	internal	0.5	arabidopsis_thaliana	Arabidopsis thaliana	Viridiplantae
M	20	True	terminal	0.0	arabidopsis_thaliana	Arabidopsis thaliana	Viridiplantae
E	13	False	internal	0.0	arabidopsis_thaliana	Arabidopsis thaliana	Viridiplantae
P	15	False	internal	0.0	arabidopsis_thaliana	Arabidopsis thaliana	Viridiplantae
P	3	False	internal	0.0	arabidopsis_thaliana	Arabidopsis thaliana	Viridiplantae
T	10	False	internal	0.0	arabidopsis_thaliana	Arabidopsis thaliana	Viridiplantae
P	1	True	terminal	0.0	arabidopsis_thaliana	Arabidopsis thaliana	Viridiplantae
W	2	False	internal	1.0	arabidopsis_thaliana	Arabidopsis thaliana	Viridiplantae
L	4	False	internal	0.0	arabidopsis_thaliana	Arabidopsis thaliana	Viridiplantae
T	2	False	internal	0.0	arabidopsis_thaliana	Arabidopsis thaliana	Viridiplantae
P	1	True	terminal	0.0	arabidopsis_thaliana	Arabidopsis thaliana	Viridiplantae
Q	2	False	internal	0.8	arabidopsis_thaliana	Arabidopsis thaliana	Viridiplantae
G	13	False	internal	0.5	arabidopsis_thaliana	Arabidopsis thaliana	Viridiplantae
E	8	False	internal	0.0	arabidopsis_thaliana	Arabidopsis thaliana	Viridiplantae
G	2	False	internal	0.5	arabidopsis_thaliana	Arabidopsis thaliana	Viridiplantae
S	11	False	internal	0.5	arabidopsis_thaliana	Arabidopsis thaliana	Viridiplantae
Q	4	False	internal	0.8	arabidopsis_thaliana	Arabidopsis thaliana	Viridiplantae
P	20	True	terminal	0.0	arabidopsis_thaliana	Arabidopsis thaliana	Viridiplantae
K	10	False	internal	0.0	arabidopsis_thaliana	Arabidopsis thaliana	Viridiplantae
D	20	True	terminal	0.0	arabidopsis_thaliana	Arabidopsis thaliana	Viridiplantae
S	3	False	internal	0.5	arabidopsis_thaliana	Arabidopsis thaliana	Viridiplantae
T	20	True	terminal	0.0	arabidopsis_thaliana	Arabidopsis thaliana	Viridiplantae
P	15	False	internal	0.0	arabidopsis_thaliana	Arabidopsis thaliana	Viridiplantae
K	1	True	terminal	0.0	arabidopsis_thaliana	Arabidopsis thaliana	Viridiplantae
D	8	False	internal	0.0	arabidopsis_thaliana	Arabidopsis thaliana	Viridiplantae
M	11	False	internal	0.0	arabidopsis_thaliana	Arabidopsis thaliana	Viridiplantae
S	20	True	terminal	0.5	arabidopsis_thaliana	Arabidopsis thaliana	Viridiplantae
E	18	False	internal	0.0	arabidopsis_thaliana	Arabidopsis thaliana	Viridiplantae
E	19	False	internal	0.0	arabidopsis_thaliana	Arabidopsis thaliana	Viridiplantae
P	15	False	internal	0.0	arabidopsis_thaliana	Arabidopsis thaliana	Viridiplantae
H	2	False	internal	0.0	arabidopsis_thaliana	Arabidopsis thaliana	Viridiplantae
S	19	False	internal	0.5	arabidopsis_thaliana	Arabidopsis thaliana	Viridiplantae
S	12	False	internal	0.5	arabidopsis_thaliana	Arabidopsis thaliana	Viridiplantae
M	1	True	terminal	0.0	arabidopsis_thaliana	Arabidopsis thaliana	Viridiplantae
D	12	False	internal	0.0	arabidopsis_thaliana	Arabidopsis thaliana	Viridiplantae
C	9	False	internal	0.0	arabidopsis_thaliana	Arabidopsis thaliana	Viridiplantae
H	14	False	internal	0.0	arabidopsis_thaliana	Arabidopsis thaliana	Viridiplantae
N	2	False	internal	0.8	arabidopsis_thaliana	Arabidopsis thaliana	Viridiplantae
W	20	True	terminal	1.0	arabidopsis_thaliana	Arabidopsis thaliana	Viridiplantae
E	10	False	internal	0.0	arabidopsis_thaliana	Arabidopsis thaliana	Viridiplantae
S	20	True	terminal	0.5	arabidopsis_thaliana	Arabidopsis thaliana	Viridiplantae
G	20	True	terminal	0.5	arabidopsis_thaliana	Arabidopsis thaliana	Viridiplantae
E	8	False	internal	0.0	arabidopsis_thaliana	Arabidopsis thaliana	Viridiplantae
C	1	True	terminal	0.0	arabidopsis_thaliana	Arabidopsis thaliana	Viridiplantae
H	16	False	internal	0.0	arabidopsis_thaliana	Arabidopsis thaliana	Viridiplantae
G	20	True	terminal	0.5	arabidopsis_thaliana	Arabidopsis thaliana	Viridiplantae
G	4	False	internal	0.5	arabidopsis_thaliana	Arabidopsis thaliana	Viridiplantae
D	6	False	internal	0.0	arabidopsis_thaliana	Arabidopsis thaliana	Viridiplantae
N	18	False	internal	0.8	arabidopsis_thaliana	Arabidopsis thaliana	Viridiplantae
W	20	True	terminal	1.0	arabidopsis_thaliana	Arabidopsis thaliana	Viridiplantae
S	5	False	internal	0.5	arabidopsis_thaliana	Arabidopsis thaliana	Viridiplantae
G	13	False	internal	0.5	arabidopsis_thaliana	Arabidopsis thaliana	Viridiplantae
F	5	False	internal	1.0	arabidopsis_thaliana	Arabidopsis thaliana	Viridiplantae
A	5	False	internal	0.0	arabidopsis_thaliana	Arabidopsis thaliana	Viridiplantae
S	2	False	internal	0.5	arabidopsis_thaliana	Arabidopsis thaliana	Viridiplantae
D	2	False	internal	0.0	arabidopsis_thaliana	Arabidopsis thaliana	Viridiplantae
E	11	False	internal	0.0	arabidopsis_thaliana	Arabidopsis thaliana	Viridiplantae
C	6	False	internal	0.0	arabidopsis_thaliana	Arabidopsis thaliana	Viridiplantae
N	1	True	terminal	0.8	arabidopsis_thaliana	Arabidopsis thaliana	Viridiplantae
C	15	False	internal	0.0	arabidopsis_thaliana	Arabidopsis thaliana	Viridiplantae
S	1	True	terminal	0.5	arabidopsis_thaliana	Arabidopsis thaliana	Viridiplantae
A	14	False	internal	0.0	arabidopsis_thaliana	Arabidopsis thaliana	Viridiplantae
A	5	False	internal	0.0	arabidopsis_thaliana	Arabidopsis thaliana	Viridiplantae
D	4	False	internal	0.0	arabidopsis_thaliana	Arabidopsis thaliana	Viridiplantae
C	10	False	internal	0.0	arabidopsis_thaliana	Arabidopsis thaliana	Viridiplantae
S	1	True	terminal	0.5	arabidopsis_thaliana	Arabidopsis thaliana	Viridiplantae
E	15	False	internal	0.0	arabidopsis_thaliana	Arabidopsis thaliana	Viridiplantae
M	8	False	internal	0.0	arabidopsis_thaliana	Arabidopsis thaliana	Viridiplantae
R	19	False	internal	0.5	arabidopsis_thaliana	Arabidopsis thaliana	Viridiplantae
F	1	True	terminal	1.0	arabidopsis_thaliana	Arabidopsis thaliana	Viridiplantae
P	16	False	internal	0.0	arabidopsis_thaliana	Arabidopsis thaliana	Viridiplantae
H	14	False	internal	0.0	arabidopsis_thaliana	Arabidopsis thaliana	Viridiplantae
P	4	False	internal	0.0	arabidopsis_thaliana	Arabidopsis thaliana	Viridiplantae
D	20	True	terminal	0.0	arabidopsis_thaliana	Arabidopsis thaliana	Viridiplantae
N	6	False	internal	0.8	arabidopsis_thaliana	Arabidopsis thaliana	Viridiplantae
T	18	False	internal	0.0	arabidopsis_thaliana	Arabidopsis thaliana	Viridiplantae
T	2	False	internal	0.0	arabidopsis_thaliana	Arabidopsis thaliana	Viridiplantae
G	17	False	internal	0.5	arabidopsis_thaliana	Arabidopsis thaliana	Viridiplantae
A	18	False	internal	0.0	arabidopsis_thaliana	Arabidopsis thaliana	Viridiplantae
S	20	True	terminal	0.5	arabidopsis_thaliana	Arabidopsis thaliana	Viridiplantae
S	2	False	internal	0.5	arabidopsis_thaliana	Arabidopsis thaliana	Viridiplantae
E	20	True	terminal	0.0	arabidopsis_thaliana	Arabidopsis thaliana	Viridiplantae
S	4	False	internal	0.5	arabidopsis_thaliana	Arabidopsis thaliana	Viridiplantae
F	2	False	internal	1.0	arabidopsis_thaliana	Arabidopsis thaliana	Viridiplantae
H	2	False	internal	0.0	arabidopsis_thaliana	Arabidopsis thaliana	Viridiplantae
P	2	False	internal	0.0	arabidopsis_thaliana	Arabidopsis thaliana	Viridiplantae
N	4	False	internal	0.8	arabidopsis_thaliana	Arabidopsis thaliana	Viridiplantae
C	6	False	internal	0.0	arabidopsis_thaliana	Arabidopsis thaliana	Viridiplantae
S	1	True	terminal	0.5	arabidopsis_thaliana	Arabidopsis thaliana	Viridiplantae
D	11	False	internal	0.0	arabidopsis_thaliana	Arabidopsis thaliana	Viridiplantae
H	14	False	internal	0.0	arabidopsis_thaliana	Arabidopsis thaliana	Viridiplantae
G	13	False	internal	0.5	arabidopsis_thaliana	Arabidopsis thaliana	Viridiplantae
E	11	False	internal	0.0	arabidopsis_thaliana	Arabidopsis thaliana	Viridiplantae
D	14	False	internal	0.0	arabidopsis_thaliana	Arabidopsis thaliana	Viridiplantae
S	1	True	terminal	0.5	arabidopsis_thaliana	Arabidopsis thaliana	Viridiplantae
P	19	False	internal	0.0	arabidopsis_thaliana	Arabidopsis thaliana	Viridiplantae
S	3	False	internal	0.5	arabidopsis_thaliana	Arabidopsis thaliana	Viridiplantae
E	12	False	internal	0.0	arabidopsis_thaliana	Arabidopsis thaliana	Viridiplantae
P	5	False	internal	0.0	arabidopsis_thaliana	Arabidopsis thaliana	Viridiplantae
E	1	True	terminal	0.0	arabidopsis_thaliana	Arabidopsis thaliana	Viridiplantae
P	13	False	internal	0.0	arabidopsis_thaliana	Arabidopsis thaliana	Viridiplantae
H	18	False	internal	0.0	arabidopsis_thaliana	Arabidopsis thaliana	Viridiplantae
E	18	False	internal	0.0	arabidopsis_thaliana	Arabidopsis thaliana	Viridiplantae
F	15	False	internal	1.0	arabidopsis_thaliana	Arabidopsis thaliana	Viridiplantae
N	20	True	terminal	0.8	arabidopsis_thaliana	Arabidopsis thaliana	Viridiplantae
E	19	False	internal	0.0	arabidopsis_thaliana	Arabidopsis thaliana	Viridiplantae
A	1	True	terminal	0.0	arabidopsis_thaliana	Arabidopsis thaliana	Viridiplantae
H	2	False	internal	0.0	arabidopsis_thaliana	Arabidopsis thaliana	Viridiplantae
K	11	False	internal	0.0	arabidopsis_thaliana	Arabidopsis thaliana	Viridiplantae
D	13	False	internal	0.0	arabidopsis_thaliana	Arabidopsis thaliana	Viridiplantae
H	18	False	internal	0.0	arabidopsis_thaliana	Arabidopsis thaliana	Viridiplantae
E	1	True	terminal	0.0	arabidopsis_thaliana	Arabidopsis thaliana	Viridiplantae
R	4	False	internal	0.5	arabidopsis_thaliana	Arabidopsis thaliana	Viridiplantae
G	4	False	internal	0.5	arabidopsis_thaliana	Arabidopsis thaliana	Viridiplantae
G	11	False	internal	0.5	arabidopsis_thaliana	Arabidopsis thaliana	Viridiplantae
G	4	False	internal	0.5	arabidopsis_thaliana	Arabidopsis thaliana	Viridiplantae
S	5	False	internal	0.5	arabidopsis_thaliana	Arabidopsis thaliana	Viridiplantae
K	18	False	internal	0.0	arabidopsis_thaliana	Arabidopsis thaliana	Viridiplantae
G	1	True	terminal	0.5	arabidopsis_thaliana	Arabidopsis thaliana	Viridiplantae
E	2	False	internal	0.0	arabidopsis_thaliana	Arabidopsis thaliana	Viridiplantae
S	2	False	internal	0.5	arabidopsis_thaliana	Arabidopsis thaliana	Viridiplantae
H	19	False	internal	0.0	arabidopsis_thaliana	Arabidopsis thaliana	Viridiplantae
G	9	False	internal	0.5	arabidopsis_thaliana	Arabidopsis thaliana	Viridiplantae
A	4	False	internal	0.0	arabidopsis_thaliana	Arabidopsis thaliana	Viridiplantae
C	8	False	internal	0.0	arabidopsis_thaliana	Arabidopsis thaliana	Viridiplantae
A	6	False	internal	0.0	arabidopsis_thaliana	Arabidopsis thaliana	Viridiplantae
C	9	False	internal	0.0	arabidopsis_thaliana	Arabidopsis thaliana	Viridiplantae
G	7	False	internal	0.5	arabidopsis_thaliana	Arabidopsis thaliana	Viridiplantae
C	9	False	internal	0.0	arabidopsis_thaliana	Arabidopsis thaliana	Viridiplantae
C	1	True	terminal	0.0	arabidopsis_thaliana	Arabidopsis thaliana	Viridiplantae
Q	19	False	internal	0.8	arabidopsis_thaliana	Arabidopsis thaliana	Viridiplantae
T	1	True	terminal	0.0	arabidopsis_thaliana	Arabidopsis thaliana	Viridiplantae
E	19	False	internal	0.0	arabidopsis_thaliana	Arabidopsis thaliana	Viridiplantae
D	16	False	internal	0.0	arabidopsis_thaliana	Arabidopsis thaliana	Viridiplantae
R	6	False	internal	0.5	arabidopsis_thaliana	Arabidopsis thaliana	Viridiplantae
F	2	False	internal	1.0	arabidopsis_thaliana	Arabidopsis thaliana	Viridiplantae
L	1	True	terminal	0.0	arabidopsis_thaliana	Arabidopsis thaliana	Viridiplantae
N	12	False	internal	0.8	arabidopsis_thaliana	Arabidopsis thaliana	Viridiplantae
T	1	True	terminal	0.0	arabidopsis_thaliana	Arabidopsis thaliana	Viridiplantae
R	1	True	terminal	0.5	arabidopsis_thaliana	Arabidopsis thaliana	Viridiplantae
P	2	False	internal	0.0	arabidopsis_thaliana	Arabidopsis thaliana	Viridiplantae
R	1	True	terminal	0.5	arabidopsis_thaliana	Arabidopsis thaliana	Viridiplantae
E	6	False	internal	0.0	arabidopsis_thaliana	Arabidopsis thaliana	Viridiplantae
C	17	False	internal	0.0	arabidopsis_thaliana	Arabidopsis thaliana	Viridiplantae
H	20	True	terminal	0.0	arabidopsis_thaliana	Arabidopsis thaliana	Viridiplantae
S	5	False	internal	0.5	arabidopsis_thaliana	Arabidopsis thaliana	Viridiplantae
D	20	True	terminal	0.0	arabidopsis_thaliana	Arabidopsis thaliana	Viridiplantae
S	3	False	internal	0.5	arabidopsis_thaliana	Arabidopsis thaliana	Viridiplantae
E	2	False	internal	0.0	arabidopsis_thaliana	Arabidopsis thaliana	Viridiplantae
F	17	False	internal	1.0	arabidopsis_thaliana	Arabidopsis thaliana	Viridiplantae
S	2	False	internal	0.5	arabidopsis_thaliana	Arabidopsis thaliana	Viridiplantae
H	16	False	internal	0.0	arabidopsis_thaliana	Arabidopsis thaliana	Viridiplantae
H	3	False	internal	0.0	arabidopsis_thaliana	Arabidopsis thaliana	Viridiplantae
F	1	True	terminal	1.0	arabidopsis_thaliana	Arabidopsis thaliana	Viridiplantae
W	20	True	terminal	1.0	arabidopsis_thaliana	Arabidopsis thaliana	Viridiplantae
K	7	False	internal	0.0	arabidopsis_thaliana	Arabidopsis thaliana	Viridiplantae
W	1	True	terminal	1.0	arabidopsis_thaliana	Arabidopsis thaliana	Viridiplantae
S	20	True	terminal	0.5	arabidopsis_thaliana	Arabidopsis thaliana	Viridiplantae
H	20	True	terminal	0.0	arabidopsis_thaliana	Arabidopsis thaliana	Viridiplantae
W	14	False	internal	1.0	arabidopsis_thaliana	Arabidopsis thaliana	Viridiplantae
S	20	True	terminal	0.5	arabidopsis_thaliana	Arabidopsis thaliana	Viridiplantae
A	1	True	terminal	0.0	arabidopsis_thaliana	Arabidopsis thaliana	Viridiplantae
D	18	False	internal	0.0	arabidopsis_thaliana	Arabidopsis thaliana	Viridiplantae
Q	17	False	internal	0.8	arabidopsis_thaliana	Arabidopsis thaliana	Viridiplantae
A	1	True	terminal	0.0	arabidopsis_thaliana	Arabidopsis thaliana	Viridiplantae
L	1	True	terminal	0.0	arabidopsis_thaliana	Arabidopsis thaliana	Viridiplantae
W	18	False	internal	1.0	arabidopsis_thaliana	Arabidopsis thaliana	Viridiplantae
G	19	False	internal	0.5	arabidopsis_thaliana	Arabidopsis thaliana	Viridiplantae
E	2	False	internal	0.0	arabidopsis_thaliana	Arabidopsis thaliana	Viridiplantae
H	17	False	internal	0.0	arabidopsis_thaliana	Arabidopsis thaliana	Viridiplantae
D	14	False	internal	0.0	arabidopsis_thaliana	Arabidopsis thaliana	Viridiplantae
K	2	False	internal	0.0	arabidopsis_thaliana	Arabidopsis thaliana	Viridiplantae
K	18	False	internal	0.0	arabidopsis_thaliana	Arabidopsis thaliana	Viridiplantae
H	1	True	terminal	0.0	arabidopsis_thaliana	Arabidopsis thaliana	Viridiplantae
N	18	False	internal	0.8	arabidopsis_thaliana	Arabidopsis thaliana	Viridiplantae
S	14	False	internal	0.5	arabidopsis_thaliana	Arabidopsis thaliana	Viridiplantae
K	2	False	internal	0.0	arabidopsis_thaliana	Arabidopsis thaliana	Viridiplantae
D	6	False	internal	0.0	arabidopsis_thaliana	Arabidopsis thaliana	Viridiplantae
N	5	False	internal	0.8	arabidopsis_thaliana	Arabidopsis thaliana	Viridiplantae
P	4	False	internal	0.0	arabidopsis_thaliana	Arabidopsis thaliana	Viridiplantae
G	20	True	terminal	0.5	arabidopsis_thaliana	Arabidopsis thaliana	Viridiplantae
A	15	False	internal	0.0	arabidopsis_thaliana	Arabidopsis thaliana	Viridiplantae
S	5	False	internal	0.5	arabidopsis_thaliana	Arabidopsis thaliana	Viridiplantae
G	5	False	internal	0.5	arabidopsis_thaliana	Arabidopsis thaliana	Viridiplantae
E	15	False	internal	0.0	arabidopsis_thaliana	Arabidopsis thaliana	Viridiplantae
Q	20	True	terminal	0.8	arabidopsis_thaliana	Arabidopsis thaliana	Viridiplantae
S	1	True	terminal	0.5	arabidopsis_thaliana	Arabidopsis thaliana	Viridiplantae
C	19	False	internal	0.0	arabidopsis_thaliana	Arabidopsis thaliana	Viridiplantae
H	1	True	terminal	0.0	arabidopsis_thaliana	Arabidopsis thaliana	Viridiplantae
F	1	True	terminal	1.0	arabidopsis_thaliana	Arabidopsis thaliana	Viridiplantae
D	14	False	internal	0.0	arabidopsis_thaliana	Arabidopsis thaliana	Viridiplantae
D	9	False	internal	0.0	arabidopsis_thaliana	Arabidopsis thaliana	Viridiplantae
N	1	True	terminal	0.8	arabidopsis_thaliana	Arabidopsis thaliana	Viridiplantae
P	1	True	terminal	0.0	arabidopsis_thaliana	Arabidopsis thaliana	Viridiplantae
M	15	False	internal	0.0	arabidopsis_thaliana	Arabidopsis thaliana	Viridiplantae
P	18	False	internal	0.0	arabidopsis_thaliana	Arabidopsis thaliana	Viridiplantae
C	9	False	internal	0.0	arabidopsis_thaliana	Arabidopsis thaliana	Viridiplantae
K	4	False	internal	0.0	arabidopsis_thaliana	Arabidopsis thaliana	Viridiplantae
L	3	False	internal	0.0	arabidopsis_thaliana	Arabidopsis thaliana	Viridiplantae
C	7	False	internal	0.0	arabidopsis_thaliana	Arabidopsis thaliana	Viridiplantae
P	1	True	terminal	0.0	arabidopsis_thaliana	Arabidopsis thaliana	Viridiplantae
T	6	False	internal	0.0	arabidopsis_thaliana	Arabidopsis thaliana	Viridiplantae
K	17	False	internal	0.0	arabidopsis_thaliana	Arabidopsis thaliana	Viridiplantae
Q	3	False	internal	0.8	arabidopsis_thaliana	Arabidopsis thaliana	Viridiplantae
K	6	False	internal	0.0	arabidopsis_thaliana	Arabidopsis thaliana	Viridiplantae
C	1	True	terminal	0.0	arabidopsis_thaliana	Arabidopsis thaliana	Viridiplantae
G	3	False	internal	0.5	arabidopsis_thaliana	Arabidopsis thaliana	Viridiplantae
A	2	False	internal	0.0	arabidopsis_thaliana	Arabidopsis thaliana	Viridiplantae
Q	12	False	internal	0.8	arabidopsis_thaliana	Arabidopsis thaliana	Viridiplantae
G	19	False	internal	0.5	arabidopsis_thaliana	Arabidopsis thaliana	Viridiplantae
R	5	False	internal	0.5	arabidopsis_thaliana	Arabidopsis thaliana	Viridiplantae
D	11	False	internal	0.0	arabidopsis_thaliana	Arabidopsis thaliana	Viridiplantae
S	3	False	internal	0.5	arabidopsis_thaliana	Arabidopsis thaliana	Viridiplantae
P	2	False	internal	0.0	arabidopsis_thaliana	Arabidopsis thaliana	Viridiplantae
L	1	True	terminal	0.0	arabidopsis_thaliana	Arabidopsis thaliana	Viridiplantae
D	1	True	terminal	0.0	arabidopsis_thaliana	Arabidopsis thaliana	Viridiplantae
F	1	True	terminal	1.0	arabidopsis_thaliana	Arabidopsis thaliana	Viridiplantae
C	15	False	internal	0.0	arabidopsis_thaliana	Arabidopsis thaliana	Viridiplantae
S	2	False	internal	0.5	arabidopsis_thaliana	Arabidopsis thaliana	Viridiplantae
S	20	True	terminal	0.5	arabidopsis_thaliana	Arabidopsis thaliana	Viridiplantae
G	1	True	terminal	0.5	arabidopsis_thaliana	Arabidopsis thaliana	Viridiplantae
K	13	False	internal	0.0	arabidopsis_thaliana	Arabidopsis thaliana	Viridiplantae
A	15	False	internal	0.0	arabidopsis_thaliana	Arabidopsis thaliana	Viridiplantae
G	5	False	internal	0.5	arabidopsis_thaliana	Arabidopsis thaliana	Viridiplantae
N	10	False	internal	0.8	arabidopsis_thaliana	Arabidopsis thaliana	Viridiplantae
P	3	False	internal	0.0	arabidopsis_thaliana	Arabidopsis thaliana	Viridiplantae
D	6	False	internal	0.0	arabidopsis_thaliana	Arabidopsis thaliana	Viridiplantae
R	10	False	internal	0.5	arabidopsis_thaliana	Arabidopsis thaliana	Viridiplantae
P	12	False	internal	0.0	arabidopsis_thaliana	Arabidopsis thaliana	Viridiplantae
E	19	False	internal	0.0	arabidopsis_thaliana	Arabidopsis thaliana	Viridiplantae
E	6	False	internal	0.0	arabidopsis_thaliana	Arabidopsis thaliana	Viridiplantae
W	15	False	internal	1.0	arabidopsis_thaliana	Arabidopsis thaliana	Viridiplantae
H	11	False	internal	0.0	arabidopsis_thaliana	Arabidopsis thaliana	Viridiplantae
W	16	False	internal	1.0	arabidopsis_thaliana	Arabidopsis thaliana	Viridiplantae
W	20	True	terminal	1.0	arabidopsis_thaliana	Arabidopsis thaliana	Viridiplantae
E	17	False	internal	0.0	arabidopsis_thaliana	Arabidopsis thaliana	Viridiplantae
K	4	False	internal	0.0	arabidopsis_thaliana	Arabidopsis thaliana	Viridiplantae
E	17	False	internal	0.0	arabidopsis_thaliana	Arabidopsis thaliana	Viridiplantae
S	8	False	internal	0.5	arabidopsis_thaliana	Arabidopsis thaliana	Viridiplantae
D	4	False	internal	0.0	arabidopsis_thaliana	Arabidopsis thaliana	Viridiplantae
K	17	False	internal	0.0	arabidopsis_thaliana	Arabidopsis thaliana	Viridiplantae
W	7	False	internal	1.0	arabidopsis_thaliana	Arabidopsis thaliana	Viridiplantae
E	19	False	internal	0.0	arabidopsis_thaliana	Arabidopsis thaliana	Viridiplantae
S	1	True	terminal	0.5	arabidopsis_thaliana	Arabidopsis thaliana	Viridiplantae
S	2	False	internal	0.5	arabidopsis_thaliana	Arabidopsis thaliana	Viridiplantae
N	18	False	internal	0.8	arabidopsis_thaliana	Arabidopsis thaliana	Viridiplantae
Q	19	False	internal	0.8	arabidopsis_thaliana	Arabidopsis thaliana	Viridiplantae
D	20	True	terminal	0.0	arabidopsis_thaliana	Arabidopsis thaliana	Viridiplantae
E	13	False	internal	0.0	arabidopsis_thaliana	Arabidopsis thaliana	Viridiplantae
G	2	False	internal	0.5	arabidopsis_thaliana	Arabidopsis thaliana	Viridiplantae
K	1	True	terminal	0.0	arabidopsis_thaliana	Arabidopsis thaliana	Viridiplantae
P	4	False	internal	0.0	arabidopsis_thaliana	Arabidopsis thaliana	Viridiplantae
W	10	False	internal	1.0	arabidopsis_thaliana	Arabidopsis thaliana	Viridiplantae
H	3	False	internal	0.0	arabidopsis_thaliana	Arabidopsis thaliana	Viridiplantae
H	12	False	internal	0.0	arabidopsis_thaliana	Arabidopsis thaliana	Viridiplantae
E	3	False	internal	0.0	arabidopsis_thaliana	Arabidopsis thaliana	Viridiplantae
D	20	True	terminal	0.0	arabidopsis_thaliana	Arabidopsis thaliana	Viridiplantae
A	2	False	internal	0.0	arabidopsis_thaliana	Arabidopsis thaliana	Viridiplantae
K	7	False	internal	0.0	arabidopsis_thaliana	Arabidopsis thaliana	Viridiplantae
E	16	False	internal	0.0	arabidopsis_thaliana	Arabidopsis thaliana	Viridiplantae
Q	18	False	internal	0.8	arabidopsis_thaliana	Arabidopsis thaliana	Viridiplantae
A	8	False	internal	0.0	arabidopsis_thaliana	Arabidopsis thaliana	Viridiplantae
L	15	False	internal	0.0	arabidopsis_thaliana	Arabidopsis thaliana	Viridiplantae
M	9	False	internal	0.0	arabidopsis_thaliana	Arabidopsis thaliana	Viridiplantae
H	6	False	internal	0.0	arabidopsis_thaliana	Arabidopsis thaliana	Viridiplantae
L	1	True	terminal	0.0	arabidopsis_thaliana	Arabidopsis thaliana	Viridiplantae
F	1	True	terminal	1.0	arabidopsis_thaliana	Arabidopsis thaliana	Viridiplantae
S	1	True	terminal	0.5	arabidopsis_thaliana	Arabidopsis thaliana	Viridiplantae
M	1	True	terminal	0.0	arabidopsis_thaliana	Arabidopsis thaliana	Viridiplantae
N	10	False	internal	0.8	arabidopsis_thaliana	Arabidopsis thaliana	Viridiplantae
T	1	True	terminal	0.0	arabidopsis_thaliana	Arabidopsis thaliana	Viridiplantae
Q	1	True	terminal	0.8	arabidopsis_thaliana	Arabidopsis thaliana	Viridiplantae
T	9	False	internal	0.0	arabidopsis_thaliana	Arabidopsis thaliana	Viridiplantae
E	20	True	terminal	0.0	arabidopsis_thaliana	Arabidopsis thaliana	Viridiplantae
S	20	True	terminal	0.5	arabidopsis_thaliana	Arabidopsis thaliana	Viridiplantae
F	2	False	internal	1.0	arabidopsis_thaliana	Arabidopsis thaliana	Viridiplantae
G	9	False	internal	0.5	arabidopsis_thaliana	Arabidopsis thaliana	Viridiplantae
Q	1	True	terminal	0.8	arabidopsis_thaliana	Arabidopsis thaliana	Viridiplantae
C	11	False	internal	0.0	arabidopsis_thaliana	Arabidopsis thaliana	Viridiplantae
H	1	True	terminal	0.0	arabidopsis_thaliana	Arabidopsis thaliana	Viridiplantae
G	10	False	internal	0.5	arabidopsis_thaliana	Arabidopsis thaliana	Viridiplantae
D	20	True	terminal	0.0	arabidopsis_thaliana	Arabidopsis thaliana	Viridiplantae
R	6	False	internal	0.5	arabidopsis_thaliana	Arabidopsis thaliana	Viridiplantae
D	17	False	internal	0.0	arabidopsis_thaliana	Arabidopsis thaliana	Viridiplantae
Q	4	False	internal	0.8	arabidopsis_thaliana	Arabidopsis thaliana	Viridiplantae
C	18	False	internal	0.0	arabidopsis_thaliana	Arabidopsis thaliana	Viridiplantae
C	20	True	terminal	0.0	arabidopsis_thaliana	Arabidopsis thaliana	Viridiplantae
E	19	False	internal	0.0	arabidopsis_thaliana	Arabidopsis thaliana	Viridiplantae
D	13	False	internal	0.0	arabidopsis_thaliana	Arabidopsis thaliana	Viridiplantae
T	11	False	internal	0.0	arabidopsis_thaliana	Arabidopsis thaliana	Viridiplantae
E	19	False	internal	0.0	arabidopsis_thaliana	Arabidopsis thaliana	Viridiplantae
L	1	True	terminal	0.0	arabidopsis_thaliana	Arabidopsis thaliana	Viridiplantae
E	15	False	internal	0.0	arabidopsis_thaliana	Arabidopsis thaliana	Viridiplantae
T	19	False	internal	0.0	arabidopsis_thaliana	Arabidopsis thaliana	Viridiplantae
S	1	True	terminal	0.5	arabidopsis_thaliana	Arabidopsis thaliana	Viridiplantae
H	1	True	terminal	0.0	arabidopsis_thaliana	Arabidopsis thaliana	Viridiplantae
S	20	True	terminal	0.5	arabidopsis_thaliana	Arabidopsis thaliana	Viridiplantae
R	1	True	terminal	0.5	arabidopsis_thaliana	Arabidopsis thaliana	Viridiplantae
R	3	False	internal	0.5	arabidopsis_thaliana	Arabidopsis thaliana	Viridiplantae
N	1	True	terminal	0.8	arabidopsis_thaliana	Arabidopsis thaliana	Viridiplantae
T	19	False	internal	0.0	arabidopsis_thaliana	Arabidopsis thaliana	Viridiplantae
N	12	False	internal	0.8	arabidopsis_thaliana	Arabidopsis thaliana	Viridiplantae
S	18	False	internal	0.5	arabidopsis_thaliana	Arabidopsis thaliana	Viridiplantae
D	19	False	internal	0.0	arabidopsis_thaliana	Arabidopsis thaliana	Viridiplantae
T	2	False	internal	0.0	arabidopsis_thaliana	Arabidopsis thaliana	Viridiplantae
N	16	False	internal	0.8	arabidopsis_thaliana	Arabidopsis thaliana	Viridiplantae
K	8	False	internal	0.0	arabidopsis_thaliana	Arabidopsis thaliana	Viridiplantae
E	1	True	terminal	0.0	arabidopsis_thaliana	Arabidopsis thaliana	Viridiplantae
S	1	True	terminal	0.5	arabidopsis_thaliana	Arabidopsis thaliana	Viridiplantae
G	18	False	internal	0.5	arabidopsis_thaliana	Arabidopsis thaliana	Viridiplantae
D	15	False	internal	0.0	arabidopsis_thaliana	Arabidopsis thaliana	Viridiplantae
L	1	True	terminal	0.0	arabidopsis_thaliana	Arabidopsis thaliana	Viridiplantae
Q	5	False	internal	0.8	arabidopsis_thaliana	Arabidopsis thaliana	Viridiplantae
P	3	False	internal	0.0	arabidopsis_thaliana	Arabidopsis thaliana	Viridiplantae
L	1	True	terminal	0.0	arabidopsis_thaliana	Arabidopsis thaliana	Viridiplantae
K	20	True	terminal	0.0	arabidopsis_thaliana	Arabidopsis thaliana	Viridiplantae
S	4	False	internal	0.5	arabidopsis_thaliana	Arabidopsis thaliana	Viridiplantae
D	9	False	internal	0.0	arabidopsis_thaliana	Arabidopsis thaliana	Viridiplantae
D	6	False	internal	0.0	arabidopsis_thaliana	Arabidopsis thaliana	Viridiplantae
R	20	True	terminal	0.5	arabidopsis_thaliana	Arabidopsis thaliana	Viridiplantae
T	3	False	internal	0.0	arabidopsis_thaliana	Arabidopsis thaliana	Viridiplantae
C	7	False	internal	0.0	arabidopsis_thaliana	Arabidopsis thaliana	Viridiplantae
R	20	True	terminal	0.5	arabidopsis_thaliana	Arabidopsis thaliana	Viridiplantae
P	6	False	internal	0.0	arabidopsis_thaliana	Arabidopsis thaliana	Viridiplantae
S	4	False	internal	0.5	arabidopsis_thaliana	Arabidopsis thaliana	Viridiplantae
F	2	False	internal	1.0	arabidopsis_thaliana	Arabidopsis thaliana	Viridiplantae
C	9	False	internal	0.0	arabidopsis_thaliana	Arabidopsis thaliana	Viridiplantae
M	17	False	internal	0.0	arabidopsis_thaliana	Arabidopsis thaliana	Viridiplantae
E	1	True	terminal	0.0	arabidopsis_thaliana	Arabidopsis thaliana	Viridiplantae
A	6	False	internal	0.0	arabidopsis_thaliana	Arabidopsis thaliana	Viridiplantae
H	19	False	internal	0.0	arabidopsis_thaliana	Arabidopsis thaliana	Viridiplantae
P	1	True	terminal	0.0	arabidopsis_thaliana	Arabidopsis thaliana	Viridiplantae
P	2	False	internal	0.0	arabidopsis_thaliana	Arabidopsis thaliana	Viridiplantae
C	19	False	internal	0.0	arabidopsis_thaliana	Arabidopsis thaliana	Viridiplantae
P	8	False	internal	0.0	arabidopsis_thaliana	Arabidopsis thaliana	Viridiplantae
A	19	False	internal	0.0	arabidopsis_thaliana	Arabidopsis thaliana	Viridiplantae
T	6	False	internal	0.0	arabidopsis_thaliana	Arabidopsis thaliana	Viridiplantae
E	16	False	internal	0.0	arabidopsis_thaliana	Arabidopsis thaliana	Viridiplantae
G	1	True	terminal	0.5	arabidopsis_thaliana	Arabidopsis thaliana	Viridiplantae
A	19	False	internal	0.0	arabidopsis_thaliana	Arabidopsis thaliana	Viridiplantae
E	18	False	internal	0.0	arabidopsis_thaliana	Arabidopsis thaliana	Viridiplantae
T	5	False	internal	0.0	arabidopsis_thaliana	Arabidopsis thaliana	Viridiplantae
P	18	False	internal	0.0	arabidopsis_thaliana	Arabidopsis thaliana	Viridiplantae
D	13	False	internal	0.0	arabidopsis_thaliana	Arabidopsis thaliana	Viridiplantae
R	1	True	terminal	0.5	arabidopsis_thaliana	Arabidopsis thaliana	Viridiplantae
A	10	False	internal	0.0	arabidopsis_thaliana	Arabidopsis thaliana	Viridiplantae
H	1	True	terminal	0.0	arabidopsis_thaliana	Arabidopsis thaliana	Viridiplantae
S	6	False	internal	0.5	arabidopsis_thaliana	Arabidopsis thaliana	Viridiplantae
K	1	True	terminal	0.0	arabidopsis_thaliana	Arabidopsis thaliana	Viridiplantae
G	4	False	internal	0.5	arabidopsis_thaliana	Arabidopsis thaliana	Viridiplantae
Q	2	False	internal	0.8	arabidopsis_thaliana	Arabidopsis thaliana	Viridiplantae
P	3	False	internal	0.0	arabidopsis_thaliana	Arabidopsis thaliana	Viridiplantae
A	3	False	internal	0.0	arabidopsis_thaliana	Arabidopsis thaliana	Viridiplantae
R	5	False	internal	0.5	arabidopsis_thaliana	Arabidopsis thaliana	Viridiplantae
D	20	True	terminal	0.0	arabidopsis_thaliana	Arabidopsis thaliana	Viridiplantae
E	4	False	internal	0.0	arabidopsis_thaliana	Arabidopsis thaliana	Viridiplantae
N	2	False	internal	0.8	arabidopsis_thaliana	Arabidopsis thaliana	Viridiplantae
A	2	False	internal	0.0	arabidopsis_thaliana	Arabidopsis thaliana	Viridiplantae
T	6	False	internal	0.0	arabidopsis_thaliana	Arabidopsis thaliana	Viridiplantae
C	1	True	terminal	0.0	arabidopsis_thaliana	Arabidopsis thaliana	Viridiplantae
P	14	False	internal	0.0	arabidopsis_thaliana	Arabidopsis thaliana	Viridiplantae
G	4	False	internal	0.5	arabidopsis_thaliana	Arabidopsis thaliana	Viridiplantae
T	5	False	internal	0.0	arabidopsis_thaliana	Arabidopsis thaliana	Viridiplantae
M	1	True	terminal	0.0	arabidopsis_thaliana	Arabidopsis thaliana	Viridiplantae
Q	19	False	internal	0.8	arabidopsis_thaliana	Arabidopsis thaliana	Viridiplantae
A	18	False	internal	0.0	arabidopsis_thaliana	Arabidopsis thaliana	Viridiplantae
T	20	True	terminal	0.0	arabidopsis_thaliana	Arabidopsis thaliana	Viridiplantae
D	6	False	internal	0.0	arabidopsis_thaliana	Arabidopsis thaliana	Viridiplantae
G	1	True	terminal	0.5	arabidopsis_thaliana	Arabidopsis thaliana	Viridiplantae
D	19	False	internal	0.0	arabidopsis_thaliana	Arabidopsis thaliana	Viridiplantae
H	17	False	internal	0.0	arabidopsis_thaliana	Arabidopsis thaliana	Viridiplantae
G	8	False	internal	0.5	arabidopsis_thaliana	Arabidopsis thaliana	Viridiplantae
Q	19	False	internal	0.8	arabidopsis_thaliana	Arabidopsis thaliana	Viridiplantae
S	2	False	internal	0.5	arabidopsis_thaliana	Arabidopsis thaliana	Viridiplantae
G	20	True	terminal	0.5	arabidopsis_thaliana	Arabidopsis thaliana	Viridiplantae
E	16	False	internal	0.0	arabidopsis_thaliana	Arabidopsis thaliana	Viridiplantae
T	13	False	internal	0.0	arabidopsis_thaliana	Arabidopsis thaliana	Viridiplantae
F	1	True	terminal	1.0	arabidopsis_thaliana	Arabidopsis thaliana	Viridiplantae
G	12	False	internal	0.5	arabidopsis_thaliana	Arabidopsis thaliana	Viridiplantae
F	2	False	internal	1.0	arabidopsis_thaliana	Arabidopsis thaliana	Viridiplantae
D	7	False	internal	0.0	arabidopsis_thaliana	Arabidopsis thaliana	Viridiplantae
G	2	False	internal	0.5	arabidopsis_thaliana	Arabidopsis thaliana	Viridiplantae
M	1	True	terminal	0.0	arabidopsis_thaliana	Arabidopsis thaliana	Viridiplantae
E	20	True	terminal	0.0	arabidopsis_thaliana	Arabidopsis thaliana	Viridiplantae
H	5	False	internal	0.0	arabidopsis_thaliana	Arabidopsis thaliana	Viridiplantae
G	3	False	internal	0.5	arabidopsis_thaliana	Arabidopsis thaliana	Viridiplantae
T	3	False	internal	0.0	arabidopsis_thaliana	Arabidopsis thaliana	Viridiplantae
T	1	True	terminal	0.0	arabidopsis_thaliana	Arabidopsis thaliana	Viridiplantae
P	2	False	internal	0.0	arabidopsis_thaliana	Arabidopsis thaliana	Viridiplantae
C	7	False	internal	0.0	arabidopsis_thaliana	Arabidopsis thaliana	Viridiplantae
D	19	False	internal	0.0	arabidopsis_thaliana	Arabidopsis thaliana	Viridiplantae
E	1	True	terminal	0.0	arabidopsis_thaliana	Arabidopsis thaliana	Viridiplantae
N	20	True	terminal	0.8	arabidopsis_thaliana	Arabidopsis thaliana	Viridiplantae
C	13	False	internal	0.0	arabidopsis_thaliana	Arabidopsis thaliana	Viridiplantae
P	5	False	internal	0.0	arabidopsis_thaliana	Arabidopsis thaliana	Viridiplantae
S	9	False	internal	0.5	arabidopsis_thaliana	Arabidopsis thaliana	Viridiplantae
G	9	False	internal	0.5	arabidopsis_thaliana	Arabidopsis thaliana	Viridiplantae
G	13	False	internal	0.5	arabidopsis_thaliana	Arabidopsis thaliana	Viridiplantae
G	11	False	internal	0.5	arabidopsis_thaliana	Arabidopsis thaliana	Viridiplantae
T	14	False	internal	0.0	arabidopsis_thaliana	Arabidopsis thaliana	Viridiplantae
E	2	False	internal	0.0	arabidopsis_thaliana	Arabidopsis thaliana	Viridiplantae
Q	20	True	terminal	0.8	arabidopsis_thaliana	Arabidopsis thaliana	Viridiplantae
D	9	False	internal	0.0	arabidopsis_thaliana	Arabidopsis thaliana	Viridiplantae
S	3	False	internal	0.5	arabidopsis_thaliana	Arabidopsis thaliana	Viridiplantae
E	20	True	terminal	0.0	arabidopsis_thaliana	Arabidopsis thaliana	Viridiplantae
G	10	False	internal	0.5	arabidopsis_thaliana	Arabidopsis thaliana	Viridiplantae
D	11	False	internal	0.0	arabidopsis_thaliana	Arabidopsis thaliana	Viridiplantae
W	3	False	internal	1.0	arabidopsis_thaliana	Arabidopsis thaliana	Viridiplantae
S	2	False	internal	0.5	arabidopsis_thaliana	Arabidopsis thaliana	Viridiplantae
P	7	False	internal	0.0	arabidopsis_thaliana	Arabidopsis thaliana	Viridiplantae
G	15	False	internal	0.5	arabidopsis_thaliana	Arabidopsis thaliana	Viridiplantae
E	4	False	internal	0.0	arabidopsis_thaliana	Arabidopsis thaliana	Viridiplantae
D	10	False	internal	0.0	arabidopsis_thaliana	Arabidopsis thaliana	Viridiplantae
G	6	False	internal	0.5	arabidopsis_thaliana	Arabidopsis thaliana	Viridiplantae
F	2	False	internal	1.0	arabidopsis_thaliana	Arabidopsis thaliana	Viridiplantae
G	19	False	internal	0.5	arabidopsis_thaliana	Arabidopsis thaliana	Viridiplantae
C	20	True	terminal	0.0	arabidopsis_thaliana	Arabidopsis thaliana	Viridiplantae
K	4	False	internal	0.0	arabidopsis_thaliana	Arabidopsis thaliana	Viridiplantae
S	2	False	internal	0.5	arabidopsis_thaliana	Arabidopsis thaliana	Viridiplantae
N	2	False	internal	0.8	arabidopsis_thaliana	Arabidopsis thaliana	Viridiplantae
A	20	True	terminal	0.0	arabidopsis_thaliana	Arabidopsis thaliana	Viridiplantae
K	9	False	internal	0.0	arabidopsis_thaliana	Arabidopsis thaliana	Viridiplantae
G	2	False	internal	0.5	arabidopsis_thaliana	Arabidopsis thaliana	Viridiplantae
L	6	False	internal	0.0	arabidopsis_thaliana	Arabidopsis thaliana	Viridiplantae
R	7	False	internal	0.5	arabidopsis_thaliana	Arabidopsis thaliana	Viridiplantae
T	14	False	internal	0.0	arabidopsis_thaliana	Arabidopsis thaliana	Viridiplantae
C	11	False	internal	0.0	arabidopsis_thaliana	Arabidopsis thaliana	Viridiplantae
T	18	False	internal	0.0	arabidopsis_thaliana	Arabidopsis thaliana	Viridiplantae
H	10	False	internal	0.0	arabidopsis_thaliana	Arabidopsis thaliana	Viridiplantae
H	18	False	internal	0.0	arabidopsis_thaliana	Arabidopsis thaliana	Viridiplantae
C	3	False	internal	0.0	arabidopsis_thaliana	Arabidopsis thaliana	Viridiplantae
P	8	False	internal	0.0	arabidopsis_thaliana	Arabidopsis thaliana	Viridiplantae
M	2	False	internal	0.0	arabidopsis_thaliana	Arabidopsis thaliana	Viridiplantae
F	3	False	internal	1.0	arabidopsis_thaliana	Arabidopsis thaliana	Viridiplantae
Q	4	False	internal	0.8	arabidopsis_thaliana	Arabidopsis thaliana	Viridiplantae
K	1	True	terminal	0.0	arabidopsis_thaliana	Arabidopsis thaliana	Viridiplantae
G	19	False	internal	0.5	arabidopsis_thaliana	Arabidopsis thaliana	Viridiplantae
I	17	False	internal	0.0	arabidopsis_thaliana	Arabidopsis thaliana	Viridiplantae
K	20	True	terminal	0.0	arabidopsis_thaliana	Arabidopsis thaliana	Viridiplantae
T	11	False	internal	0.0	arabidopsis_thaliana	Arabidopsis thaliana	Viridiplantae
Q	20	True	terminal	0.8	arabidopsis_thaliana	Arabidopsis thaliana	Viridiplantae
A	9	False	internal	0.0	arabidopsis_thaliana	Arabidopsis thaliana	Viridiplantae
C	13	False	internal	0.0	arabidopsis_thaliana	Arabidopsis thaliana	Viridiplantae
N	2	False	internal	0.8	arabidopsis_thaliana	Arabidopsis thaliana	Viridiplantae
T	5	False	internal	0.0	arabidopsis_thaliana	Arabidopsis thaliana	Viridiplantae
Q	20	True	terminal	0.8	arabidopsis_thaliana	Arabidopsis thaliana	Viridiplantae
M	11	False	internal	0.0	arabidopsis_thaliana	Arabidopsis thaliana	Viridiplantae
E	6	False	internal	0.0	arabidopsis_thaliana	Arabidopsis thaliana	Viridiplantae
A	4	False	internal	0.0	arabidopsis_thaliana	Arabidopsis thaliana	Viridiplantae
S	2	False	internal	0.5	arabidopsis_thaliana	Arabidopsis thaliana	Viridiplantae
M	8	False	internal	0.0	arabidopsis_thaliana	Arabidopsis thaliana	Viridiplantae
P	8	False	internal	0.0	arabidopsis_thaliana	Arabidopsis thaliana	Viridiplantae
D	15	False	internal	0.0	arabidopsis_thaliana	Arabidopsis thaliana	Viridiplantae
A	18	False	internal	0.0	arabidopsis_thaliana	Arabidopsis thaliana	Viridiplantae
G	18	False	internal	0.5	arabidopsis_thaliana	Arabidopsis thaliana	Viridiplantae
D	9	False	internal	0.0	arabidopsis_thaliana	Arabidopsis thaliana	Viridiplantae
Q	20	True	terminal	0.8	arabidopsis_thaliana	Arabidopsis thaliana	Viridiplantae
K	1	True	terminal	0.0	arabidopsis_thaliana	Arabidopsis thaliana	Viridiplantae
A	7	False	internal	0.0	arabidopsis_thaliana	Arabidopsis thaliana	Viridiplantae
G	14	False	internal	0.5	arabidopsis_thaliana	Arabidopsis thaliana	Viridiplantae
E	3	False	internal	0.0	arabidopsis_thaliana	Arabidopsis thaliana	Viridiplantae
C	5	False	internal	0.0	arabidopsis_thaliana	Arabidopsis thaliana	Viridiplantae
T	20	True	terminal	0.0	arabidopsis_thaliana	Arabidopsis thaliana	Viridiplantae
P	17	False	internal	0.0	arabidopsis_thaliana	Arabidopsis thaliana	Viridiplantae
W	4	False	internal	1.0	arabidopsis_thaliana	Arabidopsis thaliana	Viridiplantae
D	19	False	internal	0.0	arabidopsis_thaliana	Arabidopsis thaliana	Viridiplantae
F	1	True	terminal	1.0	arabidopsis_thaliana	Arabidopsis thaliana	Viridiplantae
N	19	False	internal	0.8	arabidopsis_thaliana	Arabidopsis thaliana	Viridiplantae
T	3	False	internal	0.0	arabidopsis_thaliana	Arabidopsis thaliana	Viridiplantae
S	13	False	internal	0.5	arabidopsis_thaliana	Arabidopsis thaliana	Viridiplantae
G	19	False	internal	0.5	arabidopsis_thaliana	Arabidopsis thaliana	Viridiplantae
N	1	True	terminal	0.8	arabidopsis_thaliana	Arabidopsis thaliana	Viridiplantae
Q	5	False	internal	0.8	arabidopsis_thaliana	Arabidopsis thaliana	Viridiplantae
F	13	False	internal	1.0	arabidopsis_thaliana	Arabidopsis thaliana	Viridiplantae
Q	12	False	internal	0.8	arabidopsis_thaliana	Arabidopsis thaliana	Viridiplantae
P	1	True	terminal	0.0	arabidopsis_thaliana	Arabidopsis thaliana	Viridiplantae
K	12	False	internal	0.0	arabidopsis_thaliana	Arabidopsis thaliana	Viridiplantae
C	15	False	internal	0.0	arabidopsis_thaliana	Arabidopsis thaliana	Viridiplantae
G	11	False	internal	0.5	arabidopsis_thaliana	Arabidopsis thaliana	Viridiplantae
G	5	False	internal	0.5	arabidopsis_thaliana	Arabidopsis thaliana	Viridiplantae
S	5	False	internal	0.5	arabidopsis_thaliana	Arabidopsis thaliana	Viridiplantae
N	1	True	terminal	0.8	arabidopsis_thaliana	Arabidopsis thaliana	Viridiplantae
T	17	False	internal	0.0	arabidopsis_thaliana	Arabidopsis thaliana	Viridiplantae
D	20	True	terminal	0.0	arabidopsis_thaliana	Arabidopsis thaliana	Viridiplantae
D	8	False	internal	0.0	arabidopsis_thaliana	Arabidopsis thaliana	Viridiplantae
P	10	False	internal	0.0	arabidopsis_thaliana	Arabidopsis thaliana	Viridiplantae
G	18	False	internal	0.5	arabidopsis_thaliana	Arabidopsis thaliana	Viridiplantae
S	18	False	internal	0.5	arabidopsis_thaliana	Arabidopsis thaliana	Viridiplantae
P	1	True	terminal	0.0	arabidopsis_thaliana	Arabidopsis thaliana	Viridiplantae
Q	2	False	internal	0.8	arabidopsis_thaliana	Arabidopsis thaliana	Viridiplantae
M	1	True	terminal	0.0	arabidopsis_thaliana	Arabidopsis thaliana	Viridiplantae
G	7	False	internal	0.5	arabidopsis_thaliana	Arabidopsis thaliana	Viridiplantae
K	11	False	internal	0.0	arabidopsis_thaliana	Arabidopsis thaliana	Viridiplantae
L	1	True	terminal	0.0	arabidopsis_thaliana	Arabidopsis thaliana	Viridiplantae
R	2	False	internal	0.5	arabidopsis_thaliana	Arabidopsis thaliana	Viridiplantae
E	17	False	internal	0.0	arabidopsis_thaliana	Arabidopsis thaliana	Viridiplantae
E	9	False	internal	0.0	arabidopsis_thaliana	Arabidopsis thaliana	Viridiplantae
S	1	True	terminal	0.5	arabidopsis_thaliana	Arabidopsis thaliana	Viridiplantae
S	8	False	internal	0.5	arabidopsis_thaliana	Arabidopsis thaliana	Viridiplantae
E	19	False	internal	0.0	arabidopsis_thaliana	Arabidopsis thaliana	Viridiplantae
W	8	False	internal	1.0	arabidopsis_thaliana	Arabidopsis thaliana	Viridiplantae
M	1	True	terminal	0.0	arabidopsis_thaliana	Arabidopsis thaliana	Viridiplantae
R	10	False	internal	0.5	arabidopsis_thaliana	Arabidopsis thaliana	Viridiplantae
G	19	False	internal	0.5	arabidopsis_thaliana	Arabidopsis thaliana	Viridiplantae
S	6	False	internal	0.5	arabidopsis_thaliana	Arabidopsis thaliana	Viridiplantae
E	3	False	internal	0.0	arabidopsis_thaliana	Arabidopsis thaliana	Viridiplantae
F	19	False	internal	1.0	arabidopsis_thaliana	Arabidopsis thaliana	Viridiplantae
H	1	True	terminal	0.0	arabidopsis_thaliana	Arabidopsis thaliana	Viridiplantae
E	12	False	internal	0.0	arabidopsis_thaliana	Arabidopsis thaliana	Viridiplantae
S	1	True	terminal	0.5	arabidopsis_thaliana	Arabidopsis thaliana	Viridiplantae
P	4	False	internal	0.0	arabidopsis_thaliana	Arabidopsis thaliana	Viridiplantae
C	11	False	internal	0.0	arabidopsis_thaliana	Arabidopsis thaliana	Viridiplantae
Q	1	True	terminal	0.8	arabidopsis_thaliana	Arabidopsis thaliana	Viridiplantae
G	14	False	internal	0.5	arabidopsis_thaliana	Arabidopsis thaliana	Viridiplantae
N	4	False	internal	0.8	arabidopsis_thaliana	Arabidopsis thaliana	Viridiplantae
E	8	False	internal	0.0	arabidopsis_thaliana	Arabidopsis thaliana	Viridiplantae
C	3	False	internal	0.0	arabidopsis_thaliana	Arabidopsis thaliana	Viridiplantae
D	10	False	internal	0.0	arabidopsis_thaliana	Arabidopsis thaliana	Viridiplantae
R	11	False	internal	0.5	arabidopsis_thaliana	Arabidopsis thaliana	Viridiplantae
G	18	False	internal	0.5	arabidopsis_thaliana	Arabidopsis thaliana	Viridiplantae
D	19	False	internal	0.0	arabidopsis_thaliana	Arabidopsis thaliana	Viridiplantae
T	2	False	internal	0.0	arabidopsis_thaliana	Arabidopsis thaliana	Viridiplantae
E	1	True	terminal	0.0	arabidopsis_thaliana	Arabidopsis thaliana	Viridiplantae
D	19	False	internal	0.0	arabidopsis_thaliana	Arabidopsis thaliana	Viridiplantae
Q	18	False	internal	0.8	arabidopsis_thaliana	Arabidopsis thaliana	Viridiplantae
H	4	False	internal	0.0	arabidopsis_thaliana	Arabidopsis thaliana	Viridiplantae
E	15	False	internal	0.0	arabidopsis_thaliana	Arabidopsis thaliana	Viridiplantae
W	10	False	internal	1.0	arabidopsis_thaliana	Arabidopsis thaliana	Viridiplantae
F	1	True	terminal	1.0	arabidopsis_thaliana	Arabidopsis thaliana	Viridiplantae
Q	15	False	internal	0.8	arabidopsis_thaliana	Arabidopsis thaliana	Viridiplantae
I	6	False	internal	0.0	arabidopsis_thaliana	Arabidopsis thaliana	Viridiplantae
G	2	False	internal	0.5	arabidopsis_thaliana	Arabidopsis thaliana	Viridiplantae
L	1	True	terminal	0.0	arabidopsis_thaliana	Arabidopsis thaliana	Viridiplantae
P	17	False	internal	0.0	arabidopsis_thaliana	Arabidopsis thaliana	Viridiplantae
P	2	False	internal	0.0	arabidopsis_thaliana	Arabidopsis thaliana	Viridiplantae
F	5	False	internal	1.0	arabidopsis_thaliana	Arabidopsis thaliana	Viridiplantae
H	11	False	internal	0.0	arabidopsis_thaliana	Arabidopsis thaliana	Viridiplantae
T	17	False	internal	0.0	arabidopsis_thaliana	Arabidopsis thaliana	Viridiplantae
S	3	False	internal	0.5	arabidopsis_thaliana	Arabidopsis thaliana	Viridiplantae
R	15	False	internal	0.5	arabidopsis_thaliana	Arabidopsis thaliana	Viridiplantae
L	1	True	terminal	0.0	arabidopsis_thaliana	Arabidopsis thaliana	Viridiplantae
M	18	False	internal	0.0	arabidopsis_thaliana	Arabidopsis thaliana	Viridiplantae
L	2	False	internal	0.0	arabidopsis_thaliana	Arabidopsis thaliana	Viridiplantae
Q	20	True	terminal	0.8	arabidopsis_thaliana	Arabidopsis thaliana	Viridiplantae
C	1	True	terminal	0.0	arabidopsis_thaliana	Arabidopsis thaliana	Viridiplantae
L	2	False	internal	0.0	arabidopsis_thaliana	Arabidopsis thaliana	Viridiplantae
S	17	False	internal	0.5	arabidopsis_thaliana	Arabidopsis thaliana	Viridiplantae
T	16	False	internal	0.0	arabidopsis_thaliana	Arabidopsis thaliana	Viridiplantae
P	1	True	terminal	0.0	arabidopsis_thaliana	Arabidopsis thaliana	Viridiplantae
D	20	True	terminal	0.0	arabidopsis_thaliana	Arabidopsis thaliana	Viridiplantae
T	20	True	terminal	0.0	arabidopsis_thaliana	Arabidopsis thaliana	Viridiplantae
C	16	False	internal	0.0	arabidopsis_thaliana	Arabidopsis thaliana	Viridiplantae
A	19	False	internal	0.0	arabidopsis_thaliana	Arabidopsis thaliana	Viridiplantae
Q	1	True	terminal	0.8	arabidopsis_thaliana	Arabidopsis thaliana	Viridiplantae
G	5	False	internal	0.5	arabidopsis_thaliana	Arabidopsis thaliana	Viridiplantae
N	6	False	internal	0.8	arabidopsis_thaliana	Arabidopsis thaliana	Viridiplantae
R	1	True	terminal	0.5	arabidopsis_thaliana	Arabidopsis thaliana	Viridiplantae
P	20	True	terminal	0.0	arabidopsis_thaliana	Arabidopsis thaliana	Viridiplantae
R	1	True	terminal	0.5	arabidopsis_thaliana	Arabidopsis thaliana	Viridiplantae
C	4	False	internal	0.0	arabidopsis_thaliana	Arabidopsis thaliana	Viridiplantae
G	5	False	internal	0.5	arabidopsis_thaliana	Arabidopsis thaliana	Viridiplantae
D	5	False	internal	0.0	arabidopsis_thaliana	Arabidopsis thaliana	Viridiplantae
L	1	True	terminal	0.0	arabidopsis_thaliana	Arabidopsis thaliana	Viridiplantae
N	8	False	internal	0.8	arabidopsis_thaliana	Arabidopsis thaliana	Viridiplantae
W	4	False	internal	1.0	arabidopsis_thaliana	Arabidopsis thaliana	Viridiplantae
G	17	False	internal	0.5	arabidopsis_thaliana	Arabidopsis thaliana	Viridiplantae
T	20	True	terminal	0.0	arabidopsis_thaliana	Arabidopsis thaliana	Viridiplantae
T	1	True	terminal	0.0	arabidopsis_thaliana	Arabidopsis thaliana	Viridiplantae
Q	20	True	terminal	0.8	arabidopsis_thaliana	Arabidopsis thaliana	Viridiplantae
H	18	False	internal	0.0	arabidopsis_thaliana	Arabidopsis thaliana	Viridiplantae
M	19	False	internal	0.0	arabidopsis_thaliana	Arabidopsis thaliana	Viridiplantae
D	1	True	terminal	0.0	arabidopsis_thaliana	Arabidopsis thaliana	Viridiplantae
G	12	False	internal	0.5	arabidopsis_thaliana	Arabidopsis thaliana	Viridiplantae
G	10	False	internal	0.5	arabidopsis_thaliana	Arabidopsis thaliana	Viridiplantae
P	19	False	internal	0.0	arabidopsis_thaliana	Arabidopsis thaliana	Viridiplantae
A	15	False	internal	0.0	arabidopsis_thaliana	Arabidopsis thaliana	Viridiplantae
C	19	False	internal	0.0	arabidopsis_thaliana	Arabidopsis thaliana	Viridiplantae
F	1	True	terminal	1.0	arabidopsis_thaliana	Arabidopsis thaliana	Viridiplantae
S	1	True	terminal	0.5	arabidopsis_thaliana	Arabidopsis thaliana	Viridiplantae
H	19	False	internal	0.0	arabidopsis_thaliana	Arabidopsis thaliana	Viridiplantae
C	4	False	internal	0.0	arabidopsis_thaliana	Arabidopsis thaliana	Viridiplantae
C	2	False	internal	0.0	arabidopsis_thaliana	Arabidopsis thaliana	Viridiplantae
A	8	False	internal	0.0	arabidopsis_thaliana	Arabidopsis thaliana	Viridiplantae
K	6	False	internal	0.0	arabidopsis_thaliana	Arabidopsis thaliana	Viridiplantae
Q	20	True	terminal	0.8	arabidopsis_thaliana	Arabidopsis thaliana	Viridiplantae
E	18	False	internal	0.0	arabidopsis_thaliana	Arabidopsis thaliana	Viridiplantae
H	8	False	internal	0.0	arabidopsis_thaliana	Arabidopsis thaliana	Viridiplantae
G	4	False	internal	0.5	arabidopsis_thaliana	Arabidopsis thaliana	Viridiplantae
E	11	False	internal	0.0	arabidopsis_thaliana	Arabidopsis thaliana	Viridiplantae
Q	20	True	terminal	0.8	arabidopsis_thaliana	Arabidopsis thaliana	Viridiplantae
S	2	False	internal	0.5	arabidopsis_thaliana	Arabidopsis thaliana	Viridiplantae
E	1	True	terminal	0.0	arabidopsis_thaliana	Arabidopsis thaliana	Viridiplantae
M	20	True	terminal	0.0	arabidopsis_thaliana	Arabidopsis thaliana	Viridiplantae
H	6	False	internal	0.0	arabidopsis_thaliana	Arabidopsis thaliana	Viridiplantae
E	18	False	internal	0.0	arabidopsis_thaliana	Arabidopsis thaliana	Viridiplantae
N	18	False	internal	0.8	arabidopsis_thaliana	Arabidopsis thaliana	Viridiplantae
K	2	False	internal	0.0	arabidopsis_thaliana	Arabidopsis thaliana	Viridiplantae
E	14	False	internal	0.0	arabidopsis_thaliana	Arabidopsis thaliana	Viridiplantae
T	13	False	internal	0.0	arabidopsis_thaliana	Arabidopsis thaliana	Viridiplantae
C	2	False	internal	0.0	arabidopsis_thaliana	Arabidopsis thaliana	Viridiplantae
P	1	True	terminal	0.0	arabidopsis_thaliana	Arabidopsis thaliana	Viridiplantae
D	2	False	internal	0.0	arabidopsis_thaliana	Arabidopsis thaliana	Viridiplantae
T	17	False	internal	0.0	arabidopsis_thaliana	Arabidopsis thaliana	Viridiplantae
E	1	True	terminal	0.0	arabidopsis_thaliana	Arabidopsis thaliana	Viridiplantae
K	8	False	internal	0.0	arabidopsis_thaliana	Arabidopsis thaliana	Viridiplantae
G	14	False	internal	0.5	arabidopsis_thaliana	Arabidopsis thaliana	Viridiplantae
A	2	False	internal	0.0	arabidopsis_thaliana	Arabidopsis thaliana	Viridiplantae
T	14	False	internal	0.0	arabidopsis_thaliana	Arabidopsis thaliana	Viridiplantae
P	9	False	internal	0.0	arabidopsis_thaliana	Arabidopsis thaliana	Viridiplantae
F	1	True	terminal	1.0	arabidopsis_thaliana	Arabidopsis thaliana	Viridiplantae
P	20	True	terminal	0.0	arabidopsis_thaliana	Arabidopsis thaliana	Viridiplantae
G	6	False	internal	0.5	arabidopsis_thaliana	Arabidopsis thaliana	Viridiplantae
F	5	False	internal	1.0	arabidopsis_thaliana	Arabidopsis thaliana	Viridiplantae
L	1	True	terminal	0.0	arabidopsis_thaliana	Arabidopsis thaliana	Viridiplantae
S	2	False	internal	0.5	arabidopsis_thaliana	Arabidopsis thaliana	Viridiplantae
S	20	True	terminal	0.5	arabidopsis_thaliana	Arabidopsis thaliana	Viridiplantae
K	8	False	internal	0.0	arabidopsis_thaliana	Arabidopsis thaliana	Viridiplantae
A	7	False	internal	0.0	arabidopsis_thaliana	Arabidopsis thaliana	Viridiplantae
D	5	False	internal	0.0	arabidopsis_thaliana	Arabidopsis thaliana	Viridiplantae
E	8	False	internal	0.0	arabidopsis_thaliana	Arabidopsis thaliana	Viridiplantae
D	5	False	internal	0.0	arabidopsis_thaliana	Arabidopsis thaliana	Viridiplantae
Q	6	False	internal	0.8	arabidopsis_thaliana	Arabidopsis thaliana	Viridiplantae
D	4	False	internal	0.0	arabidopsis_thaliana	Arabidopsis thaliana	Viridiplantae
M	3	False	internal	0.0	arabidopsis_thaliana	Arabidopsis thaliana	Viridiplantae
D	15	False	internal	0.0	arabidopsis_thaliana	Arabidopsis thaliana	Viridiplantae
G	1	True	terminal	0.5	arabidopsis_thaliana	Arabidopsis thaliana	Viridiplantae
M	20	True	terminal	0.0	arabidopsis_thaliana	Arabidopsis thaliana	Viridiplantae
L	18	False	internal	0.0	arabidopsis_thaliana	Arabidopsis thaliana	Viridiplantae
P	19	False	internal	0.0	arabidopsis_thaliana	Arabidopsis thaliana	Viridiplantae
S	14	False	internal	0.5	arabidopsis_thaliana	Arabidopsis thaliana	Viridiplantae
T	5	False	internal	0.0	arabidopsis_thaliana	Arabidopsis thaliana	Viridiplantae
Q	3	False	internal	0.8	arabidopsis_thaliana	Arabidopsis thaliana	Viridiplantae
P	4	False	internal	0.0	arabidopsis_thaliana	Arabidopsis thaliana	Viridiplantae
L	1	True	terminal	0.0	arabidopsis_thaliana	Arabidopsis thaliana	Viridiplantae
C	1	True	terminal	0.0	arabidopsis_thaliana	Arabidopsis thaliana	Viridiplantae
S	2	False	internal	0.5	arabidopsis_thaliana	Arabidopsis thaliana	Viridiplantae
R	20	True	terminal	0.5	arabidopsis_thaliana	Arabidopsis thaliana	Viridiplantae
T	5	False	internal	0.0	arabidopsis_thaliana	Arabidopsis thaliana	Viridiplantae
P	19	False	internal	0.0	arabidopsis_thaliana	Arabidopsis thaliana	Viridiplantae
H	4	False	internal	0.0	arabidopsis_thaliana	Arabidopsis thaliana	Viridiplantae
S	13	False	internal	0.5	arabidopsis_thaliana	Arabidopsis thaliana	Viridiplantae
T	14	False	internal	0.0	arabidopsis_thaliana	Arabidopsis thaliana	Viridiplantae
E	6	False	internal	0.0	arabidopsis_thaliana	Arabidopsis thaliana	Viridiplantae
Q	20	True	terminal	0.8	arabidopsis_thaliana	Arabidopsis thaliana	Viridiplantae
H	11	False	internal	0.0	arabidopsis_thaliana	Arabidopsis thaliana	Viridiplantae
T	20	True	terminal	0.0	arabidopsis_thaliana	Arabidopsis thaliana	Viridiplantae
N	1	True	terminal	0.8	arabidopsis_thaliana	Arabidopsis thaliana	Viridiplantae
S	5	False	internal	0.5	arabidopsis_thaliana	Arabidopsis thaliana	Viridiplantae
R	1	True	terminal	0.5	arabidopsis_thaliana	Arabidopsis thaliana	Viridiplantae
L	2	False	internal	0.0	arabidopsis_thaliana	Arabidopsis thaliana	Viridiplantae
N	6	False	internal	0.8	arabidopsis_thaliana	Arabidopsis thaliana	Viridiplantae
N	14	False	internal	0.8	arabidopsis_thaliana	Arabidopsis thaliana	Viridiplantae
Q	2	False	internal	0.8	arabidopsis_thaliana	Arabidopsis thaliana	Viridiplantae
A	5	False	internal	0.0	arabidopsis_thaliana	Arabidopsis thaliana	Viridiplantae
P	18	False	internal	0.0	arabidopsis_thaliana	Arabidopsis thaliana	Viridiplantae
H	13	False	internal	0.0	arabidopsis_thaliana	Arabidopsis thaliana	Viridiplantae
Q	2	False	internal	0.8	arabidopsis_thaliana	Arabidopsis thaliana	Viridiplantae
D	18	False	internal	0.0	arabidopsis_thaliana	Arabidopsis thaliana	Viridiplantae
T	1	True	terminal	0.0	arabidopsis_thaliana	Arabidopsis thaliana	Viridiplantae
Q	7	False	internal	0.8	arabidopsis_thaliana	Arabidopsis thaliana	Viridiplantae
S	14	False	internal	0.5	arabidopsis_thaliana	Arabidopsis thaliana	Viridiplantae
N	12	False	internal	0.8	arabidopsis_thaliana	Arabidopsis thaliana	Viridiplantae
H	9	False	internal	0.0	arabidopsis_thaliana	Arabidopsis thaliana	Viridiplantae
H	3	False	internal	0.0	arabidopsis_thaliana	Arabidopsis thaliana	Viridiplantae
D	10	False	internal	0.0	arabidopsis_thaliana	Arabidopsis thaliana	Viridiplantae
P	7	False	internal	0.0	arabidopsis_thaliana	Arabidopsis thaliana	Viridiplantae
T	18	False	internal	0.0	arabidopsis_thaliana	Arabidopsis thaliana	Viridiplantae
L	2	False	internal	0.0	arabidopsis_thaliana	Arabidopsis thaliana	Viridiplantae
H	1	True	terminal	0.0	arabidopsis_thaliana	Arabidopsis thaliana	Viridiplantae
S	6	False	internal	0.5	arabidopsis_thaliana	Arabidopsis thaliana	Viridiplantae
T	10	False	internal	0.0	arabidopsis_thaliana	Arabidopsis thaliana	Viridiplantae
S	2	False	internal	0.5	arabidopsis_thaliana	Arabidopsis thaliana	Viridiplantae
S	17	False	internal	0.5	arabidopsis_thaliana	Arabidopsis thaliana	Viridiplantae
T	2	False	internal	0.0	arabidopsis_thaliana	Arabidopsis thaliana	Viridiplantae
M	2	False	internal	0.0	arabidopsis_thaliana	Arabidopsis thaliana	Viridiplantae
S	10	False	internal	0.5	arabidopsis_thaliana	Arabidopsis thaliana	Viridiplantae
S	1	True	terminal	0.5	arabidopsis_thaliana	Arabidopsis thaliana	Viridiplantae
K	6	False	internal	0.0	arabidopsis_thaliana	Arabidopsis thaliana	Viridiplantae
T	4	False	internal	0.0	arabidopsis_thaliana	Arabidopsis thaliana	Viridiplantae
E	16	False	internal	0.0	arabidopsis_thaliana	Arabidopsis thaliana	Viridiplantae
S	1	True	terminal	0.5	arabidopsis_thaliana	Arabidopsis thaliana	Viridiplantae
E	11	False	internal	0.0	arabidopsis_thaliana	Arabidopsis thaliana	Viridiplantae
G	1	True	terminal	0.5	arabidopsis_thaliana	Arabidopsis thaliana	Viridiplantae
T	2	False	internal	0.0	arabidopsis_thaliana	Arabidopsis thaliana	Viridiplantae
Q	11	False	internal	0.8	arabidopsis_thaliana	Arabidopsis thaliana	Viridiplantae
G	12	False	internal	0.5	arabidopsis_thaliana	Arabidopsis thaliana	Viridiplantae
S	2	False	internal	0.5	arabidopsis_thaliana	Arabidopsis thaliana	Viridiplantae
G	5	False	internal	0.5	arabidopsis_thaliana	Arabidopsis thaliana	Viridiplantae
C	1	True	terminal	0.0	arabidopsis_thaliana	Arabidopsis thaliana	Viridiplantae
E	19	False	internal	0.0	arabidopsis_thaliana	Arabidopsis thaliana	Viridiplantae
F	1	True	terminal	1.0	arabidopsis_thaliana	Arabidopsis thaliana	Viridiplantae
P	19	False	internal	0.0	arabidopsis_thaliana	Arabidopsis thaliana	Viridiplantae
G	14	False	internal	0.5	arabidopsis_thaliana	Arabidopsis thaliana	Viridiplantae
C	5	False	internal	0.0	arabidopsis_thaliana	Arabidopsis thaliana	Viridiplantae
T	11	False	internal	0.0	arabidopsis_thaliana	Arabidopsis thaliana	Viridiplantae
H	1	True	terminal	0.0	arabidopsis_thaliana	Arabidopsis thaliana	Viridiplantae
T	1	True	terminal	0.0	arabidopsis_thaliana	Arabidopsis thaliana	Viridiplantae
D	20	True	terminal	0.0	arabidopsis_thaliana	Arabidopsis thaliana	Viridiplantae
D	6	False	internal	0.0	arabidopsis_thaliana	Arabidopsis thaliana	Viridiplantae
S	5	False	internal	0.5	arabidopsis_thaliana	Arabidopsis thaliana	Viridiplantae
S	1	True	terminal	0.5	arabidopsis_thaliana	Arabidopsis thaliana	Viridiplantae
S	2	False	internal	0.5	arabidopsis_thaliana	Arabidopsis thaliana	Viridiplantae
M	6	False	internal	0.0	arabidopsis_thaliana	Arabidopsis thaliana	Viridiplantae
Q	15	False	internal	0.8	arabidopsis_thaliana	Arabidopsis thaliana	Viridiplantae
P	17	False	internal	0.0	arabidopsis_thaliana	Arabidopsis thaliana	Viridiplantae
G	16	False	internal	0.5	arabidopsis_thaliana	Arabidopsis thaliana	Viridiplantae
M	2	False	internal	0.0	arabidopsis_thaliana	Arabidopsis thaliana	Viridiplantae
T	6	False	internal	0.0	arabidopsis_thaliana	Arabidopsis thaliana	Viridiplantae
H	20	True	terminal	0.0	arabidopsis_thaliana	Arabidopsis thaliana	Viridiplantae
R	2	False	internal	0.5	arabidopsis_thaliana	Arabidopsis thaliana	Viridiplantae
P	2	False	internal	0.0	arabidopsis_thaliana	Arabidopsis thaliana	Viridiplantae
T	1	True	terminal	0.0	arabidopsis_thaliana	Arabidopsis thaliana	Viridiplantae
C	4	False	internal	0.0	arabidopsis_thaliana	Arabidopsis thaliana	Viridiplantae
A	14	False	internal	0.0	arabidopsis_thaliana	Arabidopsis thaliana	Viridiplantae
Q	7	False	internal	0.8	arabidopsis_thaliana	Arabidopsis thaliana	Viridiplantae
G	13	False	internal	0.5	arabidopsis_thaliana	Arabidopsis thaliana	Viridiplantae
S	2	False	internal	0.5	arabidopsis_thaliana	Arabidopsis thaliana	Viridiplantae
H	19	False	internal	0.0	arabidopsis_thaliana	Arabidopsis thaliana	Viridiplantae
Q	19	False	internal	0.8	arabidopsis_thaliana	Arabidopsis thaliana	Viridiplantae
E	2	False	internal	0.0	arabidopsis_thaliana	Arabidopsis thaliana	Viridiplantae
N	1	True	terminal	0.8	arabidopsis_thaliana	Arabidopsis thaliana	Viridiplantae
A	9	False	internal	0.0	arabidopsis_thaliana	Arabidopsis thaliana	Viridiplantae
T	1	True	terminal	0.0	arabidopsis_thaliana	Arabidopsis thaliana	Viridiplantae
N	16	False	internal	0.8	arabidopsis_thaliana	Arabidopsis thaliana	Viridiplantae
H	5	False	internal	0.0	arabidopsis_thaliana	Arabidopsis thaliana	Viridiplantae
G	11	False	internal	0.5	arabidopsis_thaliana	Arabidopsis thaliana	Viridiplantae
D	12	False	internal	0.0	arabidopsis_thaliana	Arabidopsis thaliana	Viridiplantae
P	9	False	internal	0.0	arabidopsis_thaliana	Arabidopsis thaliana	Viridiplantae
R	19	False	internal	0.5	arabidopsis_thaliana	Arabidopsis thaliana	Viridiplantae
D	2	False	internal	0.0	arabidopsis_thaliana	Arabidopsis thaliana	Viridiplantae
A	4	False	internal	0.0	arabidopsis_thaliana	Arabidopsis thaliana	Viridiplantae
K	1	True	terminal	0.0	arabidopsis_thaliana	Arabidopsis thaliana	Viridiplantae
N	2	False	internal	0.8	arabidopsis_thaliana	Arabidopsis thaliana	Viridiplantae
E	2	False	internal	0.0	arabidopsis_thaliana	Arabidopsis thaliana	Viridiplantae
K	17	False	internal	0.0	arabidopsis_thaliana	Arabidopsis thaliana	Viridiplantae
A	5	False	internal	0.0	arabidopsis_thaliana	Arabidopsis thaliana	Viridiplantae
D	4	False	internal	0.0	arabidopsis_thaliana	Arabidopsis thaliana	Viridiplantae
S	17	False	internal	0.5	arabidopsis_thaliana	Arabidopsis thaliana	Viridiplantae
G	12	False	internal	0.5	arabidopsis_thaliana	Arabidopsis thaliana	Viridiplantae
P	3	False	internal	0.0	arabidopsis_thaliana	Arabidopsis thaliana	Viridiplantae
S	1	True	terminal	0.5	arabidopsis_thaliana	Arabidopsis thaliana	Viridiplantae
C	4	False	internal	0.0	arabidopsis_thaliana	Arabidopsis thaliana	Viridiplantae
A	2	False	internal	0.0	arabidopsis_thaliana	Arabidopsis thaliana	Viridiplantae
Q	2	False	internal	0.8	arabidopsis_thaliana	Arabidopsis thaliana	Viridiplantae
D	12	False	internal	0.0	arabidopsis_thaliana	Arabidopsis thaliana	Viridiplantae
L	6	False	internal	0.0	arabidopsis_thaliana	Arabidopsis thaliana	Viridiplantae
T	19	False	internal	0.0	arabidopsis_thaliana	Arabidopsis thaliana	Viridiplantae
N	11	False	internal	0.8	arabidopsis_thaliana	Arabidopsis thaliana	Viridiplantae
G	12	False	internal	0.5	arabidopsis_thaliana	Arabidopsis thaliana	Viridiplantae
G	10	False	internal	0.5	arabidopsis_thaliana	Arabidopsis thaliana	Viridiplantae
P	7	False	internal	0.0	arabidopsis_thaliana	Arabidopsis thaliana	Viridiplantae
F	1	True	terminal	1.0	arabidopsis_thaliana	Arabidopsis thaliana	Viridiplantae
L	9	False	internal	0.0	arabidopsis_thaliana	Arabidopsis thaliana	Viridiplantae
D	17	False	internal	0.0	arabidopsis_thaliana	Arabidopsis thaliana	Viridiplantae
F	1	True	terminal	1.0	arabidopsis_thaliana	Arabidopsis thaliana	Viridiplantae
S	2	False	internal	0.5	arabidopsis_thaliana	Arabidopsis thaliana	Viridiplantae
W	18	False	internal	1.0	arabidopsis_thaliana	Arabidopsis thaliana	Viridiplantae
S	4	False	internal	0.5	arabidopsis_thaliana	Arabidopsis thaliana	Viridiplantae
E	2	False	internal	0.0	arabidopsis_thaliana	Arabidopsis thaliana	Viridiplantae
S	20	True	terminal	0.5	arabidopsis_thaliana	Arabidopsis thaliana	Viridiplantae
R	18	False	internal	0.5	arabidopsis_thaliana	Arabidopsis thaliana	Viridiplantae
W	20	True	terminal	1.0	arabidopsis_thaliana	Arabidopsis thaliana	Viridiplantae
E	19	False	internal	0.0	arabidopsis_thaliana	Arabidopsis thaliana	Viridiplantae
S	15	False	internal	0.5	arabidopsis_thaliana	Arabidopsis thaliana	Viridiplantae
H	20	True	terminal	0.0	arabidopsis_thaliana	Arabidopsis thaliana	Viridiplantae
S	9	False	internal	0.5	arabidopsis_thaliana	Arabidopsis thaliana	Viridiplantae
G	2	False	internal	0.5	arabidopsis_thaliana	Arabidopsis thaliana	Viridiplantae
G	2	False	internal	0.5	arabidopsis_thaliana	Arabidopsis thaliana	Viridiplantae
T	18	False	internal	0.0	arabidopsis_thaliana	Arabidopsis thaliana	Viridiplantae
Q	4	False	internal	0.8	arabidopsis_thaliana	Arabidopsis thaliana	Viridiplantae
T	3	False	internal	0.0	arabidopsis_thaliana	Arabidopsis thaliana	Viridiplantae
Y	18	False	internal	1.0	arabidopsis_thaliana	Arabidopsis thaliana	Viridiplantae
S	6	False	internal	0.5	arabidopsis_thaliana	Arabidopsis thaliana	Viridiplantae
S	3	False	internal	0.5	arabidopsis_thaliana	Arabidopsis thaliana	Viridiplantae
T	14	False	internal	0.0	arabidopsis_thaliana	Arabidopsis thaliana	Viridiplantae
L	20	True	terminal	0.0	arabidopsis_thaliana	Arabidopsis thaliana	Viridiplantae
T	18	False	internal	0.0	arabidopsis_thaliana	Arabidopsis thaliana	Viridiplantae
W	1	True	terminal	1.0	arabidopsis_thaliana	Arabidopsis thaliana	Viridiplantae
L	1	True	terminal	0.0	arabidopsis_thaliana	Arabidopsis thaliana	Viridiplantae
A	19	False	internal	0.0	arabidopsis_thaliana	Arabidopsis thaliana	Viridiplantae
E	16	False	internal	0.0	arabidopsis_thaliana	Arabidopsis thaliana	Viridiplantae
G	13	False	internal	0.5	arabidopsis_thaliana	Arabidopsis thaliana	Viridiplantae
A	15	False	internal	0.0	arabidopsis_thaliana	Arabidopsis thaliana	Viridiplantae
C	19	False	internal	0.0	arabidopsis_thaliana	Arabidopsis thaliana	Viridiplantae
R	6	False	internal	0.5	arabidopsis_thaliana	Arabidopsis thaliana	Viridiplantae
S	19	False	internal	0.5	arabidopsis_thaliana	Arabidopsis thaliana	Viridiplantae
N	4	False	internal	0.8	arabidopsis_thaliana	Arabidopsis thaliana	Viridiplantae
H	17	False	internal	0.0	arabidopsis_thaliana	Arabidopsis thaliana	Viridiplantae
Q	2	False	internal	0.8	arabidopsis_thaliana	Arabidopsis thaliana	Viridiplantae
S	2	False	internal	0.5	arabidopsis_thaliana	Arabidopsis thaliana	Viridiplantae
Q	16	False	internal	0.8	arabidopsis_thaliana	Arabidopsis thaliana	Viridiplantae
W	19	False	internal	1.0	arabidopsis_thaliana	Arabidopsis thaliana	Viridiplantae
E	8	False	internal	0.0	arabidopsis_thaliana	Arabidopsis thaliana	Viridiplantae
T	3	False	internal	0.0	arabidopsis_thaliana	Arabidopsis thaliana	Viridiplantae
P	13	False	internal	0.0	arabidopsis_thaliana	Arabidopsis thaliana	Viridiplantae
G	11	False	internal	0.5	arabidopsis_thaliana	Arabidopsis thaliana	Viridiplantae
W	10	False	internal	1.0	arabidopsis_thaliana	Arabidopsis thaliana	Viridiplantae
G	1	True	terminal	0.5	arabidopsis_thaliana	Arabidopsis thaliana	Viridiplantae
H	1	True	terminal	0.0	arabidopsis_thaliana	Arabidopsis thaliana	Viridiplantae
C	11	False	internal	0.0	arabidopsis_thaliana	Arabidopsis thaliana	Viridiplantae
P	20	True	terminal	0.0	arabidopsis_thaliana	Arabidopsis thaliana	Viridiplantae
H	10	False	internal	0.0	arabidopsis_thaliana	Arabidopsis thaliana	Viridiplantae
S	18	False	internal	0.5	arabidopsis_thaliana	Arabidopsis thaliana	Viridiplantae
L	19	False	internal	0.0	arabidopsis_thaliana	Arabidopsis thaliana	Viridiplantae
S	13	False	internal	0.5	arabidopsis_thaliana	Arabidopsis thaliana	Viridiplantae
S	3	False	internal	0.5	arabidopsis_thaliana	Arabidopsis thaliana	Viridiplantae
N	20	True	terminal	0.8	arabidopsis_thaliana	Arabidopsis thaliana	Viridiplantae
S	2	False	internal	0.5	arabidopsis_thaliana	Arabidopsis thaliana	Viridiplantae
W	10	False	internal	1.0	arabidopsis_thaliana	Arabidopsis thaliana	Viridiplantae
D	2	False	internal	0.0	arabidopsis_thaliana	Arabidopsis thaliana	Viridiplantae
M	8	False	internal	0.0	arabidopsis_thaliana	Arabidopsis thaliana	Viridiplantae
H	2	False	internal	0.0	arabidopsis_thaliana	Arabidopsis thaliana	Viridiplantae
A	2	False	internal	0.0	arabidopsis_thaliana	Arabidopsis thaliana	Viridiplantae
A	2	False	internal	0.0	arabidopsis_thaliana	Arabidopsis thaliana	Viridiplantae
G	1	True	terminal	0.5	arabidopsis_thaliana	Arabidopsis thaliana	Viridiplantae
T	11	False	internal	0.0	arabidopsis_thaliana	Arabidopsis thaliana	Viridiplantae
A	19	False	internal	0.0	arabidopsis_thaliana	Arabidopsis thaliana	Viridiplantae
A	9	False	internal	0.0	arabidopsis_thaliana	Arabidopsis thaliana	Viridiplantae
Y	2	False	internal	1.0	arabidopsis_thaliana	Arabidopsis thaliana	Viridiplantae
M	8	False	internal	0.0	arabidopsis_thaliana	Arabidopsis thaliana	Viridiplantae
H	1	True	terminal	0.0	arabidopsis_thaliana	Arabidopsis thaliana	Viridiplantae
S	8	False	internal	0.5	arabidopsis_thaliana	Arabidopsis thaliana	Viridiplantae
S	3	False	internal	0.5	arabidopsis_thaliana	Arabidopsis thaliana	Viridiplantae
Q	3	False	internal	0.8	arabidopsis_thaliana	Arabidopsis thaliana	Viridiplantae
K	1	True	terminal	0.0	arabidopsis_thaliana	Arabidopsis thaliana	Viridiplantae
D	11	False	internal	0.0	arabidopsis_thaliana	Arabidopsis thaliana	Viridiplantae
G	15	False	internal	0.5	arabidopsis_thaliana	Arabidopsis thaliana	Viridiplantae
K	2	False	internal	0.0	arabidopsis_thaliana	Arabidopsis thaliana	Viridiplantae
S	9	False	internal	0.5	arabidopsis_thaliana	Arabidopsis thaliana	Viridiplantae
R	6	False	internal	0.5	arabidopsis_thaliana	Arabidopsis thaliana	Viridiplantae
A	8	False	internal	0.0	arabidopsis_thaliana	Arabidopsis thaliana	Viridiplantae
S	10	False	internal	0.5	arabidopsis_thaliana	Arabidopsis thaliana	Viridiplantae
D	3	False	internal	0.0	arabidopsis_thaliana	Arabidopsis thaliana	Viridiplantae
N	1	True	terminal	0.8	arabidopsis_thaliana	Arabidopsis thaliana	Viridiplantae
G	12	False	internal	0.5	arabidopsis_thaliana	Arabidopsis thaliana	Viridiplantae
D	9	False	internal	0.0	arabidopsis_thaliana	Arabidopsis thaliana	Viridiplantae
V	16	False	internal	0.0	arabidopsis_thaliana	Arabidopsis thaliana	Viridiplantae
D	18	False	internal	0.0	arabidopsis_thaliana	Arabidopsis thaliana	Viridiplantae
N	1	True	terminal	0.8	arabidopsis_thaliana	Arabidopsis thaliana	Viridiplantae
G	10	False	internal	0.5	arabidopsis_thaliana	Arabidopsis thaliana	Viridiplantae
T	19	False	internal	0.0	arabidopsis_thaliana	Arabidopsis thaliana	Viridiplantae
S	3	False	internal	0.5	arabidopsis_thaliana	Arabidopsis thaliana	Viridiplantae
S	10	False	internal	0.5	arabidopsis_thaliana	Arabidopsis thaliana	Viridiplantae
T	2	False	internal	0.0	arabidopsis_thaliana	Arabidopsis thaliana	Viridiplantae
E	11	False	internal	0.0	arabidopsis_thaliana	Arabidopsis thaliana	Viridiplantae
H	12	False	internal	0.0	arabidopsis_thaliana	Arabidopsis thaliana	Viridiplantae
G	4	False	internal	0.5	arabidopsis_thaliana	Arabidopsis thaliana	Viridiplantae
Q	19	False	internal	0.8	arabidopsis_thaliana	Arabidopsis thaliana	Viridiplantae
L	7	False	internal	0.0	arabidopsis_thaliana	Arabidopsis thaliana	Viridiplantae
G	11	False	internal	0.5	arabidopsis_thaliana	Arabidopsis thaliana	Viridiplantae
R	2	False	internal	0.5	arabidopsis_thaliana	Arabidopsis thaliana	Viridiplantae
R	12	False	internal	0.5	arabidopsis_thaliana	Arabidopsis thaliana	Viridiplantae
Q	19	False	internal	0.8	arabidopsis_thaliana	Arabidopsis thaliana	Viridiplantae
H	9	False	internal	0.0	arabidopsis_thaliana	Arabidopsis thaliana	Viridiplantae
N	2	False	internal	0.8	arabidopsis_thaliana	Arabidopsis thaliana	Viridiplantae
S	16	False	internal	0.5	arabidopsis_thaliana	Arabidopsis thaliana	Viridiplantae
C	5	False	internal	0.0	arabidopsis_thaliana	Arabidopsis thaliana	Viridiplantae
A	20	True	terminal	0.0	arabidopsis_thaliana	Arabidopsis thaliana	Viridiplantae
P	2	False	internal	0.0	arabidopsis_thaliana	Arabidopsis thaliana	Viridiplantae
N	1	True	terminal	0.8	arabidopsis_thaliana	Arabidopsis thaliana	Viridiplantae
S	20	True	terminal	0.5	arabidopsis_thaliana	Arabidopsis thaliana	Viridiplantae
Q	13	False	internal	0.8	arabidopsis_thaliana	Arabidopsis thaliana	Viridiplantae
S	10	False	internal	0.5	arabidopsis_thaliana	Arabidopsis thaliana	Viridiplantae
W	9	False	internal	1.0	arabidopsis_thaliana	Arabidopsis thaliana	Viridiplantae
D	3	False	internal	0.0	arabidopsis_thaliana	Arabidopsis thaliana	Viridiplantae
G	9	False	internal	0.5	arabidopsis_thaliana	Arabidopsis thaliana	Viridiplantae
M	16	False	internal	0.0	arabidopsis_thaliana	Arabidopsis thaliana	Viridiplantae
T	1	True	terminal	0.0	arabidopsis_thaliana	Arabidopsis thaliana	Viridiplantae
G	7	False	internal	0.5	arabidopsis_thaliana	Arabidopsis thaliana	Viridiplantae
P	19	False	internal	0.0	arabidopsis_thaliana	Arabidopsis thaliana	Viridiplantae
N	18	False	internal	0.8	arabidopsis_thaliana	Arabidopsis thaliana	Viridiplantae
A	20	True	terminal	0.0	arabidopsis_thaliana	Arabidopsis thaliana	Viridiplantae
D	14	False	internal	0.0	arabidopsis_thaliana	Arabidopsis thaliana	Viridiplantae
G	3	False	internal	0.5	arabidopsis_thaliana	Arabidopsis thaliana	Viridiplantae
E	9	False	internal	0.0	arabidopsis_thaliana	Arabidopsis thaliana	Viridiplantae
S	1	True	terminal	0.5	arabidopsis_thaliana	Arabidopsis thaliana	Viridiplantae
T	7	False	internal	0.0	arabidopsis_thaliana	Arabidopsis thaliana	Viridiplantae
E	10	False	internal	0.0	arabidopsis_thaliana	Arabidopsis thaliana	Viridiplantae
H	11	False	internal	0.0	arabidopsis_thaliana	Arabidopsis thaliana	Viridiplantae
D	20	True	terminal	0.0	arabidopsis_thaliana	Arabidopsis thaliana	Viridiplantae
D	15	False	internal	0.0	arabidopsis_thaliana	Arabidopsis thaliana	Viridiplantae
R	18	False	internal	0.5	arabidopsis_thaliana	Arabidopsis thaliana	Viridiplantae
H	3	False	internal	0.0	arabidopsis_thaliana	Arabidopsis thaliana	Viridiplantae
C	8	False	internal	0.0	arabidopsis_thaliana	Arabidopsis thaliana	Viridiplantae
E	5	False	internal	0.0	arabidopsis_thaliana	Arabidopsis thaliana	Viridiplantae
H	3	False	internal	0.0	arabidopsis_thaliana	Arabidopsis thaliana	Viridiplantae
D	7	False	internal	0.0	arabidopsis_thaliana	Arabidopsis thaliana	Viridiplantae
P	12	False	internal	0.0	arabidopsis_thaliana	Arabidopsis thaliana	Viridiplantae
L	1	True	terminal	0.0	arabidopsis_thaliana	Arabidopsis thaliana	Viridiplantae
H	9	False	internal	0.0	arabidopsis_thaliana	Arabidopsis thaliana	Viridiplantae
S	1	True	terminal	0.5	arabidopsis_thaliana	Arabidopsis thaliana	Viridiplantae
G	8	False	internal	0.5	arabidopsis_thaliana	Arabidopsis thaliana	Viridiplantae
N	7	False	internal	0.8	arabidopsis_thaliana	Arabidopsis thaliana	Viridiplantae
E	19	False	internal	0.0	arabidopsis_thaliana	Arabidopsis thaliana	Viridiplantae
K	8	False	internal	0.0	arabidopsis_thaliana	Arabidopsis thaliana	Viridiplantae
E	20	True	terminal	0.0	arabidopsis_thaliana	Arabidopsis thaliana	Viridiplantae
D	3	False	internal	0.0	arabidopsis_thaliana	Arabidopsis thaliana	Viridiplantae
M	20	True	terminal	0.0	arabidopsis_thaliana	Arabidopsis thaliana	Viridiplantae
S	20	True	terminal	0.5	arabidopsis_thaliana	Arabidopsis thaliana	Viridiplantae
L	18	False	internal	0.0	arabidopsis_thaliana	Arabidopsis thaliana	Viridiplantae
S	1	True	terminal	0.5	arabidopsis_thaliana	Arabidopsis thaliana	Viridiplantae
Q	2	False	internal	0.8	arabidopsis_thaliana	Arabidopsis thaliana	Viridiplantae
E	19	False	internal	0.0	arabidopsis_thaliana	Arabidopsis thaliana	Viridiplantae
N	14	False	internal	0.8	arabidopsis_thaliana	Arabidopsis thaliana	Viridiplantae
L	1	True	terminal	0.0	arabidopsis_thaliana	Arabidopsis thaliana	Viridiplantae
D	7	False	internal	0.0	arabidopsis_thaliana	Arabidopsis thaliana	Viridiplantae
D	5	False	internal	0.0	arabidopsis_thaliana	Arabidopsis thaliana	Viridiplantae
G	20	True	terminal	0.5	arabidopsis_thaliana	Arabidopsis thaliana	Viridiplantae
K	9	False	internal	0.0	arabidopsis_thaliana	Arabidopsis thaliana	Viridiplantae
P	19	False	internal	0.0	arabidopsis_thaliana	Arabidopsis thaliana	Viridiplantae
A	8	False	internal	0.0	arabidopsis_thaliana	Arabidopsis thaliana	Viridiplantae
D	19	False	internal	0.0	arabidopsis_thaliana	Arabidopsis thaliana	Viridiplantae
N	19	False	internal	0.8	arabidopsis_thaliana	Arabidopsis thaliana	Viridiplantae
T	5	False	internal	0.0	arabidopsis_thaliana	Arabidopsis thaliana	Viridiplantae
S	8	False	internal	0.5	arabidopsis_thaliana	Arabidopsis thaliana	Viridiplantae
C	2	False	internal	0.0	arabidopsis_thaliana	Arabidopsis thaliana	Viridiplantae
S	8	False	internal	0.5	arabidopsis_thaliana	Arabidopsis thaliana	Viridiplantae
F	1	True	terminal	1.0	arabidopsis_thaliana	Arabidopsis thaliana	Viridiplantae
C	14	False	internal	0.0	arabidopsis_thaliana	Arabidopsis thaliana	Viridiplantae
S	1	True	terminal	0.5	arabidopsis_thaliana	Arabidopsis thaliana	Viridiplantae
Q	5	False	internal	0.8	arabidopsis_thaliana	Arabidopsis thaliana	Viridiplantae
L	1	True	terminal	0.0	arabidopsis_thaliana	Arabidopsis thaliana	Viridiplantae
G	2	False	internal	0.5	arabidopsis_thaliana	Arabidopsis thaliana	Viridiplantae
C	16	False	internal	0.0	arabidopsis_thaliana	Arabidopsis thaliana	Viridiplantae
D	12	False	internal	0.0	arabidopsis_thaliana	Arabidopsis thaliana	Viridiplantae
G	5	False	internal	0.5	arabidopsis_thaliana	Arabidopsis thaliana	Viridiplantae
K	16	False	internal	0.0	arabidopsis_thaliana	Arabidopsis thaliana	Viridiplantae
T	11	False	internal	0.0	arabidopsis_thaliana	Arabidopsis thaliana	Viridiplantae
S	3	False	internal	0.5	arabidopsis_thaliana	Arabidopsis thaliana	Viridiplantae
S	2	False	internal	0.5	arabidopsis_thaliana	Arabidopsis thaliana	Viridiplantae
Q	3	False	internal	0.8	arabidopsis_thaliana	Arabidopsis thaliana	Viridiplantae
S	5	False	internal	0.5	arabidopsis_thaliana	Arabidopsis thaliana	Viridiplantae
G	15	False	internal	0.5	arabidopsis_thaliana	Arabidopsis thaliana	Viridiplantae
T	1	True	terminal	0.0	arabidopsis_thaliana	Arabidopsis thaliana	Viridiplantae
D	20	True	terminal	0.0	arabidopsis_thaliana	Arabidopsis thaliana	Viridiplantae
D	12	False	internal	0.0	arabidopsis_thaliana	Arabidopsis thaliana	Viridiplantae
N	3	False	internal	0.8	arabidopsis_thaliana	Arabidopsis thaliana	Viridiplantae
G	2	False	internal	0.5	arabidopsis_thaliana	Arabidopsis thaliana	Viridiplantae
Q	4	False	internal	0.8	arabidopsis_thaliana	Arabidopsis thaliana	Viridiplantae
R	6	False	internal	0.5	arabidopsis_thaliana	Arabidopsis thaliana	Viridiplantae
C	7	False	internal	0.0	arabidopsis_thaliana	Arabidopsis thaliana	Viridiplantae
P	14	False	internal	0.0	arabidopsis_thaliana	Arabidopsis thaliana	Viridiplantae
P	4	False	internal	0.0	arabidopsis_thaliana	Arabidopsis thaliana	Viridiplantae
Q	19	False	internal	0.8	arabidopsis_thaliana	Arabidopsis thaliana	Viridiplantae
Q	19	False	internal	0.8	arabidopsis_thaliana	Arabidopsis thaliana	Viridiplantae
A	15	False	internal	0.0	arabidopsis_thaliana	Arabidopsis thaliana	Viridiplantae
Q	17	False	internal	0.8	arabidopsis_thaliana	Arabidopsis thaliana	Viridiplantae
Q	1	True	terminal	0.8	arabidopsis_thaliana	Arabidopsis thaliana	Viridiplantae
N	6	False	internal	0.8	arabidopsis_thaliana	Arabidopsis thaliana	Viridiplantae
D	10	False	internal	0.0	arabidopsis_thaliana	Arabidopsis thaliana	Viridiplantae
T	12	False	internal	0.0	arabidopsis_thaliana	Arabidopsis thaliana	Viridiplantae
C	1	True	terminal	0.0	arabidopsis_thaliana	Arabidopsis thaliana	Viridiplantae
H	5	False	internal	0.0	arabidopsis_thaliana	Arabidopsis thaliana	Viridiplantae
G	2	False	internal	0.5	arabidopsis_thaliana	Arabidopsis thaliana	Viridiplantae
M	1	True	terminal	0.0	arabidopsis_thaliana	Arabidopsis thaliana	Viridiplantae
P	20	True	terminal	0.0	arabidopsis_thaliana	Arabidopsis thaliana	Viridiplantae
D	16	False	internal	0.0	arabidopsis_thaliana	Arabidopsis thaliana	Viridiplantae
D	20	True	terminal	0.0	arabidopsis_thaliana	Arabidopsis thaliana	Viridiplantae
L	1	True	terminal	0.0	arabidopsis_thaliana	Arabidopsis thaliana	Viridiplantae
A	18	False	internal	0.0	arabidopsis_thaliana	Arabidopsis thaliana	Viridiplantae
G	2	False	internal	0.5	arabidopsis_thaliana	Arabidopsis thaliana	Viridiplantae
R	20	True	terminal	0.5	arabidopsis_thaliana	Arabidopsis thaliana	Viridiplantae
G	5	False	internal	0.5	arabidopsis_thaliana	Arabidopsis thaliana	Viridiplantae
H	2	False	internal	0.0	arabidopsis_thaliana	Arabidopsis thaliana	Viridiplantae
A	19	False	internal	0.0	arabidopsis_thaliana	Arabidopsis thaliana	Viridiplantae
C	13	False	internal	0.0	arabidopsis_thaliana	Arabidopsis thaliana	Viridiplantae
T	12	False	internal	0.0	arabidopsis_thaliana	Arabidopsis thaliana	Viridiplantae
S	7	False	internal	0.5	arabidopsis_thaliana	Arabidopsis thaliana	Viridiplantae
R	1	True	terminal	0.5	arabidopsis_thaliana	Arabidopsis thaliana	Viridiplantae
P	4	False	internal	0.0	arabidopsis_thaliana	Arabidopsis thaliana	Viridiplantae
Y	20	True	terminal	1.0	arabidopsis_thaliana	Arabidopsis thaliana	Viridiplantae
T	3	False	internal	0.0	arabidopsis_thaliana	Arabidopsis thaliana	Viridiplantae
M	6	False	internal	0.0	arabidopsis_thaliana	Arabidopsis thaliana	Viridiplantae
S	1	True	terminal	0.5	arabidopsis_thaliana	Arabidopsis thaliana	Viridiplantae
Q	20	True	terminal	0.8	arabidopsis_thaliana	Arabidopsis thaliana	Viridiplantae
E	19	False	internal	0.0	arabidopsis_thaliana	Arabidopsis thaliana	Viridiplantae
E	20	True	terminal	0.0	arabidopsis_thaliana	Arabidopsis thaliana	Viridiplantae
P	10	False	internal	0.0	arabidopsis_thaliana	Arabidopsis thaliana	Viridiplantae
W	19	False	internal	1.0	arabidopsis_thaliana	Arabidopsis thaliana	Viridiplantae
S	19	False	internal	0.5	arabidopsis_thaliana	Arabidopsis thaliana	Viridiplantae
C	17	False	internal	0.0	arabidopsis_thaliana	Arabidopsis thaliana	Viridiplantae
Q	3	False	internal	0.8	arabidopsis_thaliana	Arabidopsis thaliana	Viridiplantae
L	1	True	terminal	0.0	arabidopsis_thaliana	Arabidopsis thaliana	Viridiplantae
S	6	False	internal	0.5	arabidopsis_thaliana	Arabidopsis thaliana	Viridiplantae
E	19	False	internal	0.0	arabidopsis_thaliana	Arabidopsis thaliana	Viridiplantae
L	1	True	terminal	0.0	arabidopsis_thaliana	Arabidopsis thaliana	Viridiplantae
S	17	False	internal	0.5	arabidopsis_thaliana	Arabidopsis thaliana	Viridiplantae
L	4	False	internal	0.0	arabidopsis_thaliana	Arabidopsis thaliana	Viridiplantae
P	5	False	internal	0.0	arabidopsis_thaliana	Arabidopsis thaliana	Viridiplantae
C	1	True	terminal	0.0	arabidopsis_thaliana	Arabidopsis thaliana	Viridiplantae
P	3	False	internal	0.0	arabidopsis_thaliana	Arabidopsis thaliana	Viridiplantae
P	3	False	internal	0.0	arabidopsis_thaliana	Arabidopsis thaliana	Viridiplantae
P	1	True	terminal	0.0	arabidopsis_thaliana	Arabidopsis thaliana	Viridiplantae
E	9	False	internal	0.0	arabidopsis_thaliana	Arabidopsis thaliana	Viridiplantae
A	19	False	internal	0.0	arabidopsis_thaliana	Arabidopsis thaliana	Viridiplantae
E	18	False	internal	0.0	arabidopsis_thaliana	Arabidopsis thaliana	Viridiplantae
S	20	True	terminal	0.5	arabidopsis_thaliana	Arabidopsis thaliana	Viridiplantae
C	10	False	internal	0.0	arabidopsis_thaliana	Arabidopsis thaliana	Viridiplantae
A	1	True	terminal	0.0	arabidopsis_thaliana	Arabidopsis thaliana	Viridiplantae
P	2	False	internal	0.0	arabidopsis_thaliana	Arabidopsis thaliana	Viridiplantae
V	7	False	internal	0.0	arabidopsis_thaliana	Arabidopsis thaliana	Viridiplantae
Q	2	False	internal	0.8	arabidopsis_thaliana	Arabidopsis thaliana	Viridiplantae
E	20	True	terminal	0.0	arabidopsis_thaliana	Arabidopsis thaliana	Viridiplantae
G	14	False	internal	0.5	arabidopsis_thaliana	Arabidopsis thaliana	Viridiplantae
H	3	False	internal	0.0	arabidopsis_thaliana	Arabidopsis thaliana	Viridiplantae
Q	4	False	internal	0.8	arabidopsis_thaliana	Arabidopsis thaliana	Viridiplantae
W	14	False	internal	1.0	arabidopsis_thaliana	Arabidopsis thaliana	Viridiplantae
G	8	False	internal	0.5	arabidopsis_thaliana	Arabidopsis thaliana	Viridiplantae
S	1	True	terminal	0.5	arabidopsis_thaliana	Arabidopsis thaliana	Viridiplantae
D	8	False	internal	0.0	arabidopsis_thaliana	Arabidopsis thaliana	Viridiplantae
P	20	True	terminal	0.0	arabidopsis_thaliana	Arabidopsis thaliana	Viridiplantae
A	20	True	terminal	0.0	arabidopsis_thaliana	Arabidopsis thaliana	Viridiplantae
H	12	False	internal	0.0	arabidopsis_thaliana	Arabidopsis thaliana	Viridiplantae
K	19	False	internal	0.0	arabidopsis_thaliana	Arabidopsis thaliana	Viridiplantae
C	13	False	internal	0.0	arabidopsis_thaliana	Arabidopsis thaliana	Viridiplantae
A	15	False	internal	0.0	arabidopsis_thaliana	Arabidopsis thaliana	Viridiplantae
Y	19	False	internal	1.0	arabidopsis_thaliana	Arabidopsis thaliana	Viridiplantae
M	17	False	internal	0.0	arabidopsis_thaliana	Arabidopsis thaliana	Viridiplantae
P	9	False	internal	0.0	arabidopsis_thaliana	Arabidopsis thaliana	Viridiplantae
H	1	True	terminal	0.0	arabidopsis_thaliana	Arabidopsis thaliana	Viridiplantae
E	1	True	terminal	0.0	arabidopsis_thaliana	Arabidopsis thaliana	Viridiplantae
P	17	False	internal	0.0	arabidopsis_thaliana	Arabidopsis thaliana	Viridiplantae
S	3	False	internal	0.5	arabidopsis_thaliana	Arabidopsis thaliana	Viridiplantae
A	9	False	internal	0.0	arabidopsis_thaliana	Arabidopsis thaliana	Viridiplantae
S	2	False	internal	0.5	arabidopsis_thaliana	Arabidopsis thaliana	Viridiplantae
G	9	False	internal	0.5	arabidopsis_thaliana	Arabidopsis thaliana	Viridiplantae
K	7	False	internal	0.0	arabidopsis_thaliana	Arabidopsis thaliana	Viridiplantae
D	6	False	internal	0.0	arabidopsis_thaliana	Arabidopsis thaliana	Viridiplantae
R	6	False	internal	0.5	arabidopsis_thaliana	Arabidopsis thaliana	Viridiplantae
S	1	True	terminal	0.5	arabidopsis_thaliana	Arabidopsis thaliana	Viridiplantae
S	15	False	internal	0.5	arabidopsis_thaliana	Arabidopsis thaliana	Viridiplantae
N	11	False	internal	0.8	arabidopsis_thaliana	Arabidopsis thaliana	Viridiplantae
T	14	False	internal	0.0	arabidopsis_thaliana	Arabidopsis thaliana	Viridiplantae
T	9	False	internal	0.0	arabidopsis_thaliana	Arabidopsis thaliana	Viridiplantae
S	17	False	internal	0.5	arabidopsis_thaliana	Arabidopsis thaliana	Viridiplantae
A	13	False	internal	0.0	arabidopsis_thaliana	Arabidopsis thaliana	Viridiplantae
D	20	True	terminal	0.0	arabidopsis_thaliana	Arabidopsis thaliana	Viridiplantae
H	4	False	internal	0.0	arabidopsis_thaliana	Arabidopsis thaliana	Viridiplantae
C	1	True	terminal	0.0	arabidopsis_thaliana	Arabidopsis thaliana	Viridiplantae
G	12	False	internal	0.5	arabidopsis_thaliana	Arabidopsis thaliana	Viridiplantae
P	3	False	internal	0.0	arabidopsis_thaliana	Arabidopsis thaliana	Viridiplantae
A	9	False	internal	0.0	arabidopsis_thaliana	Arabidopsis thaliana	Viridiplantae
P	2	False	internal	0.0	arabidopsis_thaliana	Arabidopsis thaliana	Viridiplantae
E	20	True	terminal	0.0	arabidopsis_thaliana	Arabidopsis thaliana	Viridiplantae
V	5	False	internal	0.0	arabidopsis_thaliana	Arabidopsis thaliana	Viridiplantae
N	12	False	internal	0.8	arabidopsis_thaliana	Arabidopsis thaliana	Viridiplantae
N	19	False	internal	0.8	arabidopsis_thaliana	Arabidopsis thaliana	Viridiplantae
P	8	False	internal	0.0	arabidopsis_thaliana	Arabidopsis thaliana	Viridiplantae
C	1	True	terminal	0.0	arabidopsis_thaliana	Arabidopsis thaliana	Viridiplantae
A	9	False	internal	0.0	arabidopsis_thaliana	Arabidopsis thaliana	Viridiplantae
D	11	False	internal	0.0	arabidopsis_thaliana	Arabidopsis thaliana	Viridiplantae
R	5	False	internal	0.5	arabidopsis_thaliana	Arabidopsis thaliana	Viridiplantae
H	6	False	internal	0.0	arabidopsis_thaliana	Arabidopsis thaliana	Viridiplantae
C	2	False	internal	0.0	arabidopsis_thaliana	Arabidopsis thaliana	Viridiplantae
P	4	False	internal	0.0	arabidopsis_thaliana	Arabidopsis thaliana	Viridiplantae
A	4	False	internal	0.0	arabidopsis_thaliana	Arabidopsis thaliana	Viridiplantae
E	1	True	terminal	0.0	arabidopsis_thaliana	Arabidopsis thaliana	Viridiplantae
A	1	True	terminal	0.0	arabidopsis_thaliana	Arabidopsis thaliana	Viridiplantae
G	7	False	internal	0.5	arabidopsis_thaliana	Arabidopsis thaliana	Viridiplantae
E	14	False	internal	0.0	arabidopsis_thaliana	Arabidopsis thaliana	Viridiplantae
P	17	False	internal	0.0	arabidopsis_thaliana	Arabidopsis thaliana	Viridiplantae
C	20	True	terminal	0.0	arabidopsis_thaliana	Arabidopsis thaliana	Viridiplantae
G	1	True	terminal	0.5	arabidopsis_thaliana	Arabidopsis thaliana	Viridiplantae
S	7	False	internal	0.5	arabidopsis_thaliana	Arabidopsis thaliana	Viridiplantae
N	1	True	terminal	0.8	arabidopsis_thaliana	Arabidopsis thaliana	Viridiplantae
P	18	False	internal	0.0	arabidopsis_thaliana	Arabidopsis thaliana	Viridiplantae
A	19	False	internal	0.0	arabidopsis_thaliana	Arabidopsis thaliana	Viridiplantae
Q	18	False	internal	0.8	arabidopsis_thaliana	Arabidopsis thaliana	Viridiplantae
D	12	False	internal	0.0	arabidopsis_thaliana	Arabidopsis thaliana	Viridiplantae
D	9	False	internal	0.0	arabidopsis_thaliana	Arabidopsis thaliana	Viridiplantae
C	2	False	internal	0.0	arabidopsis_thaliana	Arabidopsis thaliana	Viridiplantae
S	1	True	terminal	0.5	arabidopsis_thaliana	Arabidopsis thaliana	Viridiplantae
S	1	True	terminal	0.5	arabidopsis_thaliana	Arabidopsis thaliana	Viridiplantae
L	20	True	terminal	0.0	arabidopsis_thaliana	Arabidopsis thaliana	Viridiplantae
S	18	False	internal	0.5	arabidopsis_thaliana	Arabidopsis thaliana	Viridiplantae
E	20	True	terminal	0.0	arabidopsis_thaliana	Arabidopsis thaliana	Viridiplantae
G	15	False	internal	0.5	arabidopsis_thaliana	Arabidopsis thaliana	Viridiplantae
Q	2	False	internal	0.8	arabidopsis_thaliana	Arabidopsis thaliana	Viridiplantae
D	15	False	internal	0.0	arabidopsis_thaliana	Arabidopsis thaliana	Viridiplantae
Q	13	False	internal	0.8	arabidopsis_thaliana	Arabidopsis thaliana	Viridiplantae
N	11	False	internal	0.8	arabidopsis_thaliana	Arabidopsis thaliana	Viridiplantae
G	2	False	internal	0.5	arabidopsis_thaliana	Arabidopsis thaliana	Viridiplantae
Q	2	False	internal	0.8	arabidopsis_thaliana	Arabidopsis thaliana	Viridiplantae
N	3	False	internal	0.8	arabidopsis_thaliana	Arabidopsis thaliana	Viridiplantae
G	5	False	internal	0.5	arabidopsis_thaliana	Arabidopsis thaliana	Viridiplantae
C	7	False	internal	0.0	arabidopsis_thaliana	Arabidopsis thaliana	Viridiplantae
D	8	False	internal	0.0	arabidopsis_thaliana	Arabidopsis thaliana	Viridiplantae
E	12	False	internal	0.0	arabidopsis_thaliana	Arabidopsis thaliana	Viridiplantae
Q	5	False	internal	0.8	arabidopsis_thaliana	Arabidopsis thaliana	Viridiplantae
S	1	True	terminal	0.5	arabidopsis_thaliana	Arabidopsis thaliana	Viridiplantae
A	9	False	internal	0.0	arabidopsis_thaliana	Arabidopsis thaliana	Viridiplantae
G	2	False	internal	0.5	arabidopsis_thaliana	Arabidopsis thaliana	Viridiplantae
L	1	True	terminal	0.0	arabidopsis_thaliana	Arabidopsis thaliana	Viridiplantae
P	4	False	internal	0.0	arabidopsis_thaliana	Arabidopsis thaliana	Viridiplantae
E	1	True	terminal	0.0	arabidopsis_thaliana	Arabidopsis thaliana	Viridiplantae
Q	3	False	internal	0.8	arabidopsis_thaliana	Arabidopsis thaliana	Viridiplantae
S	8	False	internal	0.5	arabidopsis_thaliana	Arabidopsis thaliana	Viridiplantae
G	8	False	internal	0.5	arabidopsis_thaliana	Arabidopsis thaliana	Viridiplantae
D	15	False	internal	0.0	arabidopsis_thaliana	Arabidopsis thaliana	Viridiplantae
F	1	True	terminal	1.0	arabidopsis_thaliana	Arabidopsis thaliana	Viridiplantae
H	20	True	terminal	0.0	arabidopsis_thaliana	Arabidopsis thaliana	Viridiplantae
C	7	False	internal	0.0	arabidopsis_thaliana	Arabidopsis thaliana	Viridiplantae
G	16	False	internal	0.5	arabidopsis_thaliana	Arabidopsis thaliana	Viridiplantae
F	1	True	terminal	1.0	arabidopsis_thaliana	Arabidopsis thaliana	Viridiplantae
E	19	False	internal	0.0	arabidopsis_thaliana	Arabidopsis thaliana	Viridiplantae
S	1	True	terminal	0.5	arabidopsis_thaliana	Arabidopsis thaliana	Viridiplantae
E	7	False	internal	0.0	arabidopsis_thaliana	Arabidopsis thaliana	Viridiplantae
K	14	False	internal	0.0	arabidopsis_thaliana	Arabidopsis thaliana	Viridiplantae
E	5	False	internal	0.0	arabidopsis_thaliana	Arabidopsis thaliana	Viridiplantae
G	6	False	internal	0.5	arabidopsis_thaliana	Arabidopsis thaliana	Viridiplantae
S	2	False	internal	0.5	arabidopsis_thaliana	Arabidopsis thaliana	Viridiplantae
C	8	False	internal	0.0	arabidopsis_thaliana	Arabidopsis thaliana	Viridiplantae
D	8	False	internal	0.0	arabidopsis_thaliana	Arabidopsis thaliana	Viridiplantae
W	10	False	internal	1.0	arabidopsis_thaliana	Arabidopsis thaliana	Viridiplantae
S	6	False	internal	0.5	arabidopsis_thaliana	Arabidopsis thaliana	Viridiplantae
H	3	False	internal	0.0	arabidopsis_thaliana	Arabidopsis thaliana	Viridiplantae
R	13	False	internal	0.5	arabidopsis_thaliana	Arabidopsis thaliana	Viridiplantae
P	16	False	internal	0.0	arabidopsis_thaliana	Arabidopsis thaliana	Viridiplantae
P	15	False	internal	0.0	arabidopsis_thaliana	Arabidopsis thaliana	Viridiplantae
K	18	False	internal	0.0	arabidopsis_thaliana	Arabidopsis thaliana	Viridiplantae
G	10	False	internal	0.5	arabidopsis_thaliana	Arabidopsis thaliana	Viridiplantae
D	19	False	internal	0.0	arabidopsis_thaliana	Arabidopsis thaliana	Viridiplantae
W	10	False	internal	1.0	arabidopsis_thaliana	Arabidopsis thaliana	Viridiplantae
R	6	False	internal	0.5	arabidopsis_thaliana	Arabidopsis thaliana	Viridiplantae
S	2	False	internal	0.5	arabidopsis_thaliana	Arabidopsis thaliana	Viridiplantae
S	9	False	internal	0.5	arabidopsis_thaliana	Arabidopsis thaliana	Viridiplantae
G	2	False	internal	0.5	arabidopsis_thaliana	Arabidopsis thaliana	Viridiplantae
E	4	False	internal	0.0	arabidopsis_thaliana	Arabidopsis thaliana	Viridiplantae
A	2	False	internal	0.0	arabidopsis_thaliana	Arabidopsis thaliana	Viridiplantae
S	18	False	internal	0.5	arabidopsis_thaliana	Arabidopsis thaliana	Viridiplantae
Q	3	False	internal	0.8	arabidopsis_thaliana	Arabidopsis thaliana	Viridiplantae
G	3	False	internal	0.5	arabidopsis_thaliana	Arabidopsis thaliana	Viridiplantae
T	14	False	internal	0.0	arabidopsis_thaliana	Arabidopsis thaliana	Viridiplantae
G	1	True	terminal	0.5	arabidopsis_thaliana	Arabidopsis thaliana	Viridiplantae
G	1	True	terminal	0.5	arabidopsis_thaliana	Arabidopsis thaliana	Viridiplantae
T	19	False	internal	0.0	arabidopsis_thaliana	Arabidopsis thaliana	Viridiplantae
E	19	False	internal	0.0	arabidopsis_thaliana	Arabidopsis thaliana	Viridiplantae
H	2	False	internal	0.0	arabidopsis_thaliana	Arabidopsis thaliana	Viridiplantae
G	3	False	internal	0.5	arabidopsis_thaliana	Arabidopsis thaliana	Viridiplantae
T	4	False	internal	0.0	arabidopsis_thaliana	Arabidopsis thaliana	Viridiplantae
K	3	False	internal	0.0	arabidopsis_thaliana	Arabidopsis thaliana	Viridiplantae
W	3	False	internal	1.0	arabidopsis_thaliana	Arabidopsis thaliana	Viridiplantae
A	6	False	internal	0.0	arabidopsis_thaliana	Arabidopsis thaliana	Viridiplantae
S	5	False	internal	0.5	arabidopsis_thaliana	Arabidopsis thaliana	Viridiplantae
L	2	False	internal	0.0	arabidopsis_thaliana	Arabidopsis thaliana	Viridiplantae
K	3	False	internal	0.0	arabidopsis_thaliana	Arabidopsis thaliana	Viridiplantae
S	1	True	terminal	0.5	arabidopsis_thaliana	Arabidopsis thaliana	Viridiplantae
D	16	False	internal	0.0	arabidopsis_thaliana	Arabidopsis thaliana	Viridiplantae
G	1	True	terminal	0.5	arabidopsis_thaliana	Arabidopsis thaliana	Viridiplantae
C	8	False	internal	0.0	arabidopsis_thaliana	Arabidopsis thaliana	Viridiplantae
Q	2	False	internal	0.8	arabidopsis_thaliana	Arabidopsis thaliana	Viridiplantae
G	12	False	internal	0.5	arabidopsis_thaliana	Arabidopsis thaliana	Viridiplantae
T	4	False	internal	0.0	arabidopsis_thaliana	Arabidopsis thaliana	Viridiplantae
F	9	False	internal	1.0	arabidopsis_thaliana	Arabidopsis thaliana	Viridiplantae
L	9	False	internal	0.0	arabidopsis_thaliana	Arabidopsis thaliana	Viridiplantae
P	2	False	internal	0.0	arabidopsis_thaliana	Arabidopsis thaliana	Viridiplantae
T	18	False	internal	0.0	arabidopsis_thaliana	Arabidopsis thaliana	Viridiplantae
D	13	False	internal	0.0	arabidopsis_thaliana	Arabidopsis thaliana	Viridiplantae
G	7	False	internal	0.5	arabidopsis_thaliana	Arabidopsis thaliana	Viridiplantae
D	7	False	internal	0.0	arabidopsis_thaliana	Arabidopsis thaliana	Viridiplantae
G	11	False	internal	0.5	arabidopsis_thaliana	Arabidopsis thaliana	Viridiplantae
S	5	False	internal	0.5	arabidopsis_thaliana	Arabidopsis thaliana	Viridiplantae
A	2	False	internal	0.0	arabidopsis_thaliana	Arabidopsis thaliana	Viridiplantae
N	20	True	terminal	0.8	arabidopsis_thaliana	Arabidopsis thaliana	Viridiplantae
H	1	True	terminal	0.0	arabidopsis_thaliana	Arabidopsis thaliana	Viridiplantae
G	3	False	internal	0.5	arabidopsis_thaliana	Arabidopsis thaliana	Viridiplantae
H	1	True	terminal	0.0	arabidopsis_thaliana	Arabidopsis thaliana	Viridiplantae
H	3	False	internal	0.0	arabidopsis_thaliana	Arabidopsis thaliana	Viridiplantae
E	13	False	internal	0.0	arabidopsis_thaliana	Arabidopsis thaliana	Viridiplantae
W	8	False	internal	1.0	arabidopsis_thaliana	Arabidopsis thaliana	Viridiplantae
N	14	False	internal	0.8	arabidopsis_thaliana	Arabidopsis thaliana	Viridiplantae
N	10	False	internal	0.8	arabidopsis_thaliana	Arabidopsis thaliana	Viridiplantae
H	14	False	internal	0.0	arabidopsis_thaliana	Arabidopsis thaliana	Viridiplantae
F	1	True	terminal	1.0	arabidopsis_thaliana	Arabidopsis thaliana	Viridiplantae
L	11	False	internal	0.0	arabidopsis_thaliana	Arabidopsis thaliana	Viridiplantae
P	14	False	internal	0.0	arabidopsis_thaliana	Arabidopsis thaliana	Viridiplantae
S	16	False	internal	0.5	arabidopsis_thaliana	Arabidopsis thaliana	Viridiplantae
M	7	False	internal	0.0	arabidopsis_thaliana	Arabidopsis thaliana	Viridiplantae
N	6	False	internal	0.8	arabidopsis_thaliana	Arabidopsis thaliana	Viridiplantae
T	4	False	internal	0.0	arabidopsis_thaliana	Arabidopsis thaliana	Viridiplantae
G	19	False	internal	0.5	arabidopsis_thaliana	Arabidopsis thaliana	Viridiplantae
A	13	False	internal	0.0	arabidopsis_thaliana	Arabidopsis thaliana	Viridiplantae
A	1	True	terminal	0.0	arabidopsis_thaliana	Arabidopsis thaliana	Viridiplantae
D	20	True	terminal	0.0	arabidopsis_thaliana	Arabidopsis thaliana	Viridiplantae
S	2	False	internal	0.5	arabidopsis_thaliana	Arabidopsis thaliana	Viridiplantae
S	3	False	internal	0.5	arabidopsis_thaliana	Arabidopsis thaliana	Viridiplantae
S	20	True	terminal	0.5	arabidopsis_thaliana	Arabidopsis thaliana	Viridiplantae
R	12	False	internal	0.5	arabidopsis_thaliana	Arabidopsis thaliana	Viridiplantae
H	15	False	internal	0.0	arabidopsis_thaliana	Arabidopsis thaliana	Viridiplantae
G	8	False	internal	0.5	arabidopsis_thaliana	Arabidopsis thaliana	Viridiplantae
N	20	True	terminal	0.8	arabidopsis_thaliana	Arabidopsis thaliana	Viridiplantae
Q	3	False	internal	0.8	arabidopsis_thaliana	Arabidopsis thaliana	Viridiplantae
E	17	False	internal	0.0	arabidopsis_thaliana	Arabidopsis thaliana	Viridiplantae
L	2	False	internal	0.0	arabidopsis_thaliana	Arabidopsis thaliana	Viridiplantae
D	3	False	internal	0.0	arabidopsis_thaliana	Arabidopsis thaliana	Viridiplantae
F	18	False	internal	1.0	arabidopsis_thaliana	Arabidopsis thaliana	Viridiplantae
Q	1	True	terminal	0.8	arabidopsis_thaliana	Arabidopsis thaliana	Viridiplantae
F	2	False	internal	1.0	arabidopsis_thaliana	Arabidopsis thaliana	Viridiplantae
A	14	False	internal	0.0	arabidopsis_thaliana	Arabidopsis thaliana	Viridiplantae
Q	19	False	internal	0.8	arabidopsis_thaliana	Arabidopsis thaliana	Viridiplantae
T	12	False	internal	0.0	arabidopsis_thaliana	Arabidopsis thaliana	Viridiplantae
M	6	False	internal	0.0	arabidopsis_thaliana	Arabidopsis thaliana	Viridiplantae
E	16	False	internal	0.0	arabidopsis_thaliana	Arabidopsis thaliana	Viridiplantae
Q	2	False	internal	0.8	arabidopsis_thaliana	Arabidopsis thaliana	Viridiplantae
W	11	False	internal	1.0	arabidopsis_thaliana	Arabidopsis thaliana	Viridiplantae
G	20	True	terminal	0.5	arabidopsis_thaliana	Arabidopsis thaliana	Viridiplantae
N	17	False	internal	0.8	arabidopsis_thaliana	Arabidopsis thaliana	Viridiplantae
M	15	False	internal	0.0	arabidopsis_thaliana	Arabidopsis thaliana	Viridiplantae
L	2	False	internal	0.0	arabidopsis_thaliana	Arabidopsis thaliana	Viridiplantae
C	20	True	terminal	0.0	arabidopsis_thaliana	Arabidopsis thaliana	Viridiplantae
R	20	True	terminal	0.5	arabidopsis_thaliana	Arabidopsis thaliana	Viridiplantae
C	7	False	internal	0.0	arabidopsis_thaliana	Arabidopsis thaliana	Viridiplantae
S	1	True	terminal	0.5	arabidopsis_thaliana	Arabidopsis thaliana	Viridiplantae
V	2	False	internal	0.0	arabidopsis_thaliana	Arabidopsis thaliana	Viridiplantae
C	5	False	internal	0.0	arabidopsis_thaliana	Arabidopsis thaliana	Viridiplantae
S	19	False	internal	0.5	arabidopsis_thaliana	Arabidopsis thaliana	Viridiplantae
C	5	False	internal	0.0	arabidopsis_thaliana	Arabidopsis thaliana	Viridiplantae
G	3	False	internal	0.5	arabidopsis_thaliana	Arabidopsis thaliana	Viridiplantae
L	1	True	terminal	0.0	arabidopsis_thaliana	Arabidopsis thaliana	Viridiplantae
S	1	True	terminal	0.5	arabidopsis_thaliana	Arabidopsis thaliana	Viridiplantae
K	19	False	internal	0.0	arabidopsis_thaliana	Arabidopsis thaliana	Viridiplantae
C	5	False	internal	0.0	arabidopsis_thaliana	Arabidopsis thaliana	Viridiplantae
K	1	True	terminal	0.0	arabidopsis_thaliana	Arabidopsis thaliana	Viridiplantae
G	19	False	internal	0.5	arabidopsis_thaliana	Arabidopsis thaliana	Viridiplantae
E	12	False	internal	0.0	arabidopsis_thaliana	Arabidopsis thaliana	Viridiplantae
P	3	False	internal	0.0	arabidopsis_thaliana	Arabidopsis thaliana	Viridiplantae
K	17	False	internal	0.0	arabidopsis_thaliana	Arabidopsis thaliana	Viridiplantae
W	17	False	internal	1.0	arabidopsis_thaliana	Arabidopsis thaliana	Viridiplantae
D	14	False	internal	0.0	arabidopsis_thaliana	Arabidopsis thaliana	Viridiplantae
G	3	False	internal	0.5	arabidopsis_thaliana	Arabidopsis thaliana	Viridiplantae
T	13	False	internal	0.0	arabidopsis_thaliana	Arabidopsis thaliana	Viridiplantae
A	16	False	internal	0.0	arabidopsis_thaliana	Arabidopsis thaliana	Viridiplantae
L	1	True	terminal	0.0	arabidopsis_thaliana	Arabidopsis thaliana	Viridiplantae
K	9	False	internal	0.0	arabidopsis_thaliana	Arabidopsis thaliana	Viridiplantae
T	9	False	internal	0.0	arabidopsis_thaliana	Arabidopsis thaliana	Viridiplantae
W	14	False	internal	1.0	arabidopsis_thaliana	Arabidopsis thaliana	Viridiplantae
S	1	True	terminal	0.5	arabidopsis_thaliana	Arabidopsis thaliana	Viridiplantae
E	20	True	terminal	0.0	arabidopsis_thaliana	Arabidopsis thaliana	Viridiplantae
S	10	False	internal	0.5	arabidopsis_thaliana	Arabidopsis thaliana	Viridiplantae
G	15	False	internal	0.5	arabidopsis_thaliana	Arabidopsis thaliana	Viridiplantae
P	15	False	internal	0.0	arabidopsis_thaliana	Arabidopsis thaliana	Viridiplantae
C	14	False	internal	0.0	arabidopsis_thaliana	Arabidopsis thaliana	Viridiplantae
E	19	False	internal	0.0	arabidopsis_thaliana	Arabidopsis thaliana	Viridiplantae
S	13	False	internal	0.5	arabidopsis_thaliana	Arabidopsis thaliana	Viridiplantae
G	16	False	internal	0.5	arabidopsis_thaliana	Arabidopsis thaliana	Viridiplantae
C	4	False	internal	0.0	arabidopsis_thaliana	Arabidopsis thaliana	Viridiplantae
H	11	False	internal	0.0	arabidopsis_thaliana	Arabidopsis thaliana	Viridiplantae
S	15	False	internal	0.5	arabidopsis_thaliana	Arabidopsis thaliana	Viridiplantae
T	16	False	internal	0.0	arabidopsis_thaliana	Arabidopsis thaliana	Viridiplantae
E	20	True	terminal	0.0	arabidopsis_thaliana	Arabidopsis thaliana	Viridiplantae
R	1	True	terminal	0.5	arabidopsis_thaliana	Arabidopsis thaliana	Viridiplantae
K	6	False	internal	0.0	arabidopsis_thaliana	Arabidopsis thaliana	Viridiplantae
Q	2	False	internal	0.8	arabidopsis_thaliana	Arabidopsis thaliana	Viridiplantae
T	6	False	internal	0.0	arabidopsis_thaliana	Arabidopsis thaliana	Viridiplantae
K	19	False	internal	0.0	arabidopsis_thaliana	Arabidopsis thaliana	Viridiplantae
E	17	False	internal	0.0	arabidopsis_thaliana	Arabidopsis thaliana	Viridiplantae
H	5	False	internal	0.0	arabidopsis_thaliana	Arabidopsis thaliana	Viridiplantae
I	2	False	internal	0.0	arabidopsis_thaliana	Arabidopsis thaliana	Viridiplantae
F	2	False	internal	1.0	arabidopsis_thaliana	Arabidopsis thaliana	Viridiplantae
F	2	False	internal	1.0	arabidopsis_thaliana	Arabidopsis thaliana	Viridiplantae
P	2	False	internal	0.0	arabidopsis_thaliana	Arabidopsis thaliana	Viridiplantae
E	14	False	internal	0.0	arabidopsis_thaliana	Arabidopsis thaliana	Viridiplantae
N	14	False	internal	0.8	arabidopsis_thaliana	Arabidopsis thaliana	Viridiplantae
E	18	False	internal	0.0	arabidopsis_thaliana	Arabidopsis thaliana	Viridiplantae
K	4	False	internal	0.0	arabidopsis_thaliana	Arabidopsis thaliana	Viridiplantae
G	1	True	terminal	0.5	arabidopsis_thaliana	Arabidopsis thaliana	Viridiplantae
E	19	False	internal	0.0	arabidopsis_thaliana	Arabidopsis thaliana	Viridiplantae
S	20	True	terminal	0.5	arabidopsis_thaliana	Arabidopsis thaliana	Viridiplantae
E	6	False	internal	0.0	arabidopsis_thaliana	Arabidopsis thaliana	Viridiplantae
Q	20	True	terminal	0.8	arabidopsis_thaliana	Arabidopsis thaliana	Viridiplantae
N	20	True	terminal	0.8	arabidopsis_thaliana	Arabidopsis thaliana	Viridiplantae
P	1	True	terminal	0.0	arabidopsis_thaliana	Arabidopsis thaliana	Viridiplantae
D	20	True	terminal	0.0	arabidopsis_thaliana	Arabidopsis thaliana	Viridiplantae
N	19	False	internal	0.8	arabidopsis_thaliana	Arabidopsis thaliana	Viridiplantae
E	2	False	internal	0.0	arabidopsis_thaliana	Arabidopsis thaliana	Viridiplantae
A	16	False	internal	0.0	arabidopsis_thaliana	Arabidopsis thaliana	Viridiplantae
L	4	False	internal	0.0	arabidopsis_thaliana	Arabidopsis thaliana	Viridiplantae
E	8	False	internal	0.0	arabidopsis_thaliana	Arabidopsis thaliana	Viridiplantae
D	12	False	internal	0.0	arabidopsis_thaliana	Arabidopsis thaliana	Viridiplantae
C	2	False	internal	0.0	arabidopsis_thaliana	Arabidopsis thaliana	Viridiplantae
P	6	False	internal	0.0	arabidopsis_thaliana	Arabidopsis thaliana	Viridiplantae
H	1	True	terminal	0.0	arabidopsis_thaliana	Arabidopsis thaliana	Viridiplantae
G	19	False	internal	0.5	arabidopsis_thaliana	Arabidopsis thaliana	Viridiplantae
K	18	False	internal	0.0	arabidopsis_thaliana	Arabidopsis thaliana	Viridiplantae
E	17	False	internal	0.0	arabidopsis_thaliana	Arabidopsis thaliana	Viridiplantae
C	10	False	internal	0.0	arabidopsis_thaliana	Arabidopsis thaliana	Viridiplantae
C	20	True	terminal	0.0	arabidopsis_thaliana	Arabidopsis thaliana	Viridiplantae
R	10	False	internal	0.5	arabidopsis_thaliana	Arabidopsis thaliana	Viridiplantae
S	1	True	terminal	0.5	arabidopsis_thaliana	Arabidopsis thaliana	Viridiplantae
Q	2	False	internal	0.8	arabidopsis_thaliana	Arabidopsis thaliana	Viridiplantae
S	5	False	internal	0.5	arabidopsis_thaliana	Arabidopsis thaliana	Viridiplantae
R	20	True	terminal	0.5	arabidopsis_thaliana	Arabidopsis thaliana	Viridiplantae
L	6	False	internal	0.0	arabidopsis_thaliana	Arabidopsis thaliana	Viridiplantae
C	20	True	terminal	0.0	arabidopsis_thaliana	Arabidopsis thaliana	Viridiplantae
C	1	True	terminal	0.0	arabidopsis_thaliana	Arabidopsis thaliana	Viridiplantae
N	15	False	internal	0.8	arabidopsis_thaliana	Arabidopsis thaliana	Viridiplantae
K	7	False	internal	0.0	arabidopsis_thaliana	Arabidopsis thaliana	Viridiplantae
E	1	True	terminal	0.0	arabidopsis_thaliana	Arabidopsis thaliana	Viridiplantae
A	6	False	internal	0.0	arabidopsis_thaliana	Arabidopsis thaliana	Viridiplantae
T	10	False	internal	0.0	arabidopsis_thaliana	Arabidopsis thaliana	Viridiplantae
W	10	False	internal	1.0	arabidopsis_thaliana	Arabidopsis thaliana	Viridiplantae
N	1	True	terminal	0.8	arabidopsis_thaliana	Arabidopsis thaliana	Viridiplantae
H	10	False	internal	0.0	arabidopsis_thaliana	Arabidopsis thaliana	Viridiplantae
K	1	True	terminal	0.0	arabidopsis_thaliana	Arabidopsis thaliana	Viridiplantae
D	14	False	internal	0.0	arabidopsis_thaliana	Arabidopsis thaliana	Viridiplantae
E	19	False	internal	0.0	arabidopsis_thaliana	Arabidopsis thaliana	Viridiplantae
G	17	False	internal	0.5	arabidopsis_thaliana	Arabidopsis thaliana	Viridiplantae
E	19	False	internal	0.0	arabidopsis_thaliana	Arabidopsis thaliana	Viridiplantae
L	2	False	internal	0.0	arabidopsis_thaliana	Arabidopsis thaliana	Viridiplantae
M	16	False	internal	0.0	arabidopsis_thaliana	Arabidopsis thaliana	Viridiplantae
D	4	False	internal	0.0	arabidopsis_thaliana	Arabidopsis thaliana	Viridiplantae
G	13	False	internal	0.5	arabidopsis_thaliana	Arabidopsis thaliana	Viridiplantae
G	14	False	internal	0.5	arabidopsis_thaliana	Arabidopsis thaliana	Viridiplantae
C	3	False	internal	0.0	arabidopsis_thaliana	Arabidopsis thaliana	Viridiplantae
M	1	True	terminal	0.0	arabidopsis_thaliana	Arabidopsis thaliana	Viridiplantae
G	19	False	internal	0.5	arabidopsis_thaliana	Arabidopsis thaliana	Viridiplantae
F	3	False	internal	1.0	arabidopsis_thaliana	Arabidopsis thaliana	Viridiplantae
M	10	False	internal	0.0	arabidopsis_thaliana	Arabidopsis thaliana	Viridiplantae
C	5	False	internal	0.0	arabidopsis_thaliana	Arabidopsis thaliana	Viridiplantae
E	3	False	internal	0.0	arabidopsis_thaliana	Arabidopsis thaliana	Viridiplantae
Q	1	True	terminal	0.8	arabidopsis_thaliana	Arabidopsis thaliana	Viridiplantae
G	16	False	internal	0.5	arabidopsis_thaliana	Arabidopsis thaliana	Viridiplantae
A	14	False	internal	0.0	arabidopsis_thaliana	Arabidopsis thaliana	Viridiplantae
F	8	False	internal	1.0	arabidopsis_thaliana	Arabidopsis thaliana	Viridiplantae
Q	14	False	internal	0.8	arabidopsis_thaliana	Arabidopsis thaliana	Viridiplantae
W	16	False	internal	1.0	arabidopsis_thaliana	Arabidopsis thaliana	Viridiplantae
N	17	False	internal	0.8	arabidopsis_thaliana	Arabidopsis thaliana	Viridiplantae
T	2	False	internal	0.0	arabidopsis_thaliana	Arabidopsis thaliana	Viridiplantae
P	17	False	internal	0.0	arabidopsis_thaliana	Arabidopsis thaliana	Viridiplantae
E	19	False	internal	0.0	arabidopsis_thaliana	Arabidopsis thaliana	Viridiplantae
Q	19	False	internal	0.8	arabidopsis_thaliana	Arabidopsis thaliana	Viridiplantae
S	17	False	internal	0.5	arabidopsis_thaliana	Arabidopsis thaliana	Viridiplantae
C	7	False	internal	0.0	arabidopsis_thaliana	Arabidopsis thaliana	Viridiplantae
S	2	False	internal	0.5	arabidopsis_thaliana	Arabidopsis thaliana	Viridiplantae
Q	15	False	internal	0.8	arabidopsis_thaliana	Arabidopsis thaliana	Viridiplantae
L	1	True	terminal	0.0	arabidopsis_thaliana	Arabidopsis thaliana	Viridiplantae
P	16	False	internal	0.0	arabidopsis_thaliana	Arabidopsis thaliana	Viridiplantae
D	3	False	internal	0.0	arabidopsis_thaliana	Arabidopsis thaliana	Viridiplantae
W	20	True	terminal	1.0	arabidopsis_thaliana	Arabidopsis thaliana	Viridiplantae
D	10	False	internal	0.0	arabidopsis_thaliana	Arabidopsis thaliana	Viridiplantae
N	14	False	internal	0.8	arabidopsis_thaliana	Arabidopsis thaliana	Viridiplantae
P	20	True	terminal	0.0	arabidopsis_thaliana	Arabidopsis thaliana	Viridiplantae
E	1	True	terminal	0.0	arabidopsis_thaliana	Arabidopsis thaliana	Viridiplantae
G	2	False	internal	0.5	arabidopsis_thaliana	Arabidopsis thaliana	Viridiplantae
D	4	False	internal	0.0	arabidopsis_thaliana	Arabidopsis thaliana	Viridiplantae
A	1	True	terminal	0.0	arabidopsis_thaliana	Arabidopsis thaliana	Viridiplantae
L	4	False	internal	0.0	arabidopsis_thaliana	Arabidopsis thaliana	Viridiplantae
Q	17	False	internal	0.8	arabidopsis_thaliana	Arabidopsis thaliana	Viridiplantae
S	18	False	internal	0.5	arabidopsis_thaliana	Arabidopsis thaliana	Viridiplantae
S	2	False	internal	0.5	arabidopsis_thaliana	Arabidopsis thaliana	Viridiplantae
D	20	True	terminal	0.0	arabidopsis_thaliana	Arabidopsis thaliana	Viridiplantae
E	1	True	terminal	0.0	arabidopsis_thaliana	Arabidopsis thaliana	Viridiplantae
S	2	False	internal	0.5	arabidopsis_thaliana	Arabidopsis thaliana	Viridiplantae
Q	19	False	internal	0.8	arabidopsis_thaliana	Arabidopsis thaliana	Viridiplantae
D	16	False	internal	0.0	arabidopsis_thaliana	Arabidopsis thaliana	Viridiplantae
H	1	True	terminal	0.0	arabidopsis_thaliana	Arabidopsis thaliana	Viridiplantae
L	1	True	terminal	0.0	arabidopsis_thaliana	Arabidopsis thaliana	Viridiplantae
Q	3	False	internal	0.8	arabidopsis_thaliana	Arabidopsis thaliana	Viridiplantae
H	20	True	terminal	0.0	arabidopsis_thaliana	Arabidopsis thaliana	Viridiplantae
N	1	True	terminal	0.8	arabidopsis_thaliana	Arabidopsis thaliana	Viridiplantae
R	2	False	internal	0.5	arabidopsis_thaliana	Arabidopsis thaliana	Viridiplantae
S	2	False	internal	0.5	arabidopsis_thaliana	Arabidopsis thaliana	Viridiplantae
S	4	False	internal	0.5	arabidopsis_thaliana	Arabidopsis thaliana	Viridiplantae
S	1	True	terminal	0.5	arabidopsis_thaliana	Arabidopsis thaliana	Viridiplantae
H	4	False	internal	0.0	arabidopsis_thaliana	Arabidopsis thaliana	Viridiplantae
Q	19	False	internal	0.8	arabidopsis_thaliana	Arabidopsis thaliana	Viridiplantae
S	17	False	internal	0.5	arabidopsis_thaliana	Arabidopsis thaliana	Viridiplantae
P	7	False	internal	0.0	arabidopsis_thaliana	Arabidopsis thaliana	Viridiplantae
F	19	False	internal	1.0	arabidopsis_thaliana	Arabidopsis thaliana	Viridiplantae
H	13	False	internal	0.0	arabidopsis_thaliana	Arabidopsis thaliana	Viridiplantae
S	5	False	internal	0.5	arabidopsis_thaliana	Arabidopsis thaliana	Viridiplantae
T	2	False	internal	0.0	arabidopsis_thaliana	Arabidopsis thaliana	Viridiplantae
S	20	True	terminal	0.5	arabidopsis_thaliana	Arabidopsis thaliana	Viridiplantae
G	1	True	terminal	0.5	arabidopsis_thaliana	Arabidopsis thaliana	Viridiplantae
Q	10	False	internal	0.8	arabidopsis_thaliana	Arabidopsis thaliana	Viridiplantae
S	20	True	terminal	0.5	arabidopsis_thaliana	Arabidopsis thaliana	Viridiplantae
W	18	False	internal	1.0	arabidopsis_thaliana	Arabidopsis thaliana	Viridiplantae
D	5	False	internal	0.0	arabidopsis_thaliana	Arabidopsis thaliana	Viridiplantae
W	15	False	internal	1.0	arabidopsis_thaliana	Arabidopsis thaliana	Viridiplantae
S	16	False	internal	0.5	arabidopsis_thaliana	Arabidopsis thaliana	Viridiplantae
G	2	False	internal	0.5	arabidopsis_thaliana	Arabidopsis thaliana	Viridiplantae
S	20	True	terminal	0.5	arabidopsis_thaliana	Arabidopsis thaliana	Viridiplantae
P	1	True	terminal	0.0	arabidopsis_thaliana	Arabidopsis thaliana	Viridiplantae
C	14	False	internal	0.0	arabidopsis_thaliana	Arabidopsis thaliana	Viridiplantae
E	5	False	internal	0.0	arabidopsis_thaliana	Arabidopsis thaliana	Viridiplantae
N	12	False	internal	0.8	arabidopsis_thaliana	Arabidopsis thaliana	Viridiplantae
G	2	False	internal	0.5	arabidopsis_thaliana	Arabidopsis thaliana	Viridiplantae
S	11	False	internal	0.5	arabidopsis_thaliana	Arabidopsis thaliana	Viridiplantae
S	18	False	internal	0.5	arabidopsis_thaliana	Arabidopsis thaliana	Viridiplantae
S	10	False	internal	0.5	arabidopsis_thaliana	Arabidopsis thaliana	Viridiplantae
H	3	False	internal	0.0	arabidopsis_thaliana	Arabidopsis thaliana	Viridiplantae
S	1	True	terminal	0.5	arabidopsis_thaliana	Arabidopsis thaliana	Viridiplantae
N	4	False	internal	0.8	arabidopsis_thaliana	Arabidopsis thaliana	Viridiplantae
E	15	False	internal	0.0	arabidopsis_thaliana	Arabidopsis thaliana	Viridiplantae
R	16	False	internal	0.5	arabidopsis_thaliana	Arabidopsis thaliana	Viridiplantae
H	19	False	internal	0.0	arabidopsis_thaliana	Arabidopsis thaliana	Viridiplantae
M	1	True	terminal	0.0	arabidopsis_thaliana	Arabidopsis thaliana	Viridiplantae
Q	4	False	internal	0.8	arabidopsis_thaliana	Arabidopsis thaliana	Viridiplantae
F	1	True	terminal	1.0	arabidopsis_thaliana	Arabidopsis thaliana	Viridiplantae
G	11	False	internal	0.5	arabidopsis_thaliana	Arabidopsis thaliana	Viridiplantae
S	3	False	internal	0.5	arabidopsis_thaliana	Arabidopsis thaliana	Viridiplantae
N	1	True	terminal	0.8	arabidopsis_thaliana	Arabidopsis thaliana	Viridiplantae
H	14	False	internal	0.0	arabidopsis_thaliana	Arabidopsis thaliana	Viridiplantae
T	2	False	internal	0.0	arabidopsis_thaliana	Arabidopsis thaliana	Viridiplantae
M	1	True	terminal	0.0	arabidopsis_thaliana	Arabidopsis thaliana	Viridiplantae
S	8	False	internal	0.5	arabidopsis_thaliana	Arabidopsis thaliana	Viridiplantae
S	2	False	internal	0.5	arabidopsis_thaliana	Arabidopsis thaliana	Viridiplantae
H	3	False	internal	0.0	arabidopsis_thaliana	Arabidopsis thaliana	Viridiplantae
K	6	False	internal	0.0	arabidopsis_thaliana	Arabidopsis thaliana	Viridiplantae
T	20	True	terminal	0.0	arabidopsis_thaliana	Arabidopsis thaliana	Viridiplantae
C	6	False	internal	0.0	arabidopsis_thaliana	Arabidopsis thaliana	Viridiplantae
E	18	False	internal	0.0	arabidopsis_thaliana	Arabidopsis thaliana	Viridiplantae
Q	20	True	terminal	0.8	arabidopsis_thaliana	Arabidopsis thaliana	Viridiplantae
D	9	False	internal	0.0	arabidopsis_thaliana	Arabidopsis thaliana	Viridiplantae
E	1	True	terminal	0.0	arabidopsis_thaliana	Arabidopsis thaliana	Viridiplantae
N	5	False	internal	0.8	arabidopsis_thaliana	Arabidopsis thaliana	Viridiplantae
E	18	False	internal	0.0	arabidopsis_thaliana	Arabidopsis thaliana	Viridiplantae
P	20	True	terminal	0.0	arabidopsis_thaliana	Arabidopsis thaliana	Viridiplantae
H	16	False	internal	0.0	arabidopsis_thaliana	Arabidopsis thaliana	Viridiplantae
A	11	False	internal	0.0	arabidopsis_thaliana	Arabidopsis thaliana	Viridiplantae
E	6	False	internal	0.0	arabidopsis_thaliana	Arabidopsis thaliana	Viridiplantae
C	3	False	internal	0.0	arabidopsis_thaliana	Arabidopsis thaliana	Viridiplantae
T	1	True	terminal	0.0	arabidopsis_thaliana	Arabidopsis thaliana	Viridiplantae
P	18	False	internal	0.0	arabidopsis_thaliana	Arabidopsis thaliana	Viridiplantae
Q	3	False	internal	0.8	arabidopsis_thaliana	Arabidopsis thaliana	Viridiplantae
D	15	False	internal	0.0	arabidopsis_thaliana	Arabidopsis thaliana	Viridiplantae
G	2	False	internal	0.5	arabidopsis_thaliana	Arabidopsis thaliana	Viridiplantae
A	8	False	internal	0.0	arabidopsis_thaliana	Arabidopsis thaliana	Viridiplantae
E	12	False	internal	0.0	arabidopsis_thaliana	Arabidopsis thaliana	Viridiplantae
G	1	True	terminal	0.5	arabidopsis_thaliana	Arabidopsis thaliana	Viridiplantae
V	2	False	internal	0.0	arabidopsis_thaliana	Arabidopsis thaliana	Viridiplantae
H	4	False	internal	0.0	arabidopsis_thaliana	Arabidopsis thaliana	Viridiplantae
G	5	False	internal	0.5	arabidopsis_thaliana	Arabidopsis thaliana	Viridiplantae
E	16	False	internal	0.0	arabidopsis_thaliana	Arabidopsis thaliana	Viridiplantae
R	2	False	internal	0.5	arabidopsis_thaliana	Arabidopsis thaliana	Viridiplantae
Q	20	True	terminal	0.8	arabidopsis_thaliana	Arabidopsis thaliana	Viridiplantae
S	1	True	terminal	0.5	arabidopsis_thaliana	Arabidopsis thaliana	Viridiplantae
Q	11	False	internal	0.8	arabidopsis_thaliana	Arabidopsis thaliana	Viridiplantae
L	9	False	internal	0.0	arabidopsis_thaliana	Arabidopsis thaliana	Viridiplantae
S	2	False	internal	0.5	arabidopsis_thaliana	Arabidopsis thaliana	Viridiplantae
S	1	True	terminal	0.5	arabidopsis_thaliana	Arabidopsis thaliana	Viridiplantae
Q	17	False	internal	0.8	arabidopsis_thaliana	Arabidopsis thaliana	Viridiplantae
C	17	False	internal	0.0	arabidopsis_thaliana	Arabidopsis thaliana	Viridiplantae
C	5	False	internal	0.0	arabidopsis_thaliana	Arabidopsis thaliana	Viridiplantae
G	17	False	internal	0.5	arabidopsis_thaliana	Arabidopsis thaliana	Viridiplantae
S	1	True	terminal	0.5	arabidopsis_thaliana	Arabidopsis thaliana	Viridiplantae
K	19	False	internal	0.0	arabidopsis_thaliana	Arabidopsis thaliana	Viridiplantae
W	19	False	internal	1.0	arabidopsis_thaliana	Arabidopsis thaliana	Viridiplantae
S	15	False	internal	0.5	arabidopsis_thaliana	Arabidopsis thaliana	Viridiplantae
H	2	False	internal	0.0	arabidopsis_thaliana	Arabidopsis thaliana	Viridiplantae
L	3	False	internal	0.0	arabidopsis_thaliana	Arabidopsis thaliana	Viridiplantae
T	7	False	internal	0.0	arabidopsis_thaliana	Arabidopsis thaliana	Viridiplantae
G	1	True	terminal	0.5	arabidopsis_thaliana	Arabidopsis thaliana	Viridiplantae
P	12	False	internal	0.0	arabidopsis_thaliana	Arabidopsis thaliana	Viridiplantae
K	11	False	internal	0.0	arabidopsis_thaliana	Arabidopsis thaliana	Viridiplantae
G	20	True	terminal	0.5	arabidopsis_thaliana	Arabidopsis thaliana	Viridiplantae
G	2	False	internal	0.5	arabidopsis_thaliana	Arabidopsis thaliana	Viridiplantae
G	15	False	internal	0.5	arabidopsis_thaliana	Arabidopsis thaliana	Viridiplantae
K	15	False	internal	0.0	arabidopsis_thaliana	Arabidopsis thaliana	Viridiplantae
T	20	True	terminal	0.0	arabidopsis_thaliana	Arabidopsis thaliana	Viridiplantae
S	1	True	terminal	0.5	arabidopsis_thaliana	Arabidopsis thaliana	Viridiplantae
S	5	False	internal	0.5	arabidopsis_thaliana	Arabidopsis thaliana	Viridiplantae
E	16	False	internal	0.0	arabidopsis_thaliana	Arabidopsis thaliana	Viridiplantae
G	13	False	internal	0.5	arabidopsis_thaliana	Arabidopsis thaliana	Viridiplantae
H	8	False	internal	0.0	arabidopsis_thaliana	Arabidopsis thaliana	Viridiplantae
A	7	False	internal	0.0	arabidopsis_thaliana	Arabidopsis thaliana	Viridiplantae
K	11	False	internal	0.0	arabidopsis_thaliana	Arabidopsis thaliana	Viridiplantae
T	3	False	internal	0.0	arabidopsis_thaliana	Arabidopsis thaliana	Viridiplantae
D	3	False	internal	0.0	arabidopsis_thaliana	Arabidopsis thaliana	Viridiplantae
C	6	False	internal	0.0	arabidopsis_thaliana	Arabidopsis thaliana	Viridiplantae
P	16	False	internal	0.0	arabidopsis_thaliana	Arabidopsis thaliana	Viridiplantae
W	6	False	internal	1.0	arabidopsis_thaliana	Arabidopsis thaliana	Viridiplantae
G	14	False	internal	0.5	arabidopsis_thaliana	Arabidopsis thaliana	Viridiplantae
D	17	False	internal	0.0	arabidopsis_thaliana	Arabidopsis thaliana	Viridiplantae
N	3	False	internal	0.8	arabidopsis_thaliana	Arabidopsis thaliana	Viridiplantae
G	4	False	internal	0.5	arabidopsis_thaliana	Arabidopsis thaliana	Viridiplantae
S	2	False	internal	0.5	arabidopsis_thaliana	Arabidopsis thaliana	Viridiplantae
A	15	False	internal	0.0	arabidopsis_thaliana	Arabidopsis thaliana	Viridiplantae
A	6	False	internal	0.0	arabidopsis_thaliana	Arabidopsis thaliana	Viridiplantae
E	20	True	terminal	0.0	arabidopsis_thaliana	Arabidopsis thaliana	Viridiplantae
P	19	False	internal	0.0	arabidopsis_thaliana	Arabidopsis thaliana	Viridiplantae
R	1	True	terminal	0.5	arabidopsis_thaliana	Arabidopsis thaliana	Viridiplantae
R	8	False	internal	0.5	arabidopsis_thaliana	Arabidopsis thaliana	Viridiplantae
D	15	False	internal	0.0	arabidopsis_thaliana	Arabidopsis thaliana	Viridiplantae
H	5	False	internal	0.0	arabidopsis_thaliana	Arabidopsis thaliana	Viridiplantae
H	1	True	terminal	0.0	arabidopsis_thaliana	Arabidopsis thaliana	Viridiplantae
H	3	False	internal	0.0	arabidopsis_thaliana	Arabidopsis thaliana	Viridiplantae
V	1	True	terminal	0.0	arabidopsis_thaliana	Arabidopsis thaliana	Viridiplantae
S	1	True	terminal	0.5	arabidopsis_thaliana	Arabidopsis thaliana	Viridiplantae
R	2	False	internal	0.5	arabidopsis_thaliana	Arabidopsis thaliana	Viridiplantae
A	20	True	terminal	0.0	arabidopsis_thaliana	Arabidopsis thaliana	Viridiplantae
S	2	False	internal	0.5	arabidopsis_thaliana	Arabidopsis thaliana	Viridiplantae
L	1	True	terminal	0.0	arabidopsis_thaliana	Arabidopsis thaliana	Viridiplantae
P	12	False	internal	0.0	arabidopsis_thaliana	Arabidopsis thaliana	Viridiplantae
S	20	True	terminal	0.5	arabidopsis_thaliana	Arabidopsis thaliana	Viridiplantae
A	1	True	terminal	0.0	arabidopsis_thaliana	Arabidopsis thaliana	Viridiplantae
K	10	False	internal	0.0	arabidopsis_thaliana	Arabidopsis thaliana	Viridiplantae
C	3	False	internal	0.0	arabidopsis_thaliana	Arabidopsis thaliana	Viridiplantae
A	15	False	internal	0.0	arabidopsis_thaliana	Arabidopsis thaliana	Viridiplantae
F	17	False	internal	1.0	arabidopsis_thaliana	Arabidopsis thaliana	Viridiplantae
C	1	True	terminal	0.0	arabidopsis_thaliana	Arabidopsis thaliana	Viridiplantae
L	1	True	terminal	0.0	arabidopsis_thaliana	Arabidopsis thaliana	Viridiplantae
D	20	True	terminal	0.0	arabidopsis_thaliana	Arabidopsis thaliana	Viridiplantae
A	2	False	internal	0.0	arabidopsis_thaliana	Arabidopsis thaliana	Viridiplantae
L	2	False	internal	0.0	arabidopsis_thaliana	Arabidopsis thaliana	Viridiplantae
G	1	True	terminal	0.5	arabidopsis_thaliana	Arabidopsis thaliana	Viridiplantae
H	10	False	internal	0.0	arabidopsis_thaliana	Arabidopsis thaliana	Viridiplantae
T	4	False	internal	0.0	arabidopsis_thaliana	Arabidopsis thaliana	Viridiplantae
L	1	True	terminal	0.0	arabidopsis_thaliana	Arabidopsis thaliana	Viridiplantae
S	18	False	internal	0.5	arabidopsis_thaliana	Arabidopsis thaliana	Viridiplantae
G	14	False	internal	0.5	arabidopsis_thaliana	Arabidopsis thaliana	Viridiplantae
E	10	False	internal	0.0	arabidopsis_thaliana	Arabidopsis thaliana	Viridiplantae
T	11	False	internal	0.0	arabidopsis_thaliana	Arabidopsis thaliana	Viridiplantae
G	19	False	internal	0.5	arabidopsis_thaliana	Arabidopsis thaliana	Viridiplantae
E	6	False	internal	0.0	arabidopsis_thaliana	Arabidopsis thaliana	Viridiplantae
T	10	False	internal	0.0	arabidopsis_thaliana	Arabidopsis thaliana	Viridiplantae
H	6	False	internal	0.0	arabidopsis_thaliana	Arabidopsis thaliana	Viridiplantae
C	2	False	internal	0.0	arabidopsis_thaliana	Arabidopsis thaliana	Viridiplantae
S	1	True	terminal	0.5	arabidopsis_thaliana	Arabidopsis thaliana	Viridiplantae
E	18	False	internal	0.0	arabidopsis_thaliana	Arabidopsis thaliana	Viridiplantae
E	14	False	internal	0.0	arabidopsis_thaliana	Arabidopsis thaliana	Viridiplantae
G	19	False	internal	0.5	arabidopsis_thaliana	Arabidopsis thaliana	Viridiplantae
P	19	False	internal	0.0	bacillus_subtilis	Bacillus subtilis	Bacteria
R	11	False	internal	0.5	bacillus_subtilis	Bacillus subtilis	Bacteria
G	19	False	internal	0.5	bacillus_subtilis	Bacillus subtilis	Bacteria
W	12	False	internal	1.0	bacillus_subtilis	Bacillus subtilis	Bacteria
L	1	True	terminal	0.0	bacillus_subtilis	Bacillus subtilis	Bacteria
C	4	False	internal	0.0	bacillus_subtilis	Bacillus subtilis	Bacteria
K	19	False	internal	0.0	bacillus_subtilis	Bacillus subtilis	Bacteria
L	3	False	internal	0.0	bacillus_subtilis	Bacillus subtilis	Bacteria
C	10	False	internal	0.0	bacillus_subtilis	Bacillus subtilis	Bacteria
W	9	False	internal	1.0	bacillus_subtilis	Bacillus subtilis	Bacteria
T	5	False	internal	0.0	bacillus_subtilis	Bacillus subtilis	Bacteria
C	5	False	internal	0.0	bacillus_subtilis	Bacillus subtilis	Bacteria
W	10	False	internal	1.0	bacillus_subtilis	Bacillus subtilis	Bacteria
C	9	False	internal	0.0	bacillus_subtilis	Bacillus subtilis	Bacteria
H	13	False	internal	0.0	bacillus_subtilis	Bacillus subtilis	Bacteria
L	20	True	terminal	0.0	bacillus_subtilis	Bacillus subtilis	Bacteria
K	7	False	internal	0.0	bacillus_subtilis	Bacillus subtilis	Bacteria
S	20	True	terminal	0.5	bacillus_subtilis	Bacillus subtilis	Bacteria
R	20	True	terminal	0.5	bacillus_subtilis	Bacillus subtilis	Bacteria
S	6	False	internal	0.5	bacillus_subtilis	Bacillus subtilis	Bacteria
I	2	False	internal	0.0	bacillus_subtilis	Bacillus subtilis	Bacteria
H	8	False	internal	0.0	bacillus_subtilis	Bacillus subtilis	Bacteria
T	11	False	internal	0.0	bacillus_subtilis	Bacillus subtilis	Bacteria
L	1	True	terminal	0.0	bacillus_subtilis	Bacillus subtilis	Bacteria
K	12	False	internal	0.0	bacillus_subtilis	Bacillus subtilis	Bacteria
D	17	False	internal	0.0	bacillus_subtilis	Bacillus subtilis	Bacteria
F	7	False	internal	1.0	bacillus_subtilis	Bacillus subtilis	Bacteria
R	5	False	internal	0.5	bacillus_subtilis	Bacillus subtilis	Bacteria
E	12	False	internal	0.0	bacillus_subtilis	Bacillus subtilis	Bacteria
C	13	False	internal	0.0	caenorhabditis_elegans	Caenorhabditis elegans	Nematoda
C	1	True	terminal	0.0	caenorhabditis_elegans	Caenorhabditis elegans	Nematoda
S	17	False	internal	0.5	caenorhabditis_elegans	Caenorhabditis elegans	Nematoda
P	17	False	internal	0.0	caenorhabditis_elegans	Caenorhabditis elegans	Nematoda
A	2	False	internal	0.0	caenorhabditis_elegans	Caenorhabditis elegans	Nematoda
D	20	True	terminal	0.0	caenorhabditis_elegans	Caenorhabditis elegans	Nematoda
H	3	False	internal	0.0	caenorhabditis_elegans	Caenorhabditis elegans	Nematoda
F	3	False	internal	1.0	caenorhabditis_elegans	Caenorhabditis elegans	Nematoda
E	9	False	internal	0.0	caenorhabditis_elegans	Caenorhabditis elegans	Nematoda
S	18	False	internal	0.5	caenorhabditis_elegans	Caenorhabditis elegans	Nematoda
P	15	False	internal	0.0	caenorhabditis_elegans	Caenorhabditis elegans	Nematoda
G	8	False	internal	0.5	caenorhabditis_elegans	Caenorhabditis elegans	Nematoda
S	7	False	internal	0.5	caenorhabditis_elegans	Caenorhabditis elegans	Nematoda
A	19	False	internal	0.0	caenorhabditis_elegans	Caenorhabditis elegans	Nematoda
A	19	False	internal	0.0	caenorhabditis_elegans	Caenorhabditis elegans	Nematoda
Q	14	False	internal	0.8	caenorhabditis_elegans	Caenorhabditis elegans	Nematoda
S	4	False	internal	0.5	caenorhabditis_elegans	Caenorhabditis elegans	Nematoda
R	15	False	internal	0.5	caenorhabditis_elegans	Caenorhabditis elegans	Nematoda
D	14	False	internal	0.0	caenorhabditis_elegans	Caenorhabditis elegans	Nematoda
E	6	False	internal	0.0	caenorhabditis_elegans	Caenorhabditis elegans	Nematoda
D	18	False	internal	0.0	caenorhabditis_elegans	Caenorhabditis elegans	Nematoda
R	3	False	internal	0.5	caenorhabditis_elegans	Caenorhabditis elegans	Nematoda
W	1	True	terminal	1.0	caenorhabditis_elegans	Caenorhabditis elegans	Nematoda
S	16	False	internal	0.5	caenorhabditis_elegans	Caenorhabditis elegans	Nematoda
Q	9	False	internal	0.8	caenorhabditis_elegans	Caenorhabditis elegans	Nematoda
P	3	False	internal	0.0	caenorhabditis_elegans	Caenorhabditis elegans	Nematoda
R	20	True	terminal	0.5	caenorhabditis_elegans	Caenorhabditis elegans	Nematoda
C	8	False	internal	0.0	caenorhabditis_elegans	Caenorhabditis elegans	Nematoda
W	10	False	internal	1.0	caenorhabditis_elegans	Caenorhabditis elegans	Nematoda
Q	20	True	terminal	0.8	caenorhabditis_elegans	Caenorhabditis elegans	Nematoda
P	20	True	terminal	0.0	caenorhabditis_elegans	Caenorhabditis elegans	Nematoda
H	18	False	internal	0.0	caenorhabditis_elegans	Caenorhabditis elegans	Nematoda
T	8	False	internal	0.0	caenorhabditis_elegans	Caenorhabditis elegans	Nematoda
A	20	True	terminal	0.0	caenorhabditis_elegans	Caenorhabditis elegans	Nematoda
T	3	False	internal	0.0	caenorhabditis_elegans	Caenorhabditis elegans	Nematoda
Y	12	False	internal	1.0	caenorhabditis_elegans	Caenorhabditis elegans	Nematoda
S	1	True	terminal	0.5	caenorhabditis_elegans	Caenorhabditis elegans	Nematoda
C	15	False	internal	0.0	caenorhabditis_elegans	Caenorhabditis elegans	Nematoda
D	5	False	internal	0.0	caenorhabditis_elegans	Caenorhabditis elegans	Nematoda
Q	12	False	internal	0.8	caenorhabditis_elegans	Caenorhabditis elegans	Nematoda
W	18	False	internal	1.0	caenorhabditis_elegans	Caenorhabditis elegans	Nematoda
N	20	True	terminal	0.8	caenorhabditis_elegans	Caenorhabditis elegans	Nematoda
T	18	False	internal	0.0	caenorhabditis_elegans	Caenorhabditis elegans	Nematoda
Q	2	False	internal	0.8	caenorhabditis_elegans	Caenorhabditis elegans	Nematoda
Q	1	True	terminal	0.8	caenorhabditis_elegans	Caenorhabditis elegans	Nematoda
C	9	False	internal	0.0	caenorhabditis_elegans	Caenorhabditis elegans	Nematoda
D	11	False	internal	0.0	caenorhabditis_elegans	Caenorhabditis elegans	Nematoda
G	4	False	internal	0.5	caenorhabditis_elegans	Caenorhabditis elegans	Nematoda
E	14	False	internal	0.0	caenorhabditis_elegans	Caenorhabditis elegans	Nematoda
G	1	True	terminal	0.5	caenorhabditis_elegans	Caenorhabditis elegans	Nematoda
D	8	False	internal	0.0	caenorhabditis_elegans	Caenorhabditis elegans	Nematoda
S	1	True	terminal	0.5	caenorhabditis_elegans	Caenorhabditis elegans	Nematoda
T	18	False	internal	0.0	caenorhabditis_elegans	Caenorhabditis elegans	Nematoda
A	17	False	internal	0.0	caenorhabditis_elegans	Caenorhabditis elegans	Nematoda
E	8	False	internal	0.0	caenorhabditis_elegans	Caenorhabditis elegans	Nematoda
L	1	True	terminal	0.0	caenorhabditis_elegans	Caenorhabditis elegans	Nematoda
T	12	False	internal	0.0	caenorhabditis_elegans	Caenorhabditis elegans	Nematoda
S	18	False	internal	0.5	caenorhabditis_elegans	Caenorhabditis elegans	Nematoda
C	8	False	internal	0.0	caenorhabditis_elegans	Caenorhabditis elegans	Nematoda
N	20	True	terminal	0.8	caenorhabditis_elegans	Caenorhabditis elegans	Nematoda
L	1	True	terminal	0.0	caenorhabditis_elegans	Caenorhabditis elegans	Nematoda
P	5	False	internal	0.0	caenorhabditis_elegans	Caenorhabditis elegans	Nematoda
A	5	False	internal	0.0	caenorhabditis_elegans	Caenorhabditis elegans	Nematoda
Q	12	False	internal	0.8	caenorhabditis_elegans	Caenorhabditis elegans	Nematoda
R	1	True	terminal	0.5	caenorhabditis_elegans	Caenorhabditis elegans	Nematoda
S	12	False	internal	0.5	caenorhabditis_elegans	Caenorhabditis elegans	Nematoda
A	16	False	internal	0.0	caenorhabditis_elegans	Caenorhabditis elegans	Nematoda
G	16	False	internal	0.5	caenorhabditis_elegans	Caenorhabditis elegans	Nematoda
P	16	False	internal	0.0	caenorhabditis_elegans	Caenorhabditis elegans	Nematoda
G	2	False	internal	0.5	caenorhabditis_elegans	Caenorhabditis elegans	Nematoda
P	6	False	internal	0.0	caenorhabditis_elegans	Caenorhabditis elegans	Nematoda
G	6	False	internal	0.5	caenorhabditis_elegans	Caenorhabditis elegans	Nematoda
G	2	False	internal	0.5	caenorhabditis_elegans	Caenorhabditis elegans	Nematoda
P	7	False	internal	0.0	caenorhabditis_elegans	Caenorhabditis elegans	Nematoda
G	4	False	internal	0.5	caenorhabditis_elegans	Caenorhabditis elegans	Nematoda
G	6	False	internal	0.5	caenorhabditis_elegans	Caenorhabditis elegans	Nematoda
P	8	False	internal	0.0	caenorhabditis_elegans	Caenorhabditis elegans	Nematoda
G	6	False	internal	0.5	caenorhabditis_elegans	Caenorhabditis elegans	Nematoda
L	1	True	terminal	0.0	caenorhabditis_elegans	Caenorhabditis elegans	Nematoda
T	19	False	internal	0.0	caenorhabditis_elegans	Caenorhabditis elegans	Nematoda
S	1	True	terminal	0.5	caenorhabditis_elegans	Caenorhabditis elegans	Nematoda
P	5	False	internal	0.0	caenorhabditis_elegans	Caenorhabditis elegans	Nematoda
S	13	False	internal	0.5	caenorhabditis_elegans	Caenorhabditis elegans	Nematoda
T	1	True	terminal	0.0	caenorhabditis_elegans	Caenorhabditis elegans	Nematoda
D	8	False	internal	0.0	caenorhabditis_elegans	Caenorhabditis elegans	Nematoda
H	9	False	internal	0.0	caenorhabditis_elegans	Caenorhabditis elegans	Nematoda
H	11	False	internal	0.0	caenorhabditis_elegans	Caenorhabditis elegans	Nematoda
C	1	True	terminal	0.0	caenorhabditis_elegans	Caenorhabditis elegans	Nematoda
H	19	False	internal	0.0	caenorhabditis_elegans	Caenorhabditis elegans	Nematoda
D	15	False	internal	0.0	caenorhabditis_elegans	Caenorhabditis elegans	Nematoda
Q	20	True	terminal	0.8	caenorhabditis_elegans	Caenorhabditis elegans	Nematoda
A	4	False	internal	0.0	caenorhabditis_elegans	Caenorhabditis elegans	Nematoda
T	3	False	internal	0.0	caenorhabditis_elegans	Caenorhabditis elegans	Nematoda
D	5	False	internal	0.0	caenorhabditis_elegans	Caenorhabditis elegans	Nematoda
A	7	False	internal	0.0	caenorhabditis_elegans	Caenorhabditis elegans	Nematoda
A	6	False	internal	0.0	caenorhabditis_elegans	Caenorhabditis elegans	Nematoda
H	18	False	internal	0.0	caenorhabditis_elegans	Caenorhabditis elegans	Nematoda
L	18	False	internal	0.0	caenorhabditis_elegans	Caenorhabditis elegans	Nematoda
S	16	False	internal	0.5	caenorhabditis_elegans	Caenorhabditis elegans	Nematoda
N	9	False	internal	0.8	caenorhabditis_elegans	Caenorhabditis elegans	Nematoda
G	1	True	terminal	0.5	caenorhabditis_elegans	Caenorhabditis elegans	Nematoda
D	11	False	internal	0.0	caenorhabditis_elegans	Caenorhabditis elegans	Nematoda
S	1	True	terminal	0.5	caenorhabditis_elegans	Caenorhabditis elegans	Nematoda
S	2	False	internal	0.5	caenorhabditis_elegans	Caenorhabditis elegans	Nematoda
P	15	False	internal	0.0	caenorhabditis_elegans	Caenorhabditis elegans	Nematoda
P	8	False	internal	0.0	caenorhabditis_elegans	Caenorhabditis elegans	Nematoda
S	6	False	internal	0.5	caenorhabditis_elegans	Caenorhabditis elegans	Nematoda
A	20	True	terminal	0.0	caenorhabditis_elegans	Caenorhabditis elegans	Nematoda
R	18	False	internal	0.5	caenorhabditis_elegans	Caenorhabditis elegans	Nematoda
T	7	False	internal	0.0	caenorhabditis_elegans	Caenorhabditis elegans	Nematoda
S	12	False	internal	0.5	caenorhabditis_elegans	Caenorhabditis elegans	Nematoda
D	15	False	internal	0.0	caenorhabditis_elegans	Caenorhabditis elegans	Nematoda
K	20	True	terminal	0.0	caenorhabditis_elegans	Caenorhabditis elegans	Nematoda
E	3	False	internal	0.0	caenorhabditis_elegans	Caenorhabditis elegans	Nematoda
K	6	False	internal	0.0	caenorhabditis_elegans	Caenorhabditis elegans	Nematoda
K	14	False	internal	0.0	caenorhabditis_elegans	Caenorhabditis elegans	Nematoda
G	1	True	terminal	0.5	caenorhabditis_elegans	Caenorhabditis elegans	Nematoda
C	1	True	terminal	0.0	caenorhabditis_elegans	Caenorhabditis elegans	Nematoda
S	7	False	internal	0.5	caenorhabditis_elegans	Caenorhabditis elegans	Nematoda
N	10	False	internal	0.8	caenorhabditis_elegans	Caenorhabditis elegans	Nematoda
S	10	False	internal	0.5	caenorhabditis_elegans	Caenorhabditis elegans	Nematoda
H	8	False	internal	0.0	caenorhabditis_elegans	Caenorhabditis elegans	Nematoda
G	2	False	internal	0.5	caenorhabditis_elegans	Caenorhabditis elegans	Nematoda
S	1	True	terminal	0.5	caenorhabditis_elegans	Caenorhabditis elegans	Nematoda
Q	5	False	internal	0.8	caenorhabditis_elegans	Caenorhabditis elegans	Nematoda
W	9	False	internal	1.0	caenorhabditis_elegans	Caenorhabditis elegans	Nematoda
S	1	True	terminal	0.5	caenorhabditis_elegans	Caenorhabditis elegans	Nematoda
S	1	True	terminal	0.5	caenorhabditis_elegans	Caenorhabditis elegans	Nematoda
G	12	False	internal	0.5	caenorhabditis_elegans	Caenorhabditis elegans	Nematoda
A	1	True	terminal	0.0	caenorhabditis_elegans	Caenorhabditis elegans	Nematoda
A	10	False	internal	0.0	caenorhabditis_elegans	Caenorhabditis elegans	Nematoda
A	20	True	terminal	0.0	caenorhabditis_elegans	Caenorhabditis elegans	Nematoda
L	1	True	terminal	0.0	caenorhabditis_elegans	Caenorhabditis elegans	Nematoda
Y	18	False	internal	1.0	caenorhabditis_elegans	Caenorhabditis elegans	Nematoda
L	11	False	internal	0.0	caenorhabditis_elegans	Caenorhabditis elegans	Nematoda
C	4	False	internal	0.0	caenorhabditis_elegans	Caenorhabditis elegans	Nematoda
E	11	False	internal	0.0	caenorhabditis_elegans	Caenorhabditis elegans	Nematoda
C	4	False	internal	0.0	caenorhabditis_elegans	Caenorhabditis elegans	Nematoda
D	15	False	internal	0.0	caenorhabditis_elegans	Caenorhabditis elegans	Nematoda
M	19	False	internal	0.0	caenorhabditis_elegans	Caenorhabditis elegans	Nematoda
K	20	True	terminal	0.0	caenorhabditis_elegans	Caenorhabditis elegans	Nematoda
G	1	True	terminal	0.5	caenorhabditis_elegans	Caenorhabditis elegans	Nematoda
T	5	False	internal	0.0	caenorhabditis_elegans	Caenorhabditis elegans	Nematoda
Q	18	False	internal	0.8	caenorhabditis_elegans	Caenorhabditis elegans	Nematoda
I	6	False	internal	0.0	caenorhabditis_elegans	Caenorhabditis elegans	Nematoda
S	3	False	internal	0.5	caenorhabditis_elegans	Caenorhabditis elegans	Nematoda
A	11	False	internal	0.0	caenorhabditis_elegans	Caenorhabditis elegans	Nematoda
R	9	False	internal	0.5	caenorhabditis_elegans	Caenorhabditis elegans	Nematoda
S	18	False	internal	0.5	caenorhabditis_elegans	Caenorhabditis elegans	Nematoda
E	14	False	internal	0.0	caenorhabditis_elegans	Caenorhabditis elegans	Nematoda
S	20	True	terminal	0.5	caenorhabditis_elegans	Caenorhabditis elegans	Nematoda
N	20	True	terminal	0.8	caenorhabditis_elegans	Caenorhabditis elegans	Nematoda
S	4	False	internal	0.5	caenorhabditis_elegans	Caenorhabditis elegans	Nematoda
C	20	True	terminal	0.0	caenorhabditis_elegans	Caenorhabditis elegans	Nematoda
C	2	False	internal	0.0	caenorhabditis_elegans	Caenorhabditis elegans	Nematoda
D	4	False	internal	0.0	caenorhabditis_elegans	Caenorhabditis elegans	Nematoda
S	3	False	internal	0.5	caenorhabditis_elegans	Caenorhabditis elegans	Nematoda
T	7	False	internal	0.0	caenorhabditis_elegans	Caenorhabditis elegans	Nematoda
A	19	False	internal	0.0	caenorhabditis_elegans	Caenorhabditis elegans	Nematoda
A	15	False	internal	0.0	caenorhabditis_elegans	Caenorhabditis elegans	Nematoda
A	15	False	internal	0.0	caenorhabditis_elegans	Caenorhabditis elegans	Nematoda
D	7	False	internal	0.0	caenorhabditis_elegans	Caenorhabditis elegans	Nematoda
S	3	False	internal	0.5	caenorhabditis_elegans	Caenorhabditis elegans	Nematoda
G	12	False	internal	0.5	caenorhabditis_elegans	Caenorhabditis elegans	Nematoda
G	10	False	internal	0.5	caenorhabditis_elegans	Caenorhabditis elegans	Nematoda
G	4	False	internal	0.5	caenorhabditis_elegans	Caenorhabditis elegans	Nematoda
L	19	False	internal	0.0	caenorhabditis_elegans	Caenorhabditis elegans	Nematoda
S	19	False	internal	0.5	caenorhabditis_elegans	Caenorhabditis elegans	Nematoda
G	1	True	terminal	0.5	caenorhabditis_elegans	Caenorhabditis elegans	Nematoda
R	10	False	internal	0.5	caenorhabditis_elegans	Caenorhabditis elegans	Nematoda
T	20	True	terminal	0.0	caenorhabditis_elegans	Caenorhabditis elegans	Nematoda
H	20	True	terminal	0.0	caenorhabditis_elegans	Caenorhabditis elegans	Nematoda
C	12	False	internal	0.0	caenorhabditis_elegans	Caenorhabditis elegans	Nematoda
R	20	True	terminal	0.5	caenorhabditis_elegans	Caenorhabditis elegans	Nematoda
H	3	False	internal	0.0	caenorhabditis_elegans	Caenorhabditis elegans	Nematoda
F	6	False	internal	1.0	caenorhabditis_elegans	Caenorhabditis elegans	Nematoda
G	20	True	terminal	0.5	caenorhabditis_elegans	Caenorhabditis elegans	Nematoda
R	14	False	internal	0.5	caenorhabditis_elegans	Caenorhabditis elegans	Nematoda
W	1	True	terminal	1.0	caenorhabditis_elegans	Caenorhabditis elegans	Nematoda
A	1	True	terminal	0.0	caenorhabditis_elegans	Caenorhabditis elegans	Nematoda
L	10	False	internal	0.0	caenorhabditis_elegans	Caenorhabditis elegans	Nematoda
C	19	False	internal	0.0	caenorhabditis_elegans	Caenorhabditis elegans	Nematoda
C	7	False	internal	0.0	caenorhabditis_elegans	Caenorhabditis elegans	Nematoda
C	18	False	internal	0.0	caenorhabditis_elegans	Caenorhabditis elegans	Nematoda
W	9	False	internal	1.0	caenorhabditis_elegans	Caenorhabditis elegans	Nematoda
V	13	False	internal	0.0	caenorhabditis_elegans	Caenorhabditis elegans	Nematoda
W	8	False	internal	1.0	caenorhabditis_elegans	Caenorhabditis elegans	Nematoda
K	20	True	terminal	0.0	caenorhabditis_elegans	Caenorhabditis elegans	Nematoda
N	15	False	internal	0.8	caenorhabditis_elegans	Caenorhabditis elegans	Nematoda
K	8	False	internal	0.0	caenorhabditis_elegans	Caenorhabditis elegans	Nematoda
S	15	False	internal	0.5	caenorhabditis_elegans	Caenorhabditis elegans	Nematoda
N	20	True	terminal	0.8	caenorhabditis_elegans	Caenorhabditis elegans	Nematoda
P	2	False	internal	0.0	caenorhabditis_elegans	Caenorhabditis elegans	Nematoda
W	11	False	internal	1.0	caenorhabditis_elegans	Caenorhabditis elegans	Nematoda
S	1	True	terminal	0.5	caenorhabditis_elegans	Caenorhabditis elegans	Nematoda
L	1	True	terminal	0.0	caenorhabditis_elegans	Caenorhabditis elegans	Nematoda
Q	4	False	internal	0.8	caenorhabditis_elegans	Caenorhabditis elegans	Nematoda
T	16	False	internal	0.0	caenorhabditis_elegans	Caenorhabditis elegans	Nematoda
S	15	False	internal	0.5	caenorhabditis_elegans	Caenorhabditis elegans	Nematoda
T	15	False	internal	0.0	caenorhabditis_elegans	Caenorhabditis elegans	Nematoda
D	2	False	internal	0.0	caenorhabditis_elegans	Caenorhabditis elegans	Nematoda
I	15	False	internal	0.0	caenorhabditis_elegans	Caenorhabditis elegans	Nematoda
V	12	False	internal	0.0	caenorhabditis_elegans	Caenorhabditis elegans	Nematoda
A	3	False	internal	0.0	caenorhabditis_elegans	Caenorhabditis elegans	Nematoda
G	19	False	internal	0.5	caenorhabditis_elegans	Caenorhabditis elegans	Nematoda
T	11	False	internal	0.0	caenorhabditis_elegans	Caenorhabditis elegans	Nematoda
G	17	False	internal	0.5	caenorhabditis_elegans	Caenorhabditis elegans	Nematoda
C	1	True	terminal	0.0	caenorhabditis_elegans	Caenorhabditis elegans	Nematoda
C	19	False	internal	0.0	caenorhabditis_elegans	Caenorhabditis elegans	Nematoda
C	19	False	internal	0.0	caenorhabditis_elegans	Caenorhabditis elegans	Nematoda
G	18	False	internal	0.5	caenorhabditis_elegans	Caenorhabditis elegans	Nematoda
R	20	True	terminal	0.5	caenorhabditis_elegans	Caenorhabditis elegans	Nematoda
Q	19	False	internal	0.8	caenorhabditis_elegans	Caenorhabditis elegans	Nematoda
G	2	False	internal	0.5	caenorhabditis_elegans	Caenorhabditis elegans	Nematoda
T	4	False	internal	0.0	caenorhabditis_elegans	Caenorhabditis elegans	Nematoda
G	8	False	internal	0.5	caenorhabditis_elegans	Caenorhabditis elegans	Nematoda
E	1	True	terminal	0.0	caenorhabditis_elegans	Caenorhabditis elegans	Nematoda
P	1	True	terminal	0.0	caenorhabditis_elegans	Caenorhabditis elegans	Nematoda
G	3	False	internal	0.5	caenorhabditis_elegans	Caenorhabditis elegans	Nematoda
A	5	False	internal	0.0	caenorhabditis_elegans	Caenorhabditis elegans	Nematoda
C	20	True	terminal	0.0	caenorhabditis_elegans	Caenorhabditis elegans	Nematoda
D	2	False	internal	0.0	caenorhabditis_elegans	Caenorhabditis elegans	Nematoda
P	18	False	internal	0.0	caenorhabditis_elegans	Caenorhabditis elegans	Nematoda
Q	5	False	internal	0.8	caenorhabditis_elegans	Caenorhabditis elegans	Nematoda
P	1	True	terminal	0.0	caenorhabditis_elegans	Caenorhabditis elegans	Nematoda
T	7	False	internal	0.0	caenorhabditis_elegans	Caenorhabditis elegans	Nematoda
K	18	False	internal	0.0	caenorhabditis_elegans	Caenorhabditis elegans	Nematoda
G	17	False	internal	0.5	caenorhabditis_elegans	Caenorhabditis elegans	Nematoda
A	1	True	terminal	0.0	caenorhabditis_elegans	Caenorhabditis elegans	Nematoda
T	5	False	internal	0.0	caenorhabditis_elegans	Caenorhabditis elegans	Nematoda
D	16	False	internal	0.0	caenorhabditis_elegans	Caenorhabditis elegans	Nematoda
A	18	False	internal	0.0	caenorhabditis_elegans	Caenorhabditis elegans	Nematoda
L	1	True	terminal	0.0	caenorhabditis_elegans	Caenorhabditis elegans	Nematoda
H	19	False	internal	0.0	caenorhabditis_elegans	Caenorhabditis elegans	Nematoda
G	3	False	internal	0.5	caenorhabditis_elegans	Caenorhabditis elegans	Nematoda
C	13	False	internal	0.0	caenorhabditis_elegans	Caenorhabditis elegans	Nematoda
Q	9	False	internal	0.8	caenorhabditis_elegans	Caenorhabditis elegans	Nematoda
P	20	True	terminal	0.0	caenorhabditis_elegans	Caenorhabditis elegans	Nematoda
P	20	True	terminal	0.0	caenorhabditis_elegans	Caenorhabditis elegans	Nematoda
P	6	False	internal	0.0	caenorhabditis_elegans	Caenorhabditis elegans	Nematoda
L	12	False	internal	0.0	caenorhabditis_elegans	Caenorhabditis elegans	Nematoda
H	11	False	internal	0.0	caenorhabditis_elegans	Caenorhabditis elegans	Nematoda
C	6	False	internal	0.0	caenorhabditis_elegans	Caenorhabditis elegans	Nematoda
T	20	True	terminal	0.0	caenorhabditis_elegans	Caenorhabditis elegans	Nematoda
M	16	False	internal	0.0	caenorhabditis_elegans	Caenorhabditis elegans	Nematoda
G	15	False	internal	0.5	caenorhabditis_elegans	Caenorhabditis elegans	Nematoda
H	15	False	internal	0.0	caenorhabditis_elegans	Caenorhabditis elegans	Nematoda
N	20	True	terminal	0.8	caenorhabditis_elegans	Caenorhabditis elegans	Nematoda
P	1	True	terminal	0.0	caenorhabditis_elegans	Caenorhabditis elegans	Nematoda
P	19	False	internal	0.0	caenorhabditis_elegans	Caenorhabditis elegans	Nematoda
D	2	False	internal	0.0	caenorhabditis_elegans	Caenorhabditis elegans	Nematoda
T	13	False	internal	0.0	caenorhabditis_elegans	Caenorhabditis elegans	Nematoda
C	20	True	terminal	0.0	caenorhabditis_elegans	Caenorhabditis elegans	Nematoda
C	1	True	terminal	0.0	caenorhabditis_elegans	Caenorhabditis elegans	Nematoda
H	15	False	internal	0.0	caenorhabditis_elegans	Caenorhabditis elegans	Nematoda
T	8	False	internal	0.0	caenorhabditis_elegans	Caenorhabditis elegans	Nematoda
Q	11	False	internal	0.8	caenorhabditis_elegans	Caenorhabditis elegans	Nematoda
S	1	True	terminal	0.5	caenorhabditis_elegans	Caenorhabditis elegans	Nematoda
H	19	False	internal	0.0	caenorhabditis_elegans	Caenorhabditis elegans	Nematoda
R	20	True	terminal	0.5	caenorhabditis_elegans	Caenorhabditis elegans	Nematoda
T	12	False	internal	0.0	caenorhabditis_elegans	Caenorhabditis elegans	Nematoda
S	20	True	terminal	0.5	caenorhabditis_elegans	Caenorhabditis elegans	Nematoda
T	4	False	internal	0.0	caenorhabditis_elegans	Caenorhabditis elegans	Nematoda
C	15	False	internal	0.0	caenorhabditis_elegans	Caenorhabditis elegans	Nematoda
C	13	False	internal	0.0	caenorhabditis_elegans	Caenorhabditis elegans	Nematoda
D	11	False	internal	0.0	caenorhabditis_elegans	Caenorhabditis elegans	Nematoda
P	15	False	internal	0.0	caenorhabditis_elegans	Caenorhabditis elegans	Nematoda
C	17	False	internal	0.0	caenorhabditis_elegans	Caenorhabditis elegans	Nematoda
R	20	True	terminal	0.5	caenorhabditis_elegans	Caenorhabditis elegans	Nematoda
C	20	True	terminal	0.0	caenorhabditis_elegans	Caenorhabditis elegans	Nematoda
T	13	False	internal	0.0	caenorhabditis_elegans	Caenorhabditis elegans	Nematoda
S	3	False	internal	0.5	caenorhabditis_elegans	Caenorhabditis elegans	Nematoda
S	17	False	internal	0.5	caenorhabditis_elegans	Caenorhabditis elegans	Nematoda
G	3	False	internal	0.5	caenorhabditis_elegans	Caenorhabditis elegans	Nematoda
E	4	False	internal	0.0	caenorhabditis_elegans	Caenorhabditis elegans	Nematoda
Q	20	True	terminal	0.8	caenorhabditis_elegans	Caenorhabditis elegans	Nematoda
P	7	False	internal	0.0	caenorhabditis_elegans	Caenorhabditis elegans	Nematoda
R	2	False	internal	0.5	caenorhabditis_elegans	Caenorhabditis elegans	Nematoda
E	8	False	internal	0.0	caenorhabditis_elegans	Caenorhabditis elegans	Nematoda
E	9	False	internal	0.0	caenorhabditis_elegans	Caenorhabditis elegans	Nematoda
G	12	False	internal	0.5	caenorhabditis_elegans	Caenorhabditis elegans	Nematoda
G	4	False	internal	0.5	caenorhabditis_elegans	Caenorhabditis elegans	Nematoda
S	20	True	terminal	0.5	caenorhabditis_elegans	Caenorhabditis elegans	Nematoda
C	20	True	terminal	0.0	caenorhabditis_elegans	Caenorhabditis elegans	Nematoda
D	19	False	internal	0.0	caenorhabditis_elegans	Caenorhabditis elegans	Nematoda
T	3	False	internal	0.0	caenorhabditis_elegans	Caenorhabditis elegans	Nematoda
S	4	False	internal	0.5	caenorhabditis_elegans	Caenorhabditis elegans	Nematoda
D	14	False	internal	0.0	caenorhabditis_elegans	Caenorhabditis elegans	Nematoda
I	2	False	internal	0.0	caenorhabditis_elegans	Caenorhabditis elegans	Nematoda
S	5	False	internal	0.5	caenorhabditis_elegans	Caenorhabditis elegans	Nematoda
G	4	False	internal	0.5	caenorhabditis_elegans	Caenorhabditis elegans	Nematoda
S	8	False	internal	0.5	caenorhabditis_elegans	Caenorhabditis elegans	Nematoda
K	9	False	internal	0.0	caenorhabditis_elegans	Caenorhabditis elegans	Nematoda
A	4	False	internal	0.0	caenorhabditis_elegans	Caenorhabditis elegans	Nematoda
L	1	True	terminal	0.0	caenorhabditis_elegans	Caenorhabditis elegans	Nematoda
A	14	False	internal	0.0	caenorhabditis_elegans	Caenorhabditis elegans	Nematoda
C	20	True	terminal	0.0	caenorhabditis_elegans	Caenorhabditis elegans	Nematoda
G	6	False	internal	0.5	caenorhabditis_elegans	Caenorhabditis elegans	Nematoda
T	15	False	internal	0.0	caenorhabditis_elegans	Caenorhabditis elegans	Nematoda
E	12	False	internal	0.0	caenorhabditis_elegans	Caenorhabditis elegans	Nematoda
L	1	True	terminal	0.0	caenorhabditis_elegans	Caenorhabditis elegans	Nematoda
L	1	True	terminal	0.0	caenorhabditis_elegans	Caenorhabditis elegans	Nematoda
D	12	False	internal	0.0	caenorhabditis_elegans	Caenorhabditis elegans	Nematoda
C	18	False	internal	0.0	caenorhabditis_elegans	Caenorhabditis elegans	Nematoda
H	5	False	internal	0.0	caenorhabditis_elegans	Caenorhabditis elegans	Nematoda
S	6	False	internal	0.5	caenorhabditis_elegans	Caenorhabditis elegans	Nematoda
D	19	False	internal	0.0	caenorhabditis_elegans	Caenorhabditis elegans	Nematoda
S	18	False	internal	0.5	caenorhabditis_elegans	Caenorhabditis elegans	Nematoda
C	2	False	internal	0.0	caenorhabditis_elegans	Caenorhabditis elegans	Nematoda
K	3	False	internal	0.0	caenorhabditis_elegans	Caenorhabditis elegans	Nematoda
G	11	False	internal	0.5	caenorhabditis_elegans	Caenorhabditis elegans	Nematoda
R	4	False	internal	0.5	caenorhabditis_elegans	Caenorhabditis elegans	Nematoda
K	1	True	terminal	0.0	caenorhabditis_elegans	Caenorhabditis elegans	Nematoda
S	4	False	internal	0.5	caenorhabditis_elegans	Caenorhabditis elegans	Nematoda
T	4	False	internal	0.0	caenorhabditis_elegans	Caenorhabditis elegans	Nematoda
H	20	True	terminal	0.0	caenorhabditis_elegans	Caenorhabditis elegans	Nematoda
T	17	False	internal	0.0	caenorhabditis_elegans	Caenorhabditis elegans	Nematoda
P	17	False	internal	0.0	caenorhabditis_elegans	Caenorhabditis elegans	Nematoda
C	15	False	internal	0.0	caenorhabditis_elegans	Caenorhabditis elegans	Nematoda
E	19	False	internal	0.0	caenorhabditis_elegans	Caenorhabditis elegans	Nematoda
H	18	False	internal	0.0	caenorhabditis_elegans	Caenorhabditis elegans	Nematoda
S	6	False	internal	0.5	caenorhabditis_elegans	Caenorhabditis elegans	Nematoda
F	9	False	internal	1.0	caenorhabditis_elegans	Caenorhabditis elegans	Nematoda
F	1	True	terminal	1.0	caenorhabditis_elegans	Caenorhabditis elegans	Nematoda
Y	20	True	terminal	1.0	caenorhabditis_elegans	Caenorhabditis elegans	Nematoda
K	15	False	internal	0.0	caenorhabditis_elegans	Caenorhabditis elegans	Nematoda
W	17	False	internal	1.0	caenorhabditis_elegans	Caenorhabditis elegans	Nematoda
M	1	True	terminal	0.0	caenorhabditis_elegans	Caenorhabditis elegans	Nematoda
R	6	False	internal	0.5	caenorhabditis_elegans	Caenorhabditis elegans	Nematoda
H	11	False	internal	0.0	caenorhabditis_elegans	Caenorhabditis elegans	Nematoda
C	3	False	internal	0.0	caenorhabditis_elegans	Caenorhabditis elegans	Nematoda
L	2	False	internal	0.0	caenorhabditis_elegans	Caenorhabditis elegans	Nematoda
L	2	False	internal	0.0	caenorhabditis_elegans	Caenorhabditis elegans	Nematoda
T	4	False	internal	0.0	caenorhabditis_elegans	Caenorhabditis elegans	Nematoda
T	20	True	terminal	0.0	caenorhabditis_elegans	Caenorhabditis elegans	Nematoda
H	9	False	internal	0.0	caenorhabditis_elegans	Caenorhabditis elegans	Nematoda
R	1	True	terminal	0.5	caenorhabditis_elegans	Caenorhabditis elegans	Nematoda
G	12	False	internal	0.5	caenorhabditis_elegans	Caenorhabditis elegans	Nematoda
S	10	False	internal	0.5	caenorhabditis_elegans	Caenorhabditis elegans	Nematoda
W	14	False	internal	1.0	caenorhabditis_elegans	Caenorhabditis elegans	Nematoda
S	1	True	terminal	0.5	caenorhabditis_elegans	Caenorhabditis elegans	Nematoda
N	19	False	internal	0.8	caenorhabditis_elegans	Caenorhabditis elegans	Nematoda
A	18	False	internal	0.0	caenorhabditis_elegans	Caenorhabditis elegans	Nematoda
T	13	False	internal	0.0	caenorhabditis_elegans	Caenorhabditis elegans	Nematoda
C	15	False	internal	0.0	caenorhabditis_elegans	Caenorhabditis elegans	Nematoda
K	1	True	terminal	0.0	caenorhabditis_elegans	Caenorhabditis elegans	Nematoda
W	7	False	internal	1.0	caenorhabditis_elegans	Caenorhabditis elegans	Nematoda
S	20	True	terminal	0.5	caenorhabditis_elegans	Caenorhabditis elegans	Nematoda
K	9	False	internal	0.0	caenorhabditis_elegans	Caenorhabditis elegans	Nematoda
T	2	False	internal	0.0	caenorhabditis_elegans	Caenorhabditis elegans	Nematoda
S	16	False	internal	0.5	caenorhabditis_elegans	Caenorhabditis elegans	Nematoda
S	11	False	internal	0.5	caenorhabditis_elegans	Caenorhabditis elegans	Nematoda
A	13	False	internal	0.0	caenorhabditis_elegans	Caenorhabditis elegans	Nematoda
T	4	False	internal	0.0	caenorhabditis_elegans	Caenorhabditis elegans	Nematoda
A	18	False	internal	0.0	caenorhabditis_elegans	Caenorhabditis elegans	Nematoda
P	20	True	terminal	0.0	caenorhabditis_elegans	Caenorhabditis elegans	Nematoda
R	18	False	internal	0.5	caenorhabditis_elegans	Caenorhabditis elegans	Nematoda
P	16	False	internal	0.0	caenorhabditis_elegans	Caenorhabditis elegans	Nematoda
S	20	True	terminal	0.5	caenorhabditis_elegans	Caenorhabditis elegans	Nematoda
E	20	True	terminal	0.0	caenorhabditis_elegans	Caenorhabditis elegans	Nematoda
N	19	False	internal	0.8	caenorhabditis_elegans	Caenorhabditis elegans	Nematoda
G	1	True	terminal	0.5	caenorhabditis_elegans	Caenorhabditis elegans	Nematoda
C	20	True	terminal	0.0	caenorhabditis_elegans	Caenorhabditis elegans	Nematoda
D	13	False	internal	0.0	caenorhabditis_elegans	Caenorhabditis elegans	Nematoda
S	6	False	internal	0.5	caenorhabditis_elegans	Caenorhabditis elegans	Nematoda
G	20	True	terminal	0.5	caenorhabditis_elegans	Caenorhabditis elegans	Nematoda
N	20	True	terminal	0.8	caenorhabditis_elegans	Caenorhabditis elegans	Nematoda
A	7	False	internal	0.0	caenorhabditis_elegans	Caenorhabditis elegans	Nematoda
Q	10	False	internal	0.8	caenorhabditis_elegans	Caenorhabditis elegans	Nematoda
A	20	True	terminal	0.0	caenorhabditis_elegans	Caenorhabditis elegans	Nematoda
M	3	False	internal	0.0	caenorhabditis_elegans	Caenorhabditis elegans	Nematoda
R	16	False	internal	0.5	caenorhabditis_elegans	Caenorhabditis elegans	Nematoda
E	18	False	internal	0.0	caenorhabditis_elegans	Caenorhabditis elegans	Nematoda
G	7	False	internal	0.5	caenorhabditis_elegans	Caenorhabditis elegans	Nematoda
T	14	False	internal	0.0	caenorhabditis_elegans	Caenorhabditis elegans	Nematoda
K	1	True	terminal	0.0	caenorhabditis_elegans	Caenorhabditis elegans	Nematoda
E	7	False	internal	0.0	caenorhabditis_elegans	Caenorhabditis elegans	Nematoda
Q	20	True	terminal	0.8	caenorhabditis_elegans	Caenorhabditis elegans	Nematoda
P	8	False	internal	0.0	caenorhabditis_elegans	Caenorhabditis elegans	Nematoda
T	2	False	internal	0.0	caenorhabditis_elegans	Caenorhabditis elegans	Nematoda
K	7	False	internal	0.0	caenorhabditis_elegans	Caenorhabditis elegans	Nematoda
T	12	False	internal	0.0	caenorhabditis_elegans	Caenorhabditis elegans	Nematoda
D	8	False	internal	0.0	caenorhabditis_elegans	Caenorhabditis elegans	Nematoda
S	1	True	terminal	0.5	caenorhabditis_elegans	Caenorhabditis elegans	Nematoda
W	17	False	internal	1.0	caenorhabditis_elegans	Caenorhabditis elegans	Nematoda
E	15	False	internal	0.0	caenorhabditis_elegans	Caenorhabditis elegans	Nematoda
D	10	False	internal	0.0	caenorhabditis_elegans	Caenorhabditis elegans	Nematoda
H	6	False	internal	0.0	caenorhabditis_elegans	Caenorhabditis elegans	Nematoda
H	19	False	internal	0.0	caenorhabditis_elegans	Caenorhabditis elegans	Nematoda
C	20	True	terminal	0.0	caenorhabditis_elegans	Caenorhabditis elegans	Nematoda
P	5	False	internal	0.0	caenorhabditis_elegans	Caenorhabditis elegans	Nematoda
H	19	False	internal	0.0	caenorhabditis_elegans	Caenorhabditis elegans	Nematoda
P	19	False	internal	0.0	caenorhabditis_elegans	Caenorhabditis elegans	Nematoda
G	11	False	internal	0.5	caenorhabditis_elegans	Caenorhabditis elegans	Nematoda
T	4	False	internal	0.0	caenorhabditis_elegans	Caenorhabditis elegans	Nematoda
H	1	True	terminal	0.0	caenorhabditis_elegans	Caenorhabditis elegans	Nematoda
R	10	False	internal	0.5	caenorhabditis_elegans	Caenorhabditis elegans	Nematoda
E	4	False	internal	0.0	caenorhabditis_elegans	Caenorhabditis elegans	Nematoda
C	20	True	terminal	0.0	caenorhabditis_elegans	Caenorhabditis elegans	Nematoda
E	15	False	internal	0.0	caenorhabditis_elegans	Caenorhabditis elegans	Nematoda
E	14	False	internal	0.0	caenorhabditis_elegans	Caenorhabditis elegans	Nematoda
C	20	True	terminal	0.0	caenorhabditis_elegans	Caenorhabditis elegans	Nematoda
T	13	False	internal	0.0	caenorhabditis_elegans	Caenorhabditis elegans	Nematoda
C	1	True	terminal	0.0	caenorhabditis_elegans	Caenorhabditis elegans	Nematoda
S	5	False	internal	0.5	caenorhabditis_elegans	Caenorhabditis elegans	Nematoda
A	8	False	internal	0.0	caenorhabditis_elegans	Caenorhabditis elegans	Nematoda
A	11	False	internal	0.0	caenorhabditis_elegans	Caenorhabditis elegans	Nematoda
S	8	False	internal	0.5	caenorhabditis_elegans	Caenorhabditis elegans	Nematoda
L	1	True	terminal	0.0	caenorhabditis_elegans	Caenorhabditis elegans	Nematoda
Q	5	False	internal	0.8	caenorhabditis_elegans	Caenorhabditis elegans	Nematoda
E	12	False	internal	0.0	caenorhabditis_elegans	Caenorhabditis elegans	Nematoda
H	5	False	internal	0.0	caenorhabditis_elegans	Caenorhabditis elegans	Nematoda
L	1	True	terminal	0.0	caenorhabditis_elegans	Caenorhabditis elegans	Nematoda
P	3	False	internal	0.0	caenorhabditis_elegans	Caenorhabditis elegans	Nematoda
W	6	False	internal	1.0	caenorhabditis_elegans	Caenorhabditis elegans	Nematoda
L	1	True	terminal	0.0	caenorhabditis_elegans	Caenorhabditis elegans	Nematoda
K	12	False	internal	0.0	caenorhabditis_elegans	Caenorhabditis elegans	Nematoda
L	1	True	terminal	0.0	caenorhabditis_elegans	Caenorhabditis elegans	Nematoda
T	20	True	terminal	0.0	caenorhabditis_elegans	Caenorhabditis elegans	Nematoda
Q	11	False	internal	0.8	caenorhabditis_elegans	Caenorhabditis elegans	Nematoda
S	2	False	internal	0.5	caenorhabditis_elegans	Caenorhabditis elegans	Nematoda
S	1	True	terminal	0.5	caenorhabditis_elegans	Caenorhabditis elegans	Nematoda
C	9	False	internal	0.0	caenorhabditis_elegans	Caenorhabditis elegans	Nematoda
G	17	False	internal	0.5	caenorhabditis_elegans	Caenorhabditis elegans	Nematoda
K	12	False	internal	0.0	caenorhabditis_elegans	Caenorhabditis elegans	Nematoda
V	10	False	internal	0.0	caenorhabditis_elegans	Caenorhabditis elegans	Nematoda
P	2	False	internal	0.0	caenorhabditis_elegans	Caenorhabditis elegans	Nematoda
T	3	False	internal	0.0	caenorhabditis_elegans	Caenorhabditis elegans	Nematoda
T	18	False	internal	0.0	caenorhabditis_elegans	Caenorhabditis elegans	Nematoda
Q	18	False	internal	0.8	caenorhabditis_elegans	Caenorhabditis elegans	Nematoda
T	11	False	internal	0.0	caenorhabditis_elegans	Caenorhabditis elegans	Nematoda
T	20	True	terminal	0.0	caenorhabditis_elegans	Caenorhabditis elegans	Nematoda
N	9	False	internal	0.8	caenorhabditis_elegans	Caenorhabditis elegans	Nematoda
E	20	True	terminal	0.0	caenorhabditis_elegans	Caenorhabditis elegans	Nematoda
H	16	False	internal	0.0	caenorhabditis_elegans	Caenorhabditis elegans	Nematoda
T	19	False	internal	0.0	caenorhabditis_elegans	Caenorhabditis elegans	Nematoda
A	10	False	internal	0.0	caenorhabditis_elegans	Caenorhabditis elegans	Nematoda
N	3	False	internal	0.8	caenorhabditis_elegans	Caenorhabditis elegans	Nematoda
A	1	True	terminal	0.0	caenorhabditis_elegans	Caenorhabditis elegans	Nematoda
Q	1	True	terminal	0.8	caenorhabditis_elegans	Caenorhabditis elegans	Nematoda
D	2	False	internal	0.0	caenorhabditis_elegans	Caenorhabditis elegans	Nematoda
P	2	False	internal	0.0	caenorhabditis_elegans	Caenorhabditis elegans	Nematoda
Q	1	True	terminal	0.8	caenorhabditis_elegans	Caenorhabditis elegans	Nematoda
T	11	False	internal	0.0	caenorhabditis_elegans	Caenorhabditis elegans	Nematoda
S	6	False	internal	0.5	caenorhabditis_elegans	Caenorhabditis elegans	Nematoda
H	8	False	internal	0.0	caenorhabditis_elegans	Caenorhabditis elegans	Nematoda
C	11	False	internal	0.0	caenorhabditis_elegans	Caenorhabditis elegans	Nematoda
L	2	False	internal	0.0	caenorhabditis_elegans	Caenorhabditis elegans	Nematoda
N	19	False	internal	0.8	caenorhabditis_elegans	Caenorhabditis elegans	Nematoda
N	20	True	terminal	0.8	caenorhabditis_elegans	Caenorhabditis elegans	Nematoda
E	11	False	internal	0.0	caenorhabditis_elegans	Caenorhabditis elegans	Nematoda
A	17	False	internal	0.0	caenorhabditis_elegans	Caenorhabditis elegans	Nematoda
N	7	False	internal	0.8	caenorhabditis_elegans	Caenorhabditis elegans	Nematoda
S	19	False	internal	0.5	caenorhabditis_elegans	Caenorhabditis elegans	Nematoda
S	20	True	terminal	0.5	caenorhabditis_elegans	Caenorhabditis elegans	Nematoda
S	10	False	internal	0.5	caenorhabditis_elegans	Caenorhabditis elegans	Nematoda
D	19	False	internal	0.0	caenorhabditis_elegans	Caenorhabditis elegans	Nematoda
S	10	False	internal	0.5	caenorhabditis_elegans	Caenorhabditis elegans	Nematoda
P	7	False	internal	0.0	caenorhabditis_elegans	Caenorhabditis elegans	Nematoda
H	1	True	terminal	0.0	caenorhabditis_elegans	Caenorhabditis elegans	Nematoda
S	7	False	internal	0.5	caenorhabditis_elegans	Caenorhabditis elegans	Nematoda
R	4	False	internal	0.5	caenorhabditis_elegans	Caenorhabditis elegans	Nematoda
S	7	False	internal	0.5	caenorhabditis_elegans	Caenorhabditis elegans	Nematoda
K	6	False	internal	0.0	caenorhabditis_elegans	Caenorhabditis elegans	Nematoda
N	10	False	internal	0.8	caenorhabditis_elegans	Caenorhabditis elegans	Nematoda
A	14	False	internal	0.0	caenorhabditis_elegans	Caenorhabditis elegans	Nematoda
T	4	False	internal	0.0	caenorhabditis_elegans	Caenorhabditis elegans	Nematoda
T	3	False	internal	0.0	caenorhabditis_elegans	Caenorhabditis elegans	Nematoda
T	8	False	internal	0.0	caenorhabditis_elegans	Caenorhabditis elegans	Nematoda
S	20	True	terminal	0.5	caenorhabditis_elegans	Caenorhabditis elegans	Nematoda
G	18	False	internal	0.5	caenorhabditis_elegans	Caenorhabditis elegans	Nematoda
G	1	True	terminal	0.5	caenorhabditis_elegans	Caenorhabditis elegans	Nematoda
G	6	False	internal	0.5	caenorhabditis_elegans	Caenorhabditis elegans	Nematoda
T	12	False	internal	0.0	caenorhabditis_elegans	Caenorhabditis elegans	Nematoda
Q	17	False	internal	0.8	caenorhabditis_elegans	Caenorhabditis elegans	Nematoda
S	1	True	terminal	0.5	caenorhabditis_elegans	Caenorhabditis elegans	Nematoda
H	19	False	internal	0.0	caenorhabditis_elegans	Caenorhabditis elegans	Nematoda
M	1	True	terminal	0.0	caenorhabditis_elegans	Caenorhabditis elegans	Nematoda
T	4	False	internal	0.0	caenorhabditis_elegans	Caenorhabditis elegans	Nematoda
T	6	False	internal	0.0	caenorhabditis_elegans	Caenorhabditis elegans	Nematoda
D	20	True	terminal	0.0	caenorhabditis_elegans	Caenorhabditis elegans	Nematoda
C	20	True	terminal	0.0	caenorhabditis_elegans	Caenorhabditis elegans	Nematoda
G	3	False	internal	0.5	caenorhabditis_elegans	Caenorhabditis elegans	Nematoda
D	18	False	internal	0.0	caenorhabditis_elegans	Caenorhabditis elegans	Nematoda
A	19	False	internal	0.0	caenorhabditis_elegans	Caenorhabditis elegans	Nematoda
S	4	False	internal	0.5	caenorhabditis_elegans	Caenorhabditis elegans	Nematoda
R	2	False	internal	0.5	caenorhabditis_elegans	Caenorhabditis elegans	Nematoda
S	3	False	internal	0.5	caenorhabditis_elegans	Caenorhabditis elegans	Nematoda
L	1	True	terminal	0.0	caenorhabditis_elegans	Caenorhabditis elegans	Nematoda
T	14	False	internal	0.0	caenorhabditis_elegans	Caenorhabditis elegans	Nematoda
R	20	True	terminal	0.5	caenorhabditis_elegans	Caenorhabditis elegans	Nematoda
C	18	False	internal	0.0	caenorhabditis_elegans	Caenorhabditis elegans	Nematoda
N	11	False	internal	0.8	caenorhabditis_elegans	Caenorhabditis elegans	Nematoda
W	18	False	internal	1.0	caenorhabditis_elegans	Caenorhabditis elegans	Nematoda
V	12	False	internal	0.0	caenorhabditis_elegans	Caenorhabditis elegans	Nematoda
N	20	True	terminal	0.8	caenorhabditis_elegans	Caenorhabditis elegans	Nematoda
D	1	True	terminal	0.0	caenorhabditis_elegans	Caenorhabditis elegans	Nematoda
S	16	False	internal	0.5	caenorhabditis_elegans	Caenorhabditis elegans	Nematoda
C	16	False	internal	0.0	caenorhabditis_elegans	Caenorhabditis elegans	Nematoda
N	12	False	internal	0.8	caenorhabditis_elegans	Caenorhabditis elegans	Nematoda
Q	14	False	internal	0.8	caenorhabditis_elegans	Caenorhabditis elegans	Nematoda
P	10	False	internal	0.0	caenorhabditis_elegans	Caenorhabditis elegans	Nematoda
W	20	True	terminal	1.0	caenorhabditis_elegans	Caenorhabditis elegans	Nematoda
Q	17	False	internal	0.8	caenorhabditis_elegans	Caenorhabditis elegans	Nematoda
C	7	False	internal	0.0	caenorhabditis_elegans	Caenorhabditis elegans	Nematoda
G	17	False	internal	0.5	caenorhabditis_elegans	Caenorhabditis elegans	Nematoda
P	17	False	internal	0.0	caenorhabditis_elegans	Caenorhabditis elegans	Nematoda
T	6	False	internal	0.0	caenorhabditis_elegans	Caenorhabditis elegans	Nematoda
R	14	False	internal	0.5	caenorhabditis_elegans	Caenorhabditis elegans	Nematoda
Q	11	False	internal	0.8	caenorhabditis_elegans	Caenorhabditis elegans	Nematoda
I	7	False	internal	0.0	caenorhabditis_elegans	Caenorhabditis elegans	Nematoda
C	19	False	internal	0.0	caenorhabditis_elegans	Caenorhabditis elegans	Nematoda
P	7	False	internal	0.0	caenorhabditis_elegans	Caenorhabditis elegans	Nematoda
T	3	False	internal	0.0	caenorhabditis_elegans	Caenorhabditis elegans	Nematoda
K	7	False	internal	0.0	caenorhabditis_elegans	Caenorhabditis elegans	Nematoda
T	8	False	internal	0.0	caenorhabditis_elegans	Caenorhabditis elegans	Nematoda
C	19	False	internal	0.0	caenorhabditis_elegans	Caenorhabditis elegans	Nematoda
N	13	False	internal	0.8	caenorhabditis_elegans	Caenorhabditis elegans	Nematoda
H	19	False	internal	0.0	caenorhabditis_elegans	Caenorhabditis elegans	Nematoda
E	20	True	terminal	0.0	caenorhabditis_elegans	Caenorhabditis elegans	Nematoda
E	9	False	internal	0.0	caenorhabditis_elegans	Caenorhabditis elegans	Nematoda
S	2	False	internal	0.5	caenorhabditis_elegans	Caenorhabditis elegans	Nematoda
T	15	False	internal	0.0	caenorhabditis_elegans	Caenorhabditis elegans	Nematoda
T	15	False	internal	0.0	caenorhabditis_elegans	Caenorhabditis elegans	Nematoda
C	20	True	terminal	0.0	caenorhabditis_elegans	Caenorhabditis elegans	Nematoda
S	18	False	internal	0.5	caenorhabditis_elegans	Caenorhabditis elegans	Nematoda
T	16	False	internal	0.0	caenorhabditis_elegans	Caenorhabditis elegans	Nematoda
T	11	False	internal	0.0	caenorhabditis_elegans	Caenorhabditis elegans	Nematoda
G	1	True	terminal	0.5	caenorhabditis_elegans	Caenorhabditis elegans	Nematoda
Q	7	False	internal	0.8	caenorhabditis_elegans	Caenorhabditis elegans	Nematoda
A	2	False	internal	0.0	caenorhabditis_elegans	Caenorhabditis elegans	Nematoda
E	6	False	internal	0.0	caenorhabditis_elegans	Caenorhabditis elegans	Nematoda
T	9	False	internal	0.0	caenorhabditis_elegans	Caenorhabditis elegans	Nematoda
T	10	False	internal	0.0	caenorhabditis_elegans	Caenorhabditis elegans	Nematoda
K	16	False	internal	0.0	caenorhabditis_elegans	Caenorhabditis elegans	Nematoda
S	1	True	terminal	0.5	caenorhabditis_elegans	Caenorhabditis elegans	Nematoda
L	2	False	internal	0.0	caenorhabditis_elegans	Caenorhabditis elegans	Nematoda
S	15	False	internal	0.5	caenorhabditis_elegans	Caenorhabditis elegans	Nematoda
L	1	True	terminal	0.0	caenorhabditis_elegans	Caenorhabditis elegans	Nematoda
L	20	True	terminal	0.0	caenorhabditis_elegans	Caenorhabditis elegans	Nematoda
G	13	False	internal	0.5	caenorhabditis_elegans	Caenorhabditis elegans	Nematoda
T	15	False	internal	0.0	caenorhabditis_elegans	Caenorhabditis elegans	Nematoda
A	8	False	internal	0.0	caenorhabditis_elegans	Caenorhabditis elegans	Nematoda
P	4	False	internal	0.0	caenorhabditis_elegans	Caenorhabditis elegans	Nematoda
S	9	False	internal	0.5	caenorhabditis_elegans	Caenorhabditis elegans	Nematoda
K	20	True	terminal	0.0	caenorhabditis_elegans	Caenorhabditis elegans	Nematoda
C	19	False	internal	0.0	caenorhabditis_elegans	Caenorhabditis elegans	Nematoda
Q	5	False	internal	0.8	caenorhabditis_elegans	Caenorhabditis elegans	Nematoda
T	13	False	internal	0.0	caenorhabditis_elegans	Caenorhabditis elegans	Nematoda
K	3	False	internal	0.0	caenorhabditis_elegans	Caenorhabditis elegans	Nematoda
T	13	False	internal	0.0	caenorhabditis_elegans	Caenorhabditis elegans	Nematoda
P	19	False	internal	0.0	caenorhabditis_elegans	Caenorhabditis elegans	Nematoda
M	8	False	internal	0.0	caenorhabditis_elegans	Caenorhabditis elegans	Nematoda
H	2	False	internal	0.0	caenorhabditis_elegans	Caenorhabditis elegans	Nematoda
H	20	True	terminal	0.0	caenorhabditis_elegans	Caenorhabditis elegans	Nematoda
S	20	True	terminal	0.5	caenorhabditis_elegans	Caenorhabditis elegans	Nematoda
E	19	False	internal	0.0	caenorhabditis_elegans	Caenorhabditis elegans	Nematoda
G	8	False	internal	0.5	caenorhabditis_elegans	Caenorhabditis elegans	Nematoda
A	1	True	terminal	0.0	caenorhabditis_elegans	Caenorhabditis elegans	Nematoda
L	1	True	terminal	0.0	caenorhabditis_elegans	Caenorhabditis elegans	Nematoda
P	17	False	internal	0.0	caenorhabditis_elegans	Caenorhabditis elegans	Nematoda
C	1	True	terminal	0.0	caenorhabditis_elegans	Caenorhabditis elegans	Nematoda
T	20	True	terminal	0.0	caenorhabditis_elegans	Caenorhabditis elegans	Nematoda
C	10	False	internal	0.0	caenorhabditis_elegans	Caenorhabditis elegans	Nematoda
T	6	False	internal	0.0	caenorhabditis_elegans	Caenorhabditis elegans	Nematoda
V	1	True	terminal	0.0	caenorhabditis_elegans	Caenorhabditis elegans	Nematoda
M	18	False	internal	0.0	caenorhabditis_elegans	Caenorhabditis elegans	Nematoda
Q	6	False	internal	0.8	caenorhabditis_elegans	Caenorhabditis elegans	Nematoda
Q	12	False	internal	0.8	caenorhabditis_elegans	Caenorhabditis elegans	Nematoda
S	1	True	terminal	0.5	caenorhabditis_elegans	Caenorhabditis elegans	Nematoda
T	20	True	terminal	0.0	caenorhabditis_elegans	Caenorhabditis elegans	Nematoda
H	16	False	internal	0.0	caenorhabditis_elegans	Caenorhabditis elegans	Nematoda
H	16	False	internal	0.0	caenorhabditis_elegans	Caenorhabditis elegans	Nematoda
C	20	True	terminal	0.0	caenorhabditis_elegans	Caenorhabditis elegans	Nematoda
P	17	False	internal	0.0	caenorhabditis_elegans	Caenorhabditis elegans	Nematoda
L	2	False	internal	0.0	caenorhabditis_elegans	Caenorhabditis elegans	Nematoda
H	19	False	internal	0.0	caenorhabditis_elegans	Caenorhabditis elegans	Nematoda
E	1	True	terminal	0.0	caenorhabditis_elegans	Caenorhabditis elegans	Nematoda
R	16	False	internal	0.5	caenorhabditis_elegans	Caenorhabditis elegans	Nematoda
S	7	False	internal	0.5	caenorhabditis_elegans	Caenorhabditis elegans	Nematoda
K	20	True	terminal	0.0	caenorhabditis_elegans	Caenorhabditis elegans	Nematoda
T	6	False	internal	0.0	caenorhabditis_elegans	Caenorhabditis elegans	Nematoda
R	1	True	terminal	0.5	caenorhabditis_elegans	Caenorhabditis elegans	Nematoda
E	15	False	internal	0.0	caenorhabditis_elegans	Caenorhabditis elegans	Nematoda
N	3	False	internal	0.8	caenorhabditis_elegans	Caenorhabditis elegans	Nematoda
C	2	False	internal	0.0	caenorhabditis_elegans	Caenorhabditis elegans	Nematoda
T	17	False	internal	0.0	caenorhabditis_elegans	Caenorhabditis elegans	Nematoda
D	20	True	terminal	0.0	caenorhabditis_elegans	Caenorhabditis elegans	Nematoda
G	6	False	internal	0.5	caenorhabditis_elegans	Caenorhabditis elegans	Nematoda
P	3	False	internal	0.0	caenorhabditis_elegans	Caenorhabditis elegans	Nematoda
Q	3	False	internal	0.8	caenorhabditis_elegans	Caenorhabditis elegans	Nematoda
G	11	False	internal	0.5	caenorhabditis_elegans	Caenorhabditis elegans	Nematoda
P	10	False	internal	0.0	caenorhabditis_elegans	Caenorhabditis elegans	Nematoda
S	2	False	internal	0.5	caenorhabditis_elegans	Caenorhabditis elegans	Nematoda
P	2	False	internal	0.0	caenorhabditis_elegans	Caenorhabditis elegans	Nematoda
H	1	True	terminal	0.0	caenorhabditis_elegans	Caenorhabditis elegans	Nematoda
P	4	False	internal	0.0	caenorhabditis_elegans	Caenorhabditis elegans	Nematoda
T	5	False	internal	0.0	caenorhabditis_elegans	Caenorhabditis elegans	Nematoda
S	18	False	internal	0.5	caenorhabditis_elegans	Caenorhabditis elegans	Nematoda
T	18	False	internal	0.0	caenorhabditis_elegans	Caenorhabditis elegans	Nematoda
P	7	False	internal	0.0	caenorhabditis_elegans	Caenorhabditis elegans	Nematoda
D	19	False	internal	0.0	caenorhabditis_elegans	Caenorhabditis elegans	Nematoda
Q	18	False	internal	0.8	caenorhabditis_elegans	Caenorhabditis elegans	Nematoda
H	19	False	internal	0.0	caenorhabditis_elegans	Caenorhabditis elegans	Nematoda
S	9	False	internal	0.5	caenorhabditis_elegans	Caenorhabditis elegans	Nematoda
T	14	False	internal	0.0	caenorhabditis_elegans	Caenorhabditis elegans	Nematoda
H	18	False	internal	0.0	caenorhabditis_elegans	Caenorhabditis elegans	Nematoda
P	5	False	internal	0.0	caenorhabditis_elegans	Caenorhabditis elegans	Nematoda
P	3	False	internal	0.0	caenorhabditis_elegans	Caenorhabditis elegans	Nematoda
H	12	False	internal	0.0	caenorhabditis_elegans	Caenorhabditis elegans	Nematoda
S	6	False	internal	0.5	caenorhabditis_elegans	Caenorhabditis elegans	Nematoda
L	1	True	terminal	0.0	caenorhabditis_elegans	Caenorhabditis elegans	Nematoda
T	8	False	internal	0.0	caenorhabditis_elegans	Caenorhabditis elegans	Nematoda
T	15	False	internal	0.0	caenorhabditis_elegans	Caenorhabditis elegans	Nematoda
Q	18	False	internal	0.8	caenorhabditis_elegans	Caenorhabditis elegans	Nematoda
C	19	False	internal	0.0	caenorhabditis_elegans	Caenorhabditis elegans	Nematoda
G	3	False	internal	0.5	caenorhabditis_elegans	Caenorhabditis elegans	Nematoda
S	11	False	internal	0.5	caenorhabditis_elegans	Caenorhabditis elegans	Nematoda
T	3	False	internal	0.0	caenorhabditis_elegans	Caenorhabditis elegans	Nematoda
S	17	False	internal	0.5	caenorhabditis_elegans	Caenorhabditis elegans	Nematoda
G	16	False	internal	0.5	caenorhabditis_elegans	Caenorhabditis elegans	Nematoda
C	17	False	internal	0.0	caenorhabditis_elegans	Caenorhabditis elegans	Nematoda
A	11	False	internal	0.0	caenorhabditis_elegans	Caenorhabditis elegans	Nematoda
T	2	False	internal	0.0	caenorhabditis_elegans	Caenorhabditis elegans	Nematoda
A	5	False	internal	0.0	caenorhabditis_elegans	Caenorhabditis elegans	Nematoda
T	14	False	internal	0.0	caenorhabditis_elegans	Caenorhabditis elegans	Nematoda
L	1	True	terminal	0.0	caenorhabditis_elegans	Caenorhabditis elegans	Nematoda
W	14	False	internal	1.0	caenorhabditis_elegans	Caenorhabditis elegans	Nematoda
T	20	True	terminal	0.0	caenorhabditis_elegans	Caenorhabditis elegans	Nematoda
P	1	True	terminal	0.0	caenorhabditis_elegans	Caenorhabditis elegans	Nematoda
T	16	False	internal	0.0	caenorhabditis_elegans	Caenorhabditis elegans	Nematoda
S	20	True	terminal	0.5	caenorhabditis_elegans	Caenorhabditis elegans	Nematoda
A	20	True	terminal	0.0	caenorhabditis_elegans	Caenorhabditis elegans	Nematoda
T	19	False	internal	0.0	caenorhabditis_elegans	Caenorhabditis elegans	Nematoda
T	16	False	internal	0.0	caenorhabditis_elegans	Caenorhabditis elegans	Nematoda
Q	4	False	internal	0.8	caenorhabditis_elegans	Caenorhabditis elegans	Nematoda
H	19	False	internal	0.0	caenorhabditis_elegans	Caenorhabditis elegans	Nematoda
D	20	True	terminal	0.0	caenorhabditis_elegans	Caenorhabditis elegans	Nematoda
T	4	False	internal	0.0	caenorhabditis_elegans	Caenorhabditis elegans	Nematoda
K	20	True	terminal	0.0	caenorhabditis_elegans	Caenorhabditis elegans	Nematoda
E	20	True	terminal	0.0	caenorhabditis_elegans	Caenorhabditis elegans	Nematoda
W	4	False	internal	1.0	caenorhabditis_elegans	Caenorhabditis elegans	Nematoda
P	20	True	terminal	0.0	caenorhabditis_elegans	Caenorhabditis elegans	Nematoda
T	15	False	internal	0.0	caenorhabditis_elegans	Caenorhabditis elegans	Nematoda
H	16	False	internal	0.0	caenorhabditis_elegans	Caenorhabditis elegans	Nematoda
S	3	False	internal	0.5	caenorhabditis_elegans	Caenorhabditis elegans	Nematoda
N	20	True	terminal	0.8	caenorhabditis_elegans	Caenorhabditis elegans	Nematoda
W	17	False	internal	1.0	caenorhabditis_elegans	Caenorhabditis elegans	Nematoda
Q	3	False	internal	0.8	caenorhabditis_elegans	Caenorhabditis elegans	Nematoda
D	20	True	terminal	0.0	caenorhabditis_elegans	Caenorhabditis elegans	Nematoda
S	17	False	internal	0.5	caenorhabditis_elegans	Caenorhabditis elegans	Nematoda
T	17	False	internal	0.0	caenorhabditis_elegans	Caenorhabditis elegans	Nematoda
T	5	False	internal	0.0	caenorhabditis_elegans	Caenorhabditis elegans	Nematoda
T	5	False	internal	0.0	caenorhabditis_elegans	Caenorhabditis elegans	Nematoda
H	8	False	internal	0.0	caenorhabditis_elegans	Caenorhabditis elegans	Nematoda
P	20	True	terminal	0.0	caenorhabditis_elegans	Caenorhabditis elegans	Nematoda
G	14	False	internal	0.5	caenorhabditis_elegans	Caenorhabditis elegans	Nematoda
T	12	False	internal	0.0	caenorhabditis_elegans	Caenorhabditis elegans	Nematoda
L	1	True	terminal	0.0	caenorhabditis_elegans	Caenorhabditis elegans	Nematoda
D	16	False	internal	0.0	caenorhabditis_elegans	Caenorhabditis elegans	Nematoda
R	12	False	internal	0.5	caenorhabditis_elegans	Caenorhabditis elegans	Nematoda
G	13	False	internal	0.5	caenorhabditis_elegans	Caenorhabditis elegans	Nematoda
G	15	False	internal	0.5	caenorhabditis_elegans	Caenorhabditis elegans	Nematoda
L	15	False	internal	0.0	caenorhabditis_elegans	Caenorhabditis elegans	Nematoda
E	1	True	terminal	0.0	caenorhabditis_elegans	Caenorhabditis elegans	Nematoda
E	20	True	terminal	0.0	caenorhabditis_elegans	Caenorhabditis elegans	Nematoda
S	1	True	terminal	0.5	caenorhabditis_elegans	Caenorhabditis elegans	Nematoda
R	9	False	internal	0.5	caenorhabditis_elegans	Caenorhabditis elegans	Nematoda
T	6	False	internal	0.0	caenorhabditis_elegans	Caenorhabditis elegans	Nematoda
H	1	True	terminal	0.0	caenorhabditis_elegans	Caenorhabditis elegans	Nematoda
G	20	True	terminal	0.5	caenorhabditis_elegans	Caenorhabditis elegans	Nematoda
S	1	True	terminal	0.5	caenorhabditis_elegans	Caenorhabditis elegans	Nematoda
S	20	True	terminal	0.5	caenorhabditis_elegans	Caenorhabditis elegans	Nematoda
P	12	False	internal	0.0	caenorhabditis_elegans	Caenorhabditis elegans	Nematoda
H	1	True	terminal	0.0	caenorhabditis_elegans	Caenorhabditis elegans	Nematoda
H	20	True	terminal	0.0	caenorhabditis_elegans	Caenorhabditis elegans	Nematoda
T	4	False	internal	0.0	caenorhabditis_elegans	Caenorhabditis elegans	Nematoda
S	9	False	internal	0.5	caenorhabditis_elegans	Caenorhabditis elegans	Nematoda
N	13	False	internal	0.8	caenorhabditis_elegans	Caenorhabditis elegans	Nematoda
R	18	False	internal	0.5	caenorhabditis_elegans	Caenorhabditis elegans	Nematoda
D	18	False	internal	0.0	caenorhabditis_elegans	Caenorhabditis elegans	Nematoda
N	4	False	internal	0.8	caenorhabditis_elegans	Caenorhabditis elegans	Nematoda
C	1	True	terminal	0.0	caenorhabditis_elegans	Caenorhabditis elegans	Nematoda
H	7	False	internal	0.0	caenorhabditis_elegans	Caenorhabditis elegans	Nematoda
N	19	False	internal	0.8	caenorhabditis_elegans	Caenorhabditis elegans	Nematoda
K	14	False	internal	0.0	caenorhabditis_elegans	Caenorhabditis elegans	Nematoda
T	17	False	internal	0.0	caenorhabditis_elegans	Caenorhabditis elegans	Nematoda
D	19	False	internal	0.0	caenorhabditis_elegans	Caenorhabditis elegans	Nematoda
P	18	False	internal	0.0	caenorhabditis_elegans	Caenorhabditis elegans	Nematoda
L	9	False	internal	0.0	caenorhabditis_elegans	Caenorhabditis elegans	Nematoda
P	6	False	internal	0.0	caenorhabditis_elegans	Caenorhabditis elegans	Nematoda
A	16	False	internal	0.0	caenorhabditis_elegans	Caenorhabditis elegans	Nematoda
T	15	False	internal	0.0	caenorhabditis_elegans	Caenorhabditis elegans	Nematoda
R	15	False	internal	0.5	caenorhabditis_elegans	Caenorhabditis elegans	Nematoda
G	1	True	terminal	0.5	caenorhabditis_elegans	Caenorhabditis elegans	Nematoda
D	20	True	terminal	0.0	caenorhabditis_elegans	Caenorhabditis elegans	Nematoda
I	3	False	internal	0.0	caenorhabditis_elegans	Caenorhabditis elegans	Nematoda
C	2	False	internal	0.0	caenorhabditis_elegans	Caenorhabditis elegans	Nematoda
C	10	False	internal	0.0	caenorhabditis_elegans	Caenorhabditis elegans	Nematoda
A	7	False	internal	0.0	caenorhabditis_elegans	Caenorhabditis elegans	Nematoda
T	18	False	internal	0.0	caenorhabditis_elegans	Caenorhabditis elegans	Nematoda
Q	1	True	terminal	0.8	caenorhabditis_elegans	Caenorhabditis elegans	Nematoda
E	20	True	terminal	0.0	caenorhabditis_elegans	Caenorhabditis elegans	Nematoda
T	14	False	internal	0.0	caenorhabditis_elegans	Caenorhabditis elegans	Nematoda
C	18	False	internal	0.0	caenorhabditis_elegans	Caenorhabditis elegans	Nematoda
L	1	True	terminal	0.0	caenorhabditis_elegans	Caenorhabditis elegans	Nematoda
C	1	True	terminal	0.0	caenorhabditis_elegans	Caenorhabditis elegans	Nematoda
T	7	False	internal	0.0	caenorhabditis_elegans	Caenorhabditis elegans	Nematoda
A	16	False	internal	0.0	caenorhabditis_elegans	Caenorhabditis elegans	Nematoda
H	20	True	terminal	0.0	caenorhabditis_elegans	Caenorhabditis elegans	Nematoda
T	19	False	internal	0.0	caenorhabditis_elegans	Caenorhabditis elegans	Nematoda
T	10	False	internal	0.0	caenorhabditis_elegans	Caenorhabditis elegans	Nematoda
C	4	False	internal	0.0	caenorhabditis_elegans	Caenorhabditis elegans	Nematoda
H	3	False	internal	0.0	caenorhabditis_elegans	Caenorhabditis elegans	Nematoda
I	1	True	terminal	0.0	caenorhabditis_elegans	Caenorhabditis elegans	Nematoda
A	10	False	internal	0.0	caenorhabditis_elegans	Caenorhabditis elegans	Nematoda
Q	16	False	internal	0.8	caenorhabditis_elegans	Caenorhabditis elegans	Nematoda
D	1	True	terminal	0.0	caenorhabditis_elegans	Caenorhabditis elegans	Nematoda
T	5	False	internal	0.0	caenorhabditis_elegans	Caenorhabditis elegans	Nematoda
G	13	False	internal	0.5	caenorhabditis_elegans	Caenorhabditis elegans	Nematoda
W	6	False	internal	1.0	caenorhabditis_elegans	Caenorhabditis elegans	Nematoda
C	12	False	internal	0.0	caenorhabditis_elegans	Caenorhabditis elegans	Nematoda
L	17	False	internal	0.0	caenorhabditis_elegans	Caenorhabditis elegans	Nematoda
T	5	False	internal	0.0	caenorhabditis_elegans	Caenorhabditis elegans	Nematoda
T	9	False	internal	0.0	caenorhabditis_elegans	Caenorhabditis elegans	Nematoda
G	19	False	internal	0.5	caenorhabditis_elegans	Caenorhabditis elegans	Nematoda
A	1	True	terminal	0.0	caenorhabditis_elegans	Caenorhabditis elegans	Nematoda
L	1	True	terminal	0.0	caenorhabditis_elegans	Caenorhabditis elegans	Nematoda
T	18	False	internal	0.0	caenorhabditis_elegans	Caenorhabditis elegans	Nematoda
R	2	False	internal	0.5	caenorhabditis_elegans	Caenorhabditis elegans	Nematoda
S	1	True	terminal	0.5	caenorhabditis_elegans	Caenorhabditis elegans	Nematoda
P	10	False	internal	0.0	caenorhabditis_elegans	Caenorhabditis elegans	Nematoda
I	1	True	terminal	0.0	caenorhabditis_elegans	Caenorhabditis elegans	Nematoda
L	12	False	internal	0.0	caenorhabditis_elegans	Caenorhabditis elegans	Nematoda
D	20	True	terminal	0.0	caenorhabditis_elegans	Caenorhabditis elegans	Nematoda
K	19	False	internal	0.0	caenorhabditis_elegans	Caenorhabditis elegans	Nematoda
T	11	False	internal	0.0	caenorhabditis_elegans	Caenorhabditis elegans	Nematoda
E	20	True	terminal	0.0	caenorhabditis_elegans	Caenorhabditis elegans	Nematoda
D	7	False	internal	0.0	caenorhabditis_elegans	Caenorhabditis elegans	Nematoda
H	11	False	internal	0.0	caenorhabditis_elegans	Caenorhabditis elegans	Nematoda
P	10	False	internal	0.0	caenorhabditis_elegans	Caenorhabditis elegans	Nematoda
H	2	False	internal	0.0	caenorhabditis_elegans	Caenorhabditis elegans	Nematoda
K	5	False	internal	0.0	caenorhabditis_elegans	Caenorhabditis elegans	Nematoda
T	18	False	internal	0.0	caenorhabditis_elegans	Caenorhabditis elegans	Nematoda
E	11	False	internal	0.0	caenorhabditis_elegans	Caenorhabditis elegans	Nematoda
W	7	False	internal	1.0	caenorhabditis_elegans	Caenorhabditis elegans	Nematoda
A	20	True	terminal	0.0	caenorhabditis_elegans	Caenorhabditis elegans	Nematoda
A	17	False	internal	0.0	caenorhabditis_elegans	Caenorhabditis elegans	Nematoda
G	10	False	internal	0.5	caenorhabditis_elegans	Caenorhabditis elegans	Nematoda
D	18	False	internal	0.0	caenorhabditis_elegans	Caenorhabditis elegans	Nematoda
E	3	False	internal	0.0	caenorhabditis_elegans	Caenorhabditis elegans	Nematoda
P	17	False	internal	0.0	caenorhabditis_elegans	Caenorhabditis elegans	Nematoda
D	16	False	internal	0.0	caenorhabditis_elegans	Caenorhabditis elegans	Nematoda
P	1	True	terminal	0.0	caenorhabditis_elegans	Caenorhabditis elegans	Nematoda
T	7	False	internal	0.0	caenorhabditis_elegans	Caenorhabditis elegans	Nematoda
E	14	False	internal	0.0	caenorhabditis_elegans	Caenorhabditis elegans	Nematoda
A	11	False	internal	0.0	caenorhabditis_elegans	Caenorhabditis elegans	Nematoda
T	20	True	terminal	0.0	caenorhabditis_elegans	Caenorhabditis elegans	Nematoda
R	8	False	internal	0.5	caenorhabditis_elegans	Caenorhabditis elegans	Nematoda
A	16	False	internal	0.0	caenorhabditis_elegans	Caenorhabditis elegans	Nematoda
M	6	False	internal	0.0	caenorhabditis_elegans	Caenorhabditis elegans	Nematoda
H	15	False	internal	0.0	caenorhabditis_elegans	Caenorhabditis elegans	Nematoda
P	19	False	internal	0.0	caenorhabditis_elegans	Caenorhabditis elegans	Nematoda
A	9	False	internal	0.0	caenorhabditis_elegans	Caenorhabditis elegans	Nematoda
S	2	False	internal	0.5	caenorhabditis_elegans	Caenorhabditis elegans	Nematoda
P	10	False	internal	0.0	caenorhabditis_elegans	Caenorhabditis elegans	Nematoda
K	10	False	internal	0.0	caenorhabditis_elegans	Caenorhabditis elegans	Nematoda
M	15	False	internal	0.0	caenorhabditis_elegans	Caenorhabditis elegans	Nematoda
T	4	False	internal	0.0	caenorhabditis_elegans	Caenorhabditis elegans	Nematoda
P	7	False	internal	0.0	caenorhabditis_elegans	Caenorhabditis elegans	Nematoda
G	3	False	internal	0.5	caenorhabditis_elegans	Caenorhabditis elegans	Nematoda
G	3	False	internal	0.5	caenorhabditis_elegans	Caenorhabditis elegans	Nematoda
T	7	False	internal	0.0	caenorhabditis_elegans	Caenorhabditis elegans	Nematoda
S	17	False	internal	0.5	caenorhabditis_elegans	Caenorhabditis elegans	Nematoda
S	12	False	internal	0.5	caenorhabditis_elegans	Caenorhabditis elegans	Nematoda
A	4	False	internal	0.0	caenorhabditis_elegans	Caenorhabditis elegans	Nematoda
A	20	True	terminal	0.0	caenorhabditis_elegans	Caenorhabditis elegans	Nematoda
T	13	False	internal	0.0	caenorhabditis_elegans	Caenorhabditis elegans	Nematoda
E	11	False	internal	0.0	caenorhabditis_elegans	Caenorhabditis elegans	Nematoda
L	3	False	internal	0.0	caenorhabditis_elegans	Caenorhabditis elegans	Nematoda
L	3	False	internal	0.0	caenorhabditis_elegans	Caenorhabditis elegans	Nematoda
T	2	False	internal	0.0	caenorhabditis_elegans	Caenorhabditis elegans	Nematoda
T	19	False	internal	0.0	caenorhabditis_elegans	Caenorhabditis elegans	Nematoda
M	1	True	terminal	0.0	caenorhabditis_elegans	Caenorhabditis elegans	Nematoda
C	13	False	internal	0.0	caenorhabditis_elegans	Caenorhabditis elegans	Nematoda
R	4	False	internal	0.5	caenorhabditis_elegans	Caenorhabditis elegans	Nematoda
S	19	False	internal	0.5	caenorhabditis_elegans	Caenorhabditis elegans	Nematoda
C	17	False	internal	0.0	caenorhabditis_elegans	Caenorhabditis elegans	Nematoda
T	5	False	internal	0.0	caenorhabditis_elegans	Caenorhabditis elegans	Nematoda
D	12	False	internal	0.0	caenorhabditis_elegans	Caenorhabditis elegans	Nematoda
T	6	False	internal	0.0	caenorhabditis_elegans	Caenorhabditis elegans	Nematoda
T	19	False	internal	0.0	caenorhabditis_elegans	Caenorhabditis elegans	Nematoda
G	17	False	internal	0.5	caenorhabditis_elegans	Caenorhabditis elegans	Nematoda
I	19	False	internal	0.0	caenorhabditis_elegans	Caenorhabditis elegans	Nematoda
F	2	False	internal	1.0	caenorhabditis_elegans	Caenorhabditis elegans	Nematoda
C	1	True	terminal	0.0	caenorhabditis_elegans	Caenorhabditis elegans	Nematoda
T	5	False	internal	0.0	caenorhabditis_elegans	Caenorhabditis elegans	Nematoda
G	3	False	internal	0.5	caenorhabditis_elegans	Caenorhabditis elegans	Nematoda
V	9	False	internal	0.0	caenorhabditis_elegans	Caenorhabditis elegans	Nematoda
C	8	False	internal	0.0	caenorhabditis_elegans	Caenorhabditis elegans	Nematoda
S	3	False	internal	0.5	caenorhabditis_elegans	Caenorhabditis elegans	Nematoda
P	14	False	internal	0.0	caenorhabditis_elegans	Caenorhabditis elegans	Nematoda
P	6	False	internal	0.0	caenorhabditis_elegans	Caenorhabditis elegans	Nematoda
H	5	False	internal	0.0	caenorhabditis_elegans	Caenorhabditis elegans	Nematoda
I	9	False	internal	0.0	caenorhabditis_elegans	Caenorhabditis elegans	Nematoda
M	17	False	internal	0.0	caenorhabditis_elegans	Caenorhabditis elegans	Nematoda
N	4	False	internal	0.8	drosophila_melanogaster	Drosophila melanogaster	Insecta
A	4	False	internal	0.0	drosophila_melanogaster	Drosophila melanogaster	Insecta
D	1	True	terminal	0.0	drosophila_melanogaster	Drosophila melanogaster	Insecta
N	3	False	internal	0.8	drosophila_melanogaster	Drosophila melanogaster	Insecta
D	19	False	internal	0.0	drosophila_melanogaster	Drosophila melanogaster	Insecta
Q	19	False	internal	0.8	drosophila_melanogaster	Drosophila melanogaster	Insecta
S	20	True	terminal	0.5	drosophila_melanogaster	Drosophila melanogaster	Insecta
Q	2	False	internal	0.8	drosophila_melanogaster	Drosophila melanogaster	Insecta
A	11	False	internal	0.0	drosophila_melanogaster	Drosophila melanogaster	Insecta
C	3	False	internal	0.0	drosophila_melanogaster	Drosophila melanogaster	Insecta
H	15	False	internal	0.0	drosophila_melanogaster	Drosophila melanogaster	Insecta
W	9	False	internal	1.0	drosophila_melanogaster	Drosophila melanogaster	Insecta
C	13	False	internal	0.0	drosophila_melanogaster	Drosophila melanogaster	Insecta
A	1	True	terminal	0.0	drosophila_melanogaster	Drosophila melanogaster	Insecta
L	1	True	terminal	0.0	drosophila_melanogaster	Drosophila melanogaster	Insecta
Q	2	False	internal	0.8	drosophila_melanogaster	Drosophila melanogaster	Insecta
G	10	False	internal	0.5	drosophila_melanogaster	Drosophila melanogaster	Insecta
H	2	False	internal	0.0	drosophila_melanogaster	Drosophila melanogaster	Insecta
A	12	False	internal	0.0	drosophila_melanogaster	Drosophila melanogaster	Insecta
S	11	False	internal	0.5	drosophila_melanogaster	Drosophila melanogaster	Insecta
A	2	False	internal	0.0	drosophila_melanogaster	Drosophila melanogaster	Insecta
C	9	False	internal	0.0	drosophila_melanogaster	Drosophila melanogaster	Insecta
N	1	True	terminal	0.8	drosophila_melanogaster	Drosophila melanogaster	Insecta
T	4	False	internal	0.0	drosophila_melanogaster	Drosophila melanogaster	Insecta
L	1	True	terminal	0.0	drosophila_melanogaster	Drosophila melanogaster	Insecta
A	4	False	internal	0.0	drosophila_melanogaster	Drosophila melanogaster	Insecta
A	18	False	internal	0.0	drosophila_melanogaster	Drosophila melanogaster	Insecta
N	17	False	internal	0.8	drosophila_melanogaster	Drosophila melanogaster	Insecta
Q	20	True	terminal	0.8	drosophila_melanogaster	Drosophila melanogaster	Insecta
Q	14	False	internal	0.8	drosophila_melanogaster	Drosophila melanogaster	Insecta
R	18	False	internal	0.5	drosophila_melanogaster	Drosophila melanogaster	Insecta
G	2	False	internal	0.5	drosophila_melanogaster	Drosophila melanogaster	Insecta
Q	20	True	terminal	0.8	drosophila_melanogaster	Drosophila melanogaster	Insecta
A	15	False	internal	0.0	drosophila_melanogaster	Drosophila melanogaster	Insecta
K	2	False	internal	0.0	drosophila_melanogaster	Drosophila melanogaster	Insecta
Q	5	False	internal	0.8	drosophila_melanogaster	Drosophila melanogaster	Insecta
S	11	False	internal	0.5	drosophila_melanogaster	Drosophila melanogaster	Insecta
E	11	False	internal	0.0	drosophila_melanogaster	Drosophila melanogaster	Insecta
N	19	False	internal	0.8	drosophila_melanogaster	Drosophila melanogaster	Insecta
Q	16	False	internal	0.8	drosophila_melanogaster	Drosophila melanogaster	Insecta
G	7	False	internal	0.5	drosophila_melanogaster	Drosophila melanogaster	Insecta
N	4	False	internal	0.8	drosophila_melanogaster	Drosophila melanogaster	Insecta
L	1	True	terminal	0.0	drosophila_melanogaster	Drosophila melanogaster	Insecta
G	14	False	internal	0.5	drosophila_melanogaster	Drosophila melanogaster	Insecta
D	20	True	terminal	0.0	drosophila_melanogaster	Drosophila melanogaster	Insecta
K	4	False	internal	0.0	drosophila_melanogaster	Drosophila melanogaster	Insecta
Q	20	True	terminal	0.8	drosophila_melanogaster	Drosophila melanogaster	Insecta
L	1	True	terminal	0.0	drosophila_melanogaster	Drosophila melanogaster	Insecta
P	7	False	internal	0.0	drosophila_melanogaster	Drosophila melanogaster	Insecta
L	1	True	terminal	0.0	drosophila_melanogaster	Drosophila melanogaster	Insecta
P	20	True	terminal	0.0	drosophila_melanogaster	Drosophila melanogaster	Insecta
M	2	False	internal	0.0	drosophila_melanogaster	Drosophila melanogaster	Insecta
Q	10	False	internal	0.8	drosophila_melanogaster	Drosophila melanogaster	Insecta
A	16	False	internal	0.0	drosophila_melanogaster	Drosophila melanogaster	Insecta
Q	5	False	internal	0.8	drosophila_melanogaster	Drosophila melanogaster	Insecta
E	19	False	internal	0.0	drosophila_melanogaster	Drosophila melanogaster	Insecta
R	1	True	terminal	0.5	drosophila_melanogaster	Drosophila melanogaster	Insecta
Q	3	False	internal	0.8	drosophila_melanogaster	Drosophila melanogaster	Insecta
T	4	False	internal	0.0	drosophila_melanogaster	Drosophila melanogaster	Insecta
A	7	False	internal	0.0	drosophila_melanogaster	Drosophila melanogaster	Insecta
A	15	False	internal	0.0	drosophila_melanogaster	Drosophila melanogaster	Insecta
S	7	False	internal	0.5	drosophila_melanogaster	Drosophila melanogaster	Insecta
Q	14	False	internal	0.8	drosophila_melanogaster	Drosophila melanogaster	Insecta
P	15	False	internal	0.0	drosophila_melanogaster	Drosophila melanogaster	Insecta
A	1	True	terminal	0.0	drosophila_melanogaster	Drosophila melanogaster	Insecta
W	16	False	internal	1.0	drosophila_melanogaster	Drosophila melanogaster	Insecta
Q	12	False	internal	0.8	drosophila_melanogaster	Drosophila melanogaster	Insecta
E	7	False	internal	0.0	drosophila_melanogaster	Drosophila melanogaster	Insecta
A	15	False	internal	0.0	drosophila_melanogaster	Drosophila melanogaster	Insecta
Q	19	False	internal	0.8	drosophila_melanogaster	Drosophila melanogaster	Insecta
Q	15	False	internal	0.8	drosophila_melanogaster	Drosophila melanogaster	Insecta
G	2	False	internal	0.5	drosophila_melanogaster	Drosophila melanogaster	Insecta
Q	9	False	internal	0.8	drosophila_melanogaster	Drosophila melanogaster	Insecta
Q	2	False	internal	0.8	drosophila_melanogaster	Drosophila melanogaster	Insecta
P	17	False	internal	0.0	drosophila_melanogaster	Drosophila melanogaster	Insecta
G	13	False	internal	0.5	drosophila_melanogaster	Drosophila melanogaster	Insecta
C	17	False	internal	0.0	drosophila_melanogaster	Drosophila melanogaster	Insecta
Q	2	False	internal	0.8	drosophila_melanogaster	Drosophila melanogaster	Insecta
A	12	False	internal	0.0	drosophila_melanogaster	Drosophila melanogaster	Insecta
P	13	False	internal	0.0	drosophila_melanogaster	Drosophila melanogaster	Insecta
T	5	False	internal	0.0	drosophila_melanogaster	Drosophila melanogaster	Insecta
S	18	False	internal	0.5	drosophila_melanogaster	Drosophila melanogaster	Insecta
N	6	False	internal	0.8	drosophila_melanogaster	Drosophila melanogaster	Insecta
R	19	False	internal	0.5	drosophila_melanogaster	Drosophila melanogaster	Insecta
S	14	False	internal	0.5	drosophila_melanogaster	Drosophila melanogaster	Insecta
Q	11	False	internal	0.8	drosophila_melanogaster	Drosophila melanogaster	Insecta
G	19	False	internal	0.5	drosophila_melanogaster	Drosophila melanogaster	Insecta
A	5	False	internal	0.0	drosophila_melanogaster	Drosophila melanogaster	Insecta
Q	10	False	internal	0.8	drosophila_melanogaster	Drosophila melanogaster	Insecta
R	19	False	internal	0.5	drosophila_melanogaster	Drosophila melanogaster	Insecta
Q	9	False	internal	0.8	drosophila_melanogaster	Drosophila melanogaster	Insecta
Q	16	False	internal	0.8	drosophila_melanogaster	Drosophila melanogaster	Insecta
N	19	False	internal	0.8	drosophila_melanogaster	Drosophila melanogaster	Insecta
S	7	False	internal	0.5	drosophila_melanogaster	Drosophila melanogaster	Insecta
K	6	False	internal	0.0	drosophila_melanogaster	Drosophila melanogaster	Insecta
Q	8	False	internal	0.8	drosophila_melanogaster	Drosophila melanogaster	Insecta
H	12	False	internal	0.0	drosophila_melanogaster	Drosophila melanogaster	Insecta
N	20	True	terminal	0.8	drosophila_melanogaster	Drosophila melanogaster	Insecta
Q	16	False	internal	0.8	drosophila_melanogaster	Drosophila melanogaster	Insecta
G	4	False	internal	0.5	drosophila_melanogaster	Drosophila melanogaster	Insecta
Q	16	False	internal	0.8	drosophila_melanogaster	Drosophila melanogaster	Insecta
N	13	False	internal	0.8	drosophila_melanogaster	Drosophila melanogaster	Insecta
Q	2	False	internal	0.8	drosophila_melanogaster	Drosophila melanogaster	Insecta
Q	13	False	internal	0.8	drosophila_melanogaster	Drosophila melanogaster	Insecta
Q	1	True	terminal	0.8	drosophila_melanogaster	Drosophila melanogaster	Insecta
A	1	True	terminal	0.0	drosophila_melanogaster	Drosophila melanogaster	Insecta
G	6	False	internal	0.5	drosophila_melanogaster	Drosophila melanogaster	Insecta
A	16	False	internal	0.0	drosophila_melanogaster	Drosophila melanogaster	Insecta
Q	2	False	internal	0.8	drosophila_melanogaster	Drosophila melanogaster	Insecta
A	1	True	terminal	0.0	drosophila_melanogaster	Drosophila melanogaster	Insecta
Q	3	False	internal	0.8	drosophila_melanogaster	Drosophila melanogaster	Insecta
G	17	False	internal	0.5	drosophila_melanogaster	Drosophila melanogaster	Insecta
G	11	False	internal	0.5	drosophila_melanogaster	Drosophila melanogaster	Insecta
Q	17	False	internal	0.8	drosophila_melanogaster	Drosophila melanogaster	Insecta
G	17	False	internal	0.5	drosophila_melanogaster	Drosophila melanogaster	Insecta
Q	15	False	internal	0.8	drosophila_melanogaster	Drosophila melanogaster	Insecta
Q	7	False	internal	0.8	drosophila_melanogaster	Drosophila melanogaster	Insecta
K	20	True	terminal	0.0	drosophila_melanogaster	Drosophila melanogaster	Insecta
S	3	False	internal	0.5	drosophila_melanogaster	Drosophila melanogaster	Insecta
N	4	False	internal	0.8	drosophila_melanogaster	Drosophila melanogaster	Insecta
Q	15	False	internal	0.8	drosophila_melanogaster	Drosophila melanogaster	Insecta
A	1	True	terminal	0.0	drosophila_melanogaster	Drosophila melanogaster	Insecta
K	1	True	terminal	0.0	drosophila_melanogaster	Drosophila melanogaster	Insecta
H	12	False	internal	0.0	drosophila_melanogaster	Drosophila melanogaster	Insecta
G	2	False	internal	0.5	drosophila_melanogaster	Drosophila melanogaster	Insecta
Q	20	True	terminal	0.8	drosophila_melanogaster	Drosophila melanogaster	Insecta
Q	17	False	internal	0.8	drosophila_melanogaster	Drosophila melanogaster	Insecta
G	6	False	internal	0.5	drosophila_melanogaster	Drosophila melanogaster	Insecta
G	5	False	internal	0.5	drosophila_melanogaster	Drosophila melanogaster	Insecta
Q	19	False	internal	0.8	drosophila_melanogaster	Drosophila melanogaster	Insecta
N	2	False	internal	0.8	drosophila_melanogaster	Drosophila melanogaster	Insecta
A	4	False	internal	0.0	drosophila_melanogaster	Drosophila melanogaster	Insecta
A	18	False	internal	0.0	drosophila_melanogaster	Drosophila melanogaster	Insecta
A	2	False	internal	0.0	drosophila_melanogaster	Drosophila melanogaster	Insecta
E	2	False	internal	0.0	drosophila_melanogaster	Drosophila melanogaster	Insecta
Q	1	True	terminal	0.8	drosophila_melanogaster	Drosophila melanogaster	Insecta
P	4	False	internal	0.0	drosophila_melanogaster	Drosophila melanogaster	Insecta
H	12	False	internal	0.0	drosophila_melanogaster	Drosophila melanogaster	Insecta
G	9	False	internal	0.5	drosophila_melanogaster	Drosophila melanogaster	Insecta
S	14	False	internal	0.5	drosophila_melanogaster	Drosophila melanogaster	Insecta
Q	19	False	internal	0.8	drosophila_melanogaster	Drosophila melanogaster	Insecta
R	20	True	terminal	0.5	drosophila_melanogaster	Drosophila melanogaster	Insecta
A	9	False	internal	0.0	drosophila_melanogaster	Drosophila melanogaster	Insecta
Q	3	False	internal	0.8	drosophila_melanogaster	Drosophila melanogaster	Insecta
D	20	True	terminal	0.0	drosophila_melanogaster	Drosophila melanogaster	Insecta
G	9	False	internal	0.5	drosophila_melanogaster	Drosophila melanogaster	Insecta
A	9	False	internal	0.0	drosophila_melanogaster	Drosophila melanogaster	Insecta
P	1	True	terminal	0.0	drosophila_melanogaster	Drosophila melanogaster	Insecta
Q	18	False	internal	0.8	drosophila_melanogaster	Drosophila melanogaster	Insecta
Q	2	False	internal	0.8	drosophila_melanogaster	Drosophila melanogaster	Insecta
A	15	False	internal	0.0	drosophila_melanogaster	Drosophila melanogaster	Insecta
N	5	False	internal	0.8	drosophila_melanogaster	Drosophila melanogaster	Insecta
G	10	False	internal	0.5	drosophila_melanogaster	Drosophila melanogaster	Insecta
K	9	False	internal	0.0	drosophila_melanogaster	Drosophila melanogaster	Insecta
A	3	False	internal	0.0	drosophila_melanogaster	Drosophila melanogaster	Insecta
G	9	False	internal	0.5	drosophila_melanogaster	Drosophila melanogaster	Insecta
I	13	False	internal	0.0	drosophila_melanogaster	Drosophila melanogaster	Insecta
N	12	False	internal	0.8	drosophila_melanogaster	Drosophila melanogaster	Insecta
K	7	False	internal	0.0	drosophila_melanogaster	Drosophila melanogaster	Insecta
T	20	True	terminal	0.0	drosophila_melanogaster	Drosophila melanogaster	Insecta
P	20	True	terminal	0.0	drosophila_melanogaster	Drosophila melanogaster	Insecta
A	18	False	internal	0.0	drosophila_melanogaster	Drosophila melanogaster	Insecta
A	5	False	internal	0.0	drosophila_melanogaster	Drosophila melanogaster	Insecta
G	3	False	internal	0.5	drosophila_melanogaster	Drosophila melanogaster	Insecta
G	1	True	terminal	0.5	drosophila_melanogaster	Drosophila melanogaster	Insecta
T	5	False	internal	0.0	drosophila_melanogaster	Drosophila melanogaster	Insecta
N	11	False	internal	0.8	drosophila_melanogaster	Drosophila melanogaster	Insecta
A	17	False	internal	0.0	drosophila_melanogaster	Drosophila melanogaster	Insecta
T	16	False	internal	0.0	drosophila_melanogaster	Drosophila melanogaster	Insecta
Q	5	False	internal	0.8	drosophila_melanogaster	Drosophila melanogaster	Insecta
G	8	False	internal	0.5	drosophila_melanogaster	Drosophila melanogaster	Insecta
Q	20	True	terminal	0.8	drosophila_melanogaster	Drosophila melanogaster	Insecta
P	20	True	terminal	0.0	drosophila_melanogaster	Drosophila melanogaster	Insecta
N	6	False	internal	0.8	drosophila_melanogaster	Drosophila melanogaster	Insecta
G	2	False	internal	0.5	drosophila_melanogaster	Drosophila melanogaster	Insecta
Q	1	True	terminal	0.8	drosophila_melanogaster	Drosophila melanogaster	Insecta
Q	15	False	internal	0.8	drosophila_melanogaster	Drosophila melanogaster	Insecta
S	1	True	terminal	0.5	drosophila_melanogaster	Drosophila melanogaster	Insecta
A	12	False	internal	0.0	drosophila_melanogaster	Drosophila melanogaster	Insecta
A	7	False	internal	0.0	drosophila_melanogaster	Drosophila melanogaster	Insecta
T	10	False	internal	0.0	drosophila_melanogaster	Drosophila melanogaster	Insecta
P	10	False	internal	0.0	drosophila_melanogaster	Drosophila melanogaster	Insecta
P	5	False	internal	0.0	drosophila_melanogaster	Drosophila melanogaster	Insecta
W	5	False	internal	1.0	drosophila_melanogaster	Drosophila melanogaster	Insecta
T	12	False	internal	0.0	drosophila_melanogaster	Drosophila melanogaster	Insecta
Q	3	False	internal	0.8	drosophila_melanogaster	Drosophila melanogaster	Insecta
Q	17	False	internal	0.8	drosophila_melanogaster	Drosophila melanogaster	Insecta
G	1	True	terminal	0.5	drosophila_melanogaster	Drosophila melanogaster	Insecta
H	1	True	terminal	0.0	drosophila_melanogaster	Drosophila melanogaster	Insecta
A	5	False	internal	0.0	drosophila_melanogaster	Drosophila melanogaster	Insecta
E	4	False	internal	0.0	drosophila_melanogaster	Drosophila melanogaster	Insecta
R	13	False	internal	0.5	drosophila_melanogaster	Drosophila melanogaster	Insecta
D	11	False	internal	0.0	drosophila_melanogaster	Drosophila melanogaster	Insecta
A	6	False	internal	0.0	drosophila_melanogaster	Drosophila melanogaster	Insecta
A	3	False	internal	0.0	drosophila_melanogaster	Drosophila melanogaster	Insecta
G	8	False	internal	0.5	drosophila_melanogaster	Drosophila melanogaster	Insecta
T	13	False	internal	0.0	drosophila_melanogaster	Drosophila melanogaster	Insecta
A	20	True	terminal	0.0	drosophila_melanogaster	Drosophila melanogaster	Insecta
H	18	False	internal	0.0	drosophila_melanogaster	Drosophila melanogaster	Insecta
S	17	False	internal	0.5	drosophila_melanogaster	Drosophila melanogaster	Insecta
C	4	False	internal	0.0	drosophila_melanogaster	Drosophila melanogaster	Insecta
D	9	False	internal	0.0	drosophila_melanogaster	Drosophila melanogaster	Insecta
Q	16	False	internal	0.8	drosophila_melanogaster	Drosophila melanogaster	Insecta
L	1	True	terminal	0.0	drosophila_melanogaster	Drosophila melanogaster	Insecta
P	2	False	internal	0.0	drosophila_melanogaster	Drosophila melanogaster	Insecta
Q	15	False	internal	0.8	drosophila_melanogaster	Drosophila melanogaster	Insecta
H	17	False	internal	0.0	drosophila_melanogaster	Drosophila melanogaster	Insecta
Q	15	False	internal	0.8	drosophila_melanogaster	Drosophila melanogaster	Insecta
N	12	False	internal	0.8	drosophila_melanogaster	Drosophila melanogaster	Insecta
Q	19	False	internal	0.8	drosophila_melanogaster	Drosophila melanogaster	Insecta
L	1	True	terminal	0.0	drosophila_melanogaster	Drosophila melanogaster	Insecta
Q	12	False	internal	0.8	drosophila_melanogaster	Drosophila melanogaster	Insecta
P	11	False	internal	0.0	drosophila_melanogaster	Drosophila melanogaster	Insecta
Q	3	False	internal	0.8	drosophila_melanogaster	Drosophila melanogaster	Insecta
N	17	False	internal	0.8	drosophila_melanogaster	Drosophila melanogaster	Insecta
A	19	False	internal	0.0	drosophila_melanogaster	Drosophila melanogaster	Insecta
A	1	True	terminal	0.0	drosophila_melanogaster	Drosophila melanogaster	Insecta
N	18	False	internal	0.8	drosophila_melanogaster	Drosophila melanogaster	Insecta
E	1	True	terminal	0.0	drosophila_melanogaster	Drosophila melanogaster	Insecta
Q	4	False	internal	0.8	drosophila_melanogaster	Drosophila melanogaster	Insecta
H	3	False	internal	0.0	drosophila_melanogaster	Drosophila melanogaster	Insecta
A	4	False	internal	0.0	drosophila_melanogaster	Drosophila melanogaster	Insecta
T	20	True	terminal	0.0	drosophila_melanogaster	Drosophila melanogaster	Insecta
Q	5	False	internal	0.8	drosophila_melanogaster	Drosophila melanogaster	Insecta
R	7	False	internal	0.5	drosophila_melanogaster	Drosophila melanogaster	Insecta
N	4	False	internal	0.8	drosophila_melanogaster	Drosophila melanogaster	Insecta
E	1	True	terminal	0.0	drosophila_melanogaster	Drosophila melanogaster	Insecta
C	1	True	terminal	0.0	drosophila_melanogaster	Drosophila melanogaster	Insecta
Q	8	False	internal	0.8	drosophila_melanogaster	Drosophila melanogaster	Insecta
A	1	True	terminal	0.0	drosophila_melanogaster	Drosophila melanogaster	Insecta
T	18	False	internal	0.0	drosophila_melanogaster	Drosophila melanogaster	Insecta
N	8	False	internal	0.8	drosophila_melanogaster	Drosophila melanogaster	Insecta
Q	8	False	internal	0.8	drosophila_melanogaster	Drosophila melanogaster	Insecta
H	10	False	internal	0.0	drosophila_melanogaster	Drosophila melanogaster	Insecta
G	2	False	internal	0.5	drosophila_melanogaster	Drosophila melanogaster	Insecta
T	5	False	internal	0.0	drosophila_melanogaster	Drosophila melanogaster	Insecta
P	14	False	internal	0.0	drosophila_melanogaster	Drosophila melanogaster	Insecta
Q	19	False	internal	0.8	drosophila_melanogaster	Drosophila melanogaster	Insecta
N	7	False	internal	0.8	drosophila_melanogaster	Drosophila melanogaster	Insecta
H	3	False	internal	0.0	drosophila_melanogaster	Drosophila melanogaster	Insecta
T	1	True	terminal	0.0	drosophila_melanogaster	Drosophila melanogaster	Insecta
A	17	False	internal	0.0	drosophila_melanogaster	Drosophila melanogaster	Insecta
T	4	False	internal	0.0	drosophila_melanogaster	Drosophila melanogaster	Insecta
Q	16	False	internal	0.8	drosophila_melanogaster	Drosophila melanogaster	Insecta
T	8	False	internal	0.0	drosophila_melanogaster	Drosophila melanogaster	Insecta
G	18	False	internal	0.5	drosophila_melanogaster	Drosophila melanogaster	Insecta
A	2	False	internal	0.0	drosophila_melanogaster	Drosophila melanogaster	Insecta
G	19	False	internal	0.5	drosophila_melanogaster	Drosophila melanogaster	Insecta
G	20	True	terminal	0.5	drosophila_melanogaster	Drosophila melanogaster	Insecta
G	2	False	internal	0.5	drosophila_melanogaster	Drosophila melanogaster	Insecta
L	1	True	terminal	0.0	drosophila_melanogaster	Drosophila melanogaster	Insecta
A	20	True	terminal	0.0	drosophila_melanogaster	Drosophila melanogaster	Insecta
A	4	False	internal	0.0	drosophila_melanogaster	Drosophila melanogaster	Insecta
C	2	False	internal	0.0	drosophila_melanogaster	Drosophila melanogaster	Insecta
E	7	False	internal	0.0	drosophila_melanogaster	Drosophila melanogaster	Insecta
Q	2	False	internal	0.8	drosophila_melanogaster	Drosophila melanogaster	Insecta
H	1	True	terminal	0.0	drosophila_melanogaster	Drosophila melanogaster	Insecta
Q	4	False	internal	0.8	drosophila_melanogaster	Drosophila melanogaster	Insecta
R	7	False	internal	0.5	drosophila_melanogaster	Drosophila melanogaster	Insecta
C	2	False	internal	0.0	drosophila_melanogaster	Drosophila melanogaster	Insecta
E	6	False	internal	0.0	drosophila_melanogaster	Drosophila melanogaster	Insecta
A	1	True	terminal	0.0	drosophila_melanogaster	Drosophila melanogaster	Insecta
E	8	False	internal	0.0	drosophila_melanogaster	Drosophila melanogaster	Insecta
T	8	False	internal	0.0	drosophila_melanogaster	Drosophila melanogaster	Insecta
Q	15	False	internal	0.8	drosophila_melanogaster	Drosophila melanogaster	Insecta
Q	2	False	internal	0.8	drosophila_melanogaster	Drosophila melanogaster	Insecta
N	2	False	internal	0.8	drosophila_melanogaster	Drosophila melanogaster	Insecta
E	6	False	internal	0.0	drosophila_melanogaster	Drosophila melanogaster	Insecta
A	17	False	internal	0.0	drosophila_melanogaster	Drosophila melanogaster	Insecta
H	18	False	internal	0.0	drosophila_melanogaster	Drosophila melanogaster	Insecta
Q	5	False	internal	0.8	drosophila_melanogaster	Drosophila melanogaster	Insecta
N	16	False	internal	0.8	drosophila_melanogaster	Drosophila melanogaster	Insecta
A	2	False	internal	0.0	drosophila_melanogaster	Drosophila melanogaster	Insecta
N	3	False	internal	0.8	drosophila_melanogaster	Drosophila melanogaster	Insecta
N	2	False	internal	0.8	drosophila_melanogaster	Drosophila melanogaster	Insecta
Q	5	False	internal	0.8	drosophila_melanogaster	Drosophila melanogaster	Insecta
G	10	False	internal	0.5	drosophila_melanogaster	Drosophila melanogaster	Insecta
T	6	False	internal	0.0	drosophila_melanogaster	Drosophila melanogaster	Insecta
Q	7	False	internal	0.8	drosophila_melanogaster	Drosophila melanogaster	Insecta
Q	4	False	internal	0.8	drosophila_melanogaster	Drosophila melanogaster	Insecta
A	8	False	internal	0.0	drosophila_melanogaster	Drosophila melanogaster	Insecta
P	13	False	internal	0.0	drosophila_melanogaster	Drosophila melanogaster	Insecta
A	7	False	internal	0.0	drosophila_melanogaster	Drosophila melanogaster	Insecta
L	1	True	terminal	0.0	drosophila_melanogaster	Drosophila melanogaster	Insecta
A	14	False	internal	0.0	drosophila_melanogaster	Drosophila melanogaster	Insecta
H	20	True	terminal	0.0	drosophila_melanogaster	Drosophila melanogaster	Insecta
G	10	False	internal	0.5	drosophila_melanogaster	Drosophila melanogaster	Insecta
Q	1	True	terminal	0.8	drosophila_melanogaster	Drosophila melanogaster	Insecta
A	1	True	terminal	0.0	drosophila_melanogaster	Drosophila melanogaster	Insecta
E	1	True	terminal	0.0	drosophila_melanogaster	Drosophila melanogaster	Insecta
H	6	False	internal	0.0	drosophila_melanogaster	Drosophila melanogaster	Insecta
Q	17	False	internal	0.8	drosophila_melanogaster	Drosophila melanogaster	Insecta
Q	16	False	internal	0.8	drosophila_melanogaster	Drosophila melanogaster	Insecta
P	10	False	internal	0.0	drosophila_melanogaster	Drosophila melanogaster	Insecta
A	8	False	internal	0.0	drosophila_melanogaster	Drosophila melanogaster	Insecta
Q	18	False	internal	0.8	drosophila_melanogaster	Drosophila melanogaster	Insecta
Q	14	False	internal	0.8	drosophila_melanogaster	Drosophila melanogaster	Insecta
L	1	True	terminal	0.0	drosophila_melanogaster	Drosophila melanogaster	Insecta
P	1	True	terminal	0.0	drosophila_melanogaster	Drosophila melanogaster	Insecta
Q	15	False	internal	0.8	drosophila_melanogaster	Drosophila melanogaster	Insecta
Q	1	True	terminal	0.8	drosophila_melanogaster	Drosophila melanogaster	Insecta
G	8	False	internal	0.5	drosophila_melanogaster	Drosophila melanogaster	Insecta
E	20	True	terminal	0.0	drosophila_melanogaster	Drosophila melanogaster	Insecta
C	9	False	internal	0.0	drosophila_melanogaster	Drosophila melanogaster	Insecta
Q	9	False	internal	0.8	drosophila_melanogaster	Drosophila melanogaster	Insecta
T	15	False	internal	0.0	drosophila_melanogaster	Drosophila melanogaster	Insecta
Q	19	False	internal	0.8	drosophila_melanogaster	Drosophila melanogaster	Insecta
N	1	True	terminal	0.8	drosophila_melanogaster	Drosophila melanogaster	Insecta
H	15	False	internal	0.0	drosophila_melanogaster	Drosophila melanogaster	Insecta
A	12	False	internal	0.0	drosophila_melanogaster	Drosophila melanogaster	Insecta
C	14	False	internal	0.0	drosophila_melanogaster	Drosophila melanogaster	Insecta
D	5	False	internal	0.0	drosophila_melanogaster	Drosophila melanogaster	Insecta
T	19	False	internal	0.0	drosophila_melanogaster	Drosophila melanogaster	Insecta
Q	20	True	terminal	0.8	drosophila_melanogaster	Drosophila melanogaster	Insecta
S	17	False	internal	0.5	drosophila_melanogaster	Drosophila melanogaster	Insecta
A	5	False	internal	0.0	drosophila_melanogaster	Drosophila melanogaster	Insecta
G	1	True	terminal	0.5	drosophila_melanogaster	Drosophila melanogaster	Insecta
G	8	False	internal	0.5	drosophila_melanogaster	Drosophila melanogaster	Insecta
G	16	False	internal	0.5	drosophila_melanogaster	Drosophila melanogaster	Insecta
N	1	True	terminal	0.8	drosophila_melanogaster	Drosophila melanogaster	Insecta
Q	14	False	internal	0.8	drosophila_melanogaster	Drosophila melanogaster	Insecta
G	19	False	internal	0.5	drosophila_melanogaster	Drosophila melanogaster	Insecta
Q	9	False	internal	0.8	drosophila_melanogaster	Drosophila melanogaster	Insecta
C	9	False	internal	0.0	drosophila_melanogaster	Drosophila melanogaster	Insecta
N	6	False	internal	0.8	drosophila_melanogaster	Drosophila melanogaster	Insecta
G	7	False	internal	0.5	drosophila_melanogaster	Drosophila melanogaster	Insecta
Q	19	False	internal	0.8	drosophila_melanogaster	Drosophila melanogaster	Insecta
G	17	False	internal	0.5	drosophila_melanogaster	Drosophila melanogaster	Insecta
Q	1	True	terminal	0.8	drosophila_melanogaster	Drosophila melanogaster	Insecta
G	4	False	internal	0.5	drosophila_melanogaster	Drosophila melanogaster	Insecta
P	1	True	terminal	0.0	drosophila_melanogaster	Drosophila melanogaster	Insecta
Q	9	False	internal	0.8	drosophila_melanogaster	Drosophila melanogaster	Insecta
N	16	False	internal	0.8	drosophila_melanogaster	Drosophila melanogaster	Insecta
K	9	False	internal	0.0	drosophila_melanogaster	Drosophila melanogaster	Insecta
A	7	False	internal	0.0	drosophila_melanogaster	Drosophila melanogaster	Insecta
G	15	False	internal	0.5	drosophila_melanogaster	Drosophila melanogaster	Insecta
S	13	False	internal	0.5	drosophila_melanogaster	Drosophila melanogaster	Insecta
T	18	False	internal	0.0	drosophila_melanogaster	Drosophila melanogaster	Insecta
A	17	False	internal	0.0	drosophila_melanogaster	Drosophila melanogaster	Insecta
R	4	False	internal	0.5	drosophila_melanogaster	Drosophila melanogaster	Insecta
N	3	False	internal	0.8	drosophila_melanogaster	Drosophila melanogaster	Insecta
A	10	False	internal	0.0	drosophila_melanogaster	Drosophila melanogaster	Insecta
Q	1	True	terminal	0.8	drosophila_melanogaster	Drosophila melanogaster	Insecta
H	14	False	internal	0.0	drosophila_melanogaster	Drosophila melanogaster	Insecta
H	19	False	internal	0.0	drosophila_melanogaster	Drosophila melanogaster	Insecta
A	1	True	terminal	0.0	drosophila_melanogaster	Drosophila melanogaster	Insecta
P	2	False	internal	0.0	drosophila_melanogaster	Drosophila melanogaster	Insecta
Q	16	False	internal	0.8	drosophila_melanogaster	Drosophila melanogaster	Insecta
A	2	False	internal	0.0	drosophila_melanogaster	Drosophila melanogaster	Insecta
S	10	False	internal	0.5	drosophila_melanogaster	Drosophila melanogaster	Insecta
Q	15	False	internal	0.8	drosophila_melanogaster	Drosophila melanogaster	Insecta
T	1	True	terminal	0.0	drosophila_melanogaster	Drosophila melanogaster	Insecta
Q	11	False	internal	0.8	drosophila_melanogaster	Drosophila melanogaster	Insecta
A	19	False	internal	0.0	drosophila_melanogaster	Drosophila melanogaster	Insecta
A	13	False	internal	0.0	drosophila_melanogaster	Drosophila melanogaster	Insecta
H	2	False	internal	0.0	drosophila_melanogaster	Drosophila melanogaster	Insecta
T	2	False	internal	0.0	drosophila_melanogaster	Drosophila melanogaster	Insecta
S	4	False	internal	0.5	drosophila_melanogaster	Drosophila melanogaster	Insecta
Q	19	False	internal	0.8	drosophila_melanogaster	Drosophila melanogaster	Insecta
R	15	False	internal	0.5	drosophila_melanogaster	Drosophila melanogaster	Insecta
G	5	False	internal	0.5	drosophila_melanogaster	Drosophila melanogaster	Insecta
N	2	False	internal	0.8	drosophila_melanogaster	Drosophila melanogaster	Insecta
A	10	False	internal	0.0	drosophila_melanogaster	Drosophila melanogaster	Insecta
W	20	True	terminal	1.0	drosophila_melanogaster	Drosophila melanogaster	Insecta
G	4	False	internal	0.5	drosophila_melanogaster	Drosophila melanogaster	Insecta
T	6	False	internal	0.0	drosophila_melanogaster	Drosophila melanogaster	Insecta
Q	18	False	internal	0.8	drosophila_melanogaster	Drosophila melanogaster	Insecta
Q	7	False	internal	0.8	drosophila_melanogaster	Drosophila melanogaster	Insecta
A	4	False	internal	0.0	drosophila_melanogaster	Drosophila melanogaster	Insecta
N	3	False	internal	0.8	drosophila_melanogaster	Drosophila melanogaster	Insecta
Q	8	False	internal	0.8	drosophila_melanogaster	Drosophila melanogaster	Insecta
P	2	False	internal	0.0	drosophila_melanogaster	Drosophila melanogaster	Insecta
A	8	False	internal	0.0	drosophila_melanogaster	Drosophila melanogaster	Insecta
Q	5	False	internal	0.8	drosophila_melanogaster	Drosophila melanogaster	Insecta
A	6	False	internal	0.0	drosophila_melanogaster	Drosophila melanogaster	Insecta
A	3	False	internal	0.0	drosophila_melanogaster	Drosophila melanogaster	Insecta
N	7	False	internal	0.8	drosophila_melanogaster	Drosophila melanogaster	Insecta
A	16	False	internal	0.0	drosophila_melanogaster	Drosophila melanogaster	Insecta
G	15	False	internal	0.5	drosophila_melanogaster	Drosophila melanogaster	Insecta
H	1	True	terminal	0.0	drosophila_melanogaster	Drosophila melanogaster	Insecta
T	20	True	terminal	0.0	drosophila_melanogaster	Drosophila melanogaster	Insecta
A	11	False	internal	0.0	drosophila_melanogaster	Drosophila melanogaster	Insecta
Q	1	True	terminal	0.8	drosophila_melanogaster	Drosophila melanogaster	Insecta
G	4	False	internal	0.5	drosophila_melanogaster	Drosophila melanogaster	Insecta
A	5	False	internal	0.0	drosophila_melanogaster	Drosophila melanogaster	Insecta
A	11	False	internal	0.0	drosophila_melanogaster	Drosophila melanogaster	Insecta
G	13	False	internal	0.5	drosophila_melanogaster	Drosophila melanogaster	Insecta
N	10	False	internal	0.8	drosophila_melanogaster	Drosophila melanogaster	Insecta
S	15	False	internal	0.5	drosophila_melanogaster	Drosophila melanogaster	Insecta
Q	17	False	internal	0.8	drosophila_melanogaster	Drosophila melanogaster	Insecta
G	7	False	internal	0.5	drosophila_melanogaster	Drosophila melanogaster	Insecta
N	19	False	internal	0.8	drosophila_melanogaster	Drosophila melanogaster	Insecta
N	3	False	internal	0.8	drosophila_melanogaster	Drosophila melanogaster	Insecta
G	2	False	internal	0.5	drosophila_melanogaster	Drosophila melanogaster	Insecta
S	17	False	internal	0.5	drosophila_melanogaster	Drosophila melanogaster	Insecta
C	12	False	internal	0.0	drosophila_melanogaster	Drosophila melanogaster	Insecta
Q	2	False	internal	0.8	drosophila_melanogaster	Drosophila melanogaster	Insecta
T	10	False	internal	0.0	drosophila_melanogaster	Drosophila melanogaster	Insecta
T	5	False	internal	0.0	drosophila_melanogaster	Drosophila melanogaster	Insecta
R	6	False	internal	0.5	drosophila_melanogaster	Drosophila melanogaster	Insecta
N	15	False	internal	0.8	drosophila_melanogaster	Drosophila melanogaster	Insecta
Q	3	False	internal	0.8	drosophila_melanogaster	Drosophila melanogaster	Insecta
S	10	False	internal	0.5	drosophila_melanogaster	Drosophila melanogaster	Insecta
W	18	False	internal	1.0	drosophila_melanogaster	Drosophila melanogaster	Insecta
Q	2	False	internal	0.8	drosophila_melanogaster	Drosophila melanogaster	Insecta
A	9	False	internal	0.0	drosophila_melanogaster	Drosophila melanogaster	Insecta
A	1	True	terminal	0.0	drosophila_melanogaster	Drosophila melanogaster	Insecta
H	9	False	internal	0.0	drosophila_melanogaster	Drosophila melanogaster	Insecta
H	7	False	internal	0.0	drosophila_melanogaster	Drosophila melanogaster	Insecta
C	2	False	internal	0.0	drosophila_melanogaster	Drosophila melanogaster	Insecta
T	16	False	internal	0.0	drosophila_melanogaster	Drosophila melanogaster	Insecta
Q	18	False	internal	0.8	drosophila_melanogaster	Drosophila melanogaster	Insecta
D	20	True	terminal	0.0	drosophila_melanogaster	Drosophila melanogaster	Insecta
H	15	False	internal	0.0	drosophila_melanogaster	Drosophila melanogaster	Insecta
Q	15	False	internal	0.8	drosophila_melanogaster	Drosophila melanogaster	Insecta
S	6	False	internal	0.5	drosophila_melanogaster	Drosophila melanogaster	Insecta
N	19	False	internal	0.8	drosophila_melanogaster	Drosophila melanogaster	Insecta
H	17	False	internal	0.0	drosophila_melanogaster	Drosophila melanogaster	Insecta
A	6	False	internal	0.0	drosophila_melanogaster	Drosophila melanogaster	Insecta
T	7	False	internal	0.0	drosophila_melanogaster	Drosophila melanogaster	Insecta
Q	9	False	internal	0.8	drosophila_melanogaster	Drosophila melanogaster	Insecta
C	8	False	internal	0.0	drosophila_melanogaster	Drosophila melanogaster	Insecta
S	14	False	internal	0.5	drosophila_melanogaster	Drosophila melanogaster	Insecta
A	12	False	internal	0.0	drosophila_melanogaster	Drosophila melanogaster	Insecta
H	1	True	terminal	0.0	drosophila_melanogaster	Drosophila melanogaster	Insecta
Q	1	True	terminal	0.8	drosophila_melanogaster	Drosophila melanogaster	Insecta
Q	8	False	internal	0.8	drosophila_melanogaster	Drosophila melanogaster	Insecta
C	13	False	internal	0.0	drosophila_melanogaster	Drosophila melanogaster	Insecta
T	8	False	internal	0.0	drosophila_melanogaster	Drosophila melanogaster	Insecta
N	11	False	internal	0.8	drosophila_melanogaster	Drosophila melanogaster	Insecta
A	13	False	internal	0.0	drosophila_melanogaster	Drosophila melanogaster	Insecta
K	10	False	internal	0.0	drosophila_melanogaster	Drosophila melanogaster	Insecta
A	5	False	internal	0.0	drosophila_melanogaster	Drosophila melanogaster	Insecta
W	13	False	internal	1.0	drosophila_melanogaster	Drosophila melanogaster	Insecta
T	11	False	internal	0.0	drosophila_melanogaster	Drosophila melanogaster	Insecta
G	14	False	internal	0.5	drosophila_melanogaster	Drosophila melanogaster	Insecta
E	14	False	internal	0.0	drosophila_melanogaster	Drosophila melanogaster	Insecta
Q	11	False	internal	0.8	drosophila_melanogaster	Drosophila melanogaster	Insecta
T	6	False	internal	0.0	drosophila_melanogaster	Drosophila melanogaster	Insecta
A	12	False	internal	0.0	drosophila_melanogaster	Drosophila melanogaster	Insecta
T	20	True	terminal	0.0	drosophila_melanogaster	Drosophila melanogaster	Insecta
E	12	False	internal	0.0	drosophila_melanogaster	Drosophila melanogaster	Insecta
A	18	False	internal	0.0	drosophila_melanogaster	Drosophila melanogaster	Insecta
Q	3	False	internal	0.8	drosophila_melanogaster	Drosophila melanogaster	Insecta
A	11	False	internal	0.0	drosophila_melanogaster	Drosophila melanogaster	Insecta
G	9	False	internal	0.5	drosophila_melanogaster	Drosophila melanogaster	Insecta
Q	18	False	internal	0.8	drosophila_melanogaster	Drosophila melanogaster	Insecta
K	3	False	internal	0.0	drosophila_melanogaster	Drosophila melanogaster	Insecta
Q	5	False	internal	0.8	drosophila_melanogaster	Drosophila melanogaster	Insecta
G	20	True	terminal	0.5	drosophila_melanogaster	Drosophila melanogaster	Insecta
C	1	True	terminal	0.0	drosophila_melanogaster	Drosophila melanogaster	Insecta
Q	2	False	internal	0.8	drosophila_melanogaster	Drosophila melanogaster	Insecta
H	13	False	internal	0.0	drosophila_melanogaster	Drosophila melanogaster	Insecta
Q	2	False	internal	0.8	drosophila_melanogaster	Drosophila melanogaster	Insecta
S	2	False	internal	0.5	drosophila_melanogaster	Drosophila melanogaster	Insecta
D	11	False	internal	0.0	drosophila_melanogaster	Drosophila melanogaster	Insecta
A	7	False	internal	0.0	drosophila_melanogaster	Drosophila melanogaster	Insecta
P	16	False	internal	0.0	drosophila_melanogaster	Drosophila melanogaster	Insecta
G	17	False	internal	0.5	drosophila_melanogaster	Drosophila melanogaster	Insecta
Q	1	True	terminal	0.8	drosophila_melanogaster	Drosophila melanogaster	Insecta
Q	18	False	internal	0.8	drosophila_melanogaster	Drosophila melanogaster	Insecta
A	10	False	internal	0.0	drosophila_melanogaster	Drosophila melanogaster	Insecta
Q	17	False	internal	0.8	drosophila_melanogaster	Drosophila melanogaster	Insecta
H	17	False	internal	0.0	drosophila_melanogaster	Drosophila melanogaster	Insecta
E	19	False	internal	0.0	drosophila_melanogaster	Drosophila melanogaster	Insecta
Q	2	False	internal	0.8	drosophila_melanogaster	Drosophila melanogaster	Insecta
C	9	False	internal	0.0	drosophila_melanogaster	Drosophila melanogaster	Insecta
L	2	False	internal	0.0	drosophila_melanogaster	Drosophila melanogaster	Insecta
Q	10	False	internal	0.8	drosophila_melanogaster	Drosophila melanogaster	Insecta
A	13	False	internal	0.0	drosophila_melanogaster	Drosophila melanogaster	Insecta
P	18	False	internal	0.0	drosophila_melanogaster	Drosophila melanogaster	Insecta
A	1	True	terminal	0.0	drosophila_melanogaster	Drosophila melanogaster	Insecta
T	3	False	internal	0.0	drosophila_melanogaster	Drosophila melanogaster	Insecta
G	7	False	internal	0.5	drosophila_melanogaster	Drosophila melanogaster	Insecta
P	20	True	terminal	0.0	drosophila_melanogaster	Drosophila melanogaster	Insecta
T	7	False	internal	0.0	drosophila_melanogaster	Drosophila melanogaster	Insecta
T	20	True	terminal	0.0	drosophila_melanogaster	Drosophila melanogaster	Insecta
H	18	False	internal	0.0	drosophila_melanogaster	Drosophila melanogaster	Insecta
N	3	False	internal	0.8	drosophila_melanogaster	Drosophila melanogaster	Insecta
Q	1	True	terminal	0.8	drosophila_melanogaster	Drosophila melanogaster	Insecta
H	9	False	internal	0.0	drosophila_melanogaster	Drosophila melanogaster	Insecta
G	18	False	internal	0.5	drosophila_melanogaster	Drosophila melanogaster	Insecta
G	16	False	internal	0.5	drosophila_melanogaster	Drosophila melanogaster	Insecta
H	4	False	internal	0.0	drosophila_melanogaster	Drosophila melanogaster	Insecta
G	11	False	internal	0.5	drosophila_melanogaster	Drosophila melanogaster	Insecta
Q	12	False	internal	0.8	drosophila_melanogaster	Drosophila melanogaster	Insecta
A	17	False	internal	0.0	drosophila_melanogaster	Drosophila melanogaster	Insecta
Q	1	True	terminal	0.8	drosophila_melanogaster	Drosophila melanogaster	Insecta
Q	17	False	internal	0.8	drosophila_melanogaster	Drosophila melanogaster	Insecta
N	5	False	internal	0.8	drosophila_melanogaster	Drosophila melanogaster	Insecta
A	1	True	terminal	0.0	drosophila_melanogaster	Drosophila melanogaster	Insecta
A	15	False	internal	0.0	drosophila_melanogaster	Drosophila melanogaster	Insecta
Q	4	False	internal	0.8	drosophila_melanogaster	Drosophila melanogaster	Insecta
A	11	False	internal	0.0	drosophila_melanogaster	Drosophila melanogaster	Insecta
H	4	False	internal	0.0	drosophila_melanogaster	Drosophila melanogaster	Insecta
Q	12	False	internal	0.8	drosophila_melanogaster	Drosophila melanogaster	Insecta
Q	7	False	internal	0.8	drosophila_melanogaster	Drosophila melanogaster	Insecta
T	13	False	internal	0.0	drosophila_melanogaster	Drosophila melanogaster	Insecta
Y	7	False	internal	1.0	drosophila_melanogaster	Drosophila melanogaster	Insecta
S	9	False	internal	0.5	drosophila_melanogaster	Drosophila melanogaster	Insecta
Q	7	False	internal	0.8	drosophila_melanogaster	Drosophila melanogaster	Insecta
A	15	False	internal	0.0	drosophila_melanogaster	Drosophila melanogaster	Insecta
G	18	False	internal	0.5	drosophila_melanogaster	Drosophila melanogaster	Insecta
G	2	False	internal	0.5	drosophila_melanogaster	Drosophila melanogaster	Insecta
A	13	False	internal	0.0	drosophila_melanogaster	Drosophila melanogaster	Insecta
N	14	False	internal	0.8	drosophila_melanogaster	Drosophila melanogaster	Insecta
T	1	True	terminal	0.0	drosophila_melanogaster	Drosophila melanogaster	Insecta
Q	3	False	internal	0.8	drosophila_melanogaster	Drosophila melanogaster	Insecta
Q	3	False	internal	0.8	drosophila_melanogaster	Drosophila melanogaster	Insecta
Q	11	False	internal	0.8	drosophila_melanogaster	Drosophila melanogaster	Insecta
G	13	False	internal	0.5	drosophila_melanogaster	Drosophila melanogaster	Insecta
R	1	True	terminal	0.5	drosophila_melanogaster	Drosophila melanogaster	Insecta
Q	10	False	internal	0.8	drosophila_melanogaster	Drosophila melanogaster	Insecta
Q	18	False	internal	0.8	drosophila_melanogaster	Drosophila melanogaster	Insecta
A	20	True	terminal	0.0	drosophila_melanogaster	Drosophila melanogaster	Insecta
T	1	True	terminal	0.0	drosophila_melanogaster	Drosophila melanogaster	Insecta
H	3	False	internal	0.0	drosophila_melanogaster	Drosophila melanogaster	Insecta
Q	2	False	internal	0.8	drosophila_melanogaster	Drosophila melanogaster	Insecta
F	7	False	internal	1.0	drosophila_melanogaster	Drosophila melanogaster	Insecta
W	11	False	internal	1.0	drosophila_melanogaster	Drosophila melanogaster	Insecta
T	11	False	internal	0.0	drosophila_melanogaster	Drosophila melanogaster	Insecta
Q	18	False	internal	0.8	drosophila_melanogaster	Drosophila melanogaster	Insecta
A	9	False	internal	0.0	drosophila_melanogaster	Drosophila melanogaster	Insecta
A	2	False	internal	0.0	drosophila_melanogaster	Drosophila melanogaster	Insecta
Q	3	False	internal	0.8	drosophila_melanogaster	Drosophila melanogaster	Insecta
A	10	False	internal	0.0	drosophila_melanogaster	Drosophila melanogaster	Insecta
N	20	True	terminal	0.8	drosophila_melanogaster	Drosophila melanogaster	Insecta
P	20	True	terminal	0.0	drosophila_melanogaster	Drosophila melanogaster	Insecta
A	8	False	internal	0.0	drosophila_melanogaster	Drosophila melanogaster	Insecta
Q	7	False	internal	0.8	drosophila_melanogaster	Drosophila melanogaster	Insecta
A	1	True	terminal	0.0	drosophila_melanogaster	Drosophila melanogaster	Insecta
Q	4	False	internal	0.8	drosophila_melanogaster	Drosophila melanogaster	Insecta
A	8	False	internal	0.0	drosophila_melanogaster	Drosophila melanogaster	Insecta
L	10	False	internal	0.0	drosophila_melanogaster	Drosophila melanogaster	Insecta
Q	16	False	internal	0.8	drosophila_melanogaster	Drosophila melanogaster	Insecta
A	18	False	internal	0.0	drosophila_melanogaster	Drosophila melanogaster	Insecta
C	13	False	internal	0.0	drosophila_melanogaster	Drosophila melanogaster	Insecta
A	6	False	internal	0.0	drosophila_melanogaster	Drosophila melanogaster	Insecta
Q	2	False	internal	0.8	drosophila_melanogaster	Drosophila melanogaster	Insecta
Q	3	False	internal	0.8	drosophila_melanogaster	Drosophila melanogaster	Insecta
G	9	False	internal	0.5	drosophila_melanogaster	Drosophila melanogaster	Insecta
Q	15	False	internal	0.8	drosophila_melanogaster	Drosophila melanogaster	Insecta
G	10	False	internal	0.5	drosophila_melanogaster	Drosophila melanogaster	Insecta
Q	9	False	internal	0.8	drosophila_melanogaster	Drosophila melanogaster	Insecta
T	14	False	internal	0.0	drosophila_melanogaster	Drosophila melanogaster	Insecta
Q	10	False	internal	0.8	drosophila_melanogaster	Drosophila melanogaster	Insecta
Q	7	False	internal	0.8	drosophila_melanogaster	Drosophila melanogaster	Insecta
Q	5	False	internal	0.8	drosophila_melanogaster	Drosophila melanogaster	Insecta
T	14	False	internal	0.0	drosophila_melanogaster	Drosophila melanogaster	Insecta
T	4	False	internal	0.0	drosophila_melanogaster	Drosophila melanogaster	Insecta
H	1	True	terminal	0.0	drosophila_melanogaster	Drosophila melanogaster	Insecta
H	1	True	terminal	0.0	drosophila_melanogaster	Drosophila melanogaster	Insecta
G	10	False	internal	0.5	drosophila_melanogaster	Drosophila melanogaster	Insecta
H	20	True	terminal	0.0	drosophila_melanogaster	Drosophila melanogaster	Insecta
N	11	False	internal	0.8	drosophila_melanogaster	Drosophila melanogaster	Insecta
L	1	True	terminal	0.0	drosophila_melanogaster	Drosophila melanogaster	Insecta
S	12	False	internal	0.5	drosophila_melanogaster	Drosophila melanogaster	Insecta
T	15	False	internal	0.0	drosophila_melanogaster	Drosophila melanogaster	Insecta
A	8	False	internal	0.0	drosophila_melanogaster	Drosophila melanogaster	Insecta
G	15	False	internal	0.5	drosophila_melanogaster	Drosophila melanogaster	Insecta
N	5	False	internal	0.8	drosophila_melanogaster	Drosophila melanogaster	Insecta
G	16	False	internal	0.5	drosophila_melanogaster	Drosophila melanogaster	Insecta
T	2	False	internal	0.0	drosophila_melanogaster	Drosophila melanogaster	Insecta
G	3	False	internal	0.5	drosophila_melanogaster	Drosophila melanogaster	Insecta
Q	7	False	internal	0.8	drosophila_melanogaster	Drosophila melanogaster	Insecta
Q	2	False	internal	0.8	drosophila_melanogaster	Drosophila melanogaster	Insecta
G	19	False	internal	0.5	drosophila_melanogaster	Drosophila melanogaster	Insecta
A	15	False	internal	0.0	drosophila_melanogaster	Drosophila melanogaster	Insecta
C	12	False	internal	0.0	drosophila_melanogaster	Drosophila melanogaster	Insecta
N	16	False	internal	0.8	drosophila_melanogaster	Drosophila melanogaster	Insecta
L	1	True	terminal	0.0	drosophila_melanogaster	Drosophila melanogaster	Insecta
G	6	False	internal	0.5	drosophila_melanogaster	Drosophila melanogaster	Insecta
T	9	False	internal	0.0	drosophila_melanogaster	Drosophila melanogaster	Insecta
Q	20	True	terminal	0.8	drosophila_melanogaster	Drosophila melanogaster	Insecta
R	11	False	internal	0.5	drosophila_melanogaster	Drosophila melanogaster	Insecta
Q	4	False	internal	0.8	drosophila_melanogaster	Drosophila melanogaster	Insecta
G	20	True	terminal	0.5	drosophila_melanogaster	Drosophila melanogaster	Insecta
C	19	False	internal	0.0	drosophila_melanogaster	Drosophila melanogaster	Insecta
C	1	True	terminal	0.0	drosophila_melanogaster	Drosophila melanogaster	Insecta
R	18	False	internal	0.5	drosophila_melanogaster	Drosophila melanogaster	Insecta
T	20	True	terminal	0.0	drosophila_melanogaster	Drosophila melanogaster	Insecta
A	1	True	terminal	0.0	drosophila_melanogaster	Drosophila melanogaster	Insecta
T	5	False	internal	0.0	drosophila_melanogaster	Drosophila melanogaster	Insecta
T	3	False	internal	0.0	drosophila_melanogaster	Drosophila melanogaster	Insecta
G	11	False	internal	0.5	drosophila_melanogaster	Drosophila melanogaster	Insecta
T	16	False	internal	0.0	drosophila_melanogaster	Drosophila melanogaster	Insecta
P	6	False	internal	0.0	drosophila_melanogaster	Drosophila melanogaster	Insecta
G	19	False	internal	0.5	drosophila_melanogaster	Drosophila melanogaster	Insecta
Q	5	False	internal	0.8	drosophila_melanogaster	Drosophila melanogaster	Insecta
Q	18	False	internal	0.8	drosophila_melanogaster	Drosophila melanogaster	Insecta
G	16	False	internal	0.5	drosophila_melanogaster	Drosophila melanogaster	Insecta
D	2	False	internal	0.0	drosophila_melanogaster	Drosophila melanogaster	Insecta
K	20	True	terminal	0.0	drosophila_melanogaster	Drosophila melanogaster	Insecta
H	9	False	internal	0.0	drosophila_melanogaster	Drosophila melanogaster	Insecta
A	8	False	internal	0.0	drosophila_melanogaster	Drosophila melanogaster	Insecta
Q	17	False	internal	0.8	drosophila_melanogaster	Drosophila melanogaster	Insecta
A	1	True	terminal	0.0	drosophila_melanogaster	Drosophila melanogaster	Insecta
A	4	False	internal	0.0	drosophila_melanogaster	Drosophila melanogaster	Insecta
P	3	False	internal	0.0	drosophila_melanogaster	Drosophila melanogaster	Insecta
Q	5	False	internal	0.8	drosophila_melanogaster	Drosophila melanogaster	Insecta
G	13	False	internal	0.5	drosophila_melanogaster	Drosophila melanogaster	Insecta
Q	10	False	internal	0.8	drosophila_melanogaster	Drosophila melanogaster	Insecta
Q	9	False	internal	0.8	drosophila_melanogaster	Drosophila melanogaster	Insecta
Q	15	False	internal	0.8	drosophila_melanogaster	Drosophila melanogaster	Insecta
N	16	False	internal	0.8	drosophila_melanogaster	Drosophila melanogaster	Insecta
N	4	False	internal	0.8	drosophila_melanogaster	Drosophila melanogaster	Insecta
P	4	False	internal	0.0	drosophila_melanogaster	Drosophila melanogaster	Insecta
Q	20	True	terminal	0.8	drosophila_melanogaster	Drosophila melanogaster	Insecta
C	20	True	terminal	0.0	drosophila_melanogaster	Drosophila melanogaster	Insecta
S	19	False	internal	0.5	drosophila_melanogaster	Drosophila melanogaster	Insecta
Q	19	False	internal	0.8	drosophila_melanogaster	Drosophila melanogaster	Insecta
Q	13	False	internal	0.8	drosophila_melanogaster	Drosophila melanogaster	Insecta
A	18	False	internal	0.0	drosophila_melanogaster	Drosophila melanogaster	Insecta
Q	6	False	internal	0.8	drosophila_melanogaster	Drosophila melanogaster	Insecta
G	4	False	internal	0.5	drosophila_melanogaster	Drosophila melanogaster	Insecta
G	16	False	internal	0.5	drosophila_melanogaster	Drosophila melanogaster	Insecta
Q	11	False	internal	0.8	drosophila_melanogaster	Drosophila melanogaster	Insecta
Q	14	False	internal	0.8	drosophila_melanogaster	Drosophila melanogaster	Insecta
Q	7	False	internal	0.8	drosophila_melanogaster	Drosophila melanogaster	Insecta
A	6	False	internal	0.0	drosophila_melanogaster	Drosophila melanogaster	Insecta
P	19	False	internal	0.0	drosophila_melanogaster	Drosophila melanogaster	Insecta
T	9	False	internal	0.0	drosophila_melanogaster	Drosophila melanogaster	Insecta
G	10	False	internal	0.5	drosophila_melanogaster	Drosophila melanogaster	Insecta
G	1	True	terminal	0.5	drosophila_melanogaster	Drosophila melanogaster	Insecta
C	20	True	terminal	0.0	drosophila_melanogaster	Drosophila melanogaster	Insecta
S	11	False	internal	0.5	drosophila_melanogaster	Drosophila melanogaster	Insecta
Q	3	False	internal	0.8	drosophila_melanogaster	Drosophila melanogaster	Insecta
Q	7	False	internal	0.8	drosophila_melanogaster	Drosophila melanogaster	Insecta
Q	17	False	internal	0.8	drosophila_melanogaster	Drosophila melanogaster	Insecta
N	12	False	internal	0.8	drosophila_melanogaster	Drosophila melanogaster	Insecta
G	15	False	internal	0.5	drosophila_melanogaster	Drosophila melanogaster	Insecta
R	1	True	terminal	0.5	drosophila_melanogaster	Drosophila melanogaster	Insecta
A	3	False	internal	0.0	drosophila_melanogaster	Drosophila melanogaster	Insecta
R	2	False	internal	0.5	drosophila_melanogaster	Drosophila melanogaster	Insecta
G	16	False	internal	0.5	drosophila_melanogaster	Drosophila melanogaster	Insecta
L	1	True	terminal	0.0	drosophila_melanogaster	Drosophila melanogaster	Insecta
G	20	True	terminal	0.5	drosophila_melanogaster	Drosophila melanogaster	Insecta
A	13	False	internal	0.0	drosophila_melanogaster	Drosophila melanogaster	Insecta
G	2	False	internal	0.5	drosophila_melanogaster	Drosophila melanogaster	Insecta
T	7	False	internal	0.0	drosophila_melanogaster	Drosophila melanogaster	Insecta
R	16	False	internal	0.5	drosophila_melanogaster	Drosophila melanogaster	Insecta
G	16	False	internal	0.5	drosophila_melanogaster	Drosophila melanogaster	Insecta
G	6	False	internal	0.5	drosophila_melanogaster	Drosophila melanogaster	Insecta
G	15	False	internal	0.5	drosophila_melanogaster	Drosophila melanogaster	Insecta
Q	20	True	terminal	0.8	drosophila_melanogaster	Drosophila melanogaster	Insecta
Q	20	True	terminal	0.8	drosophila_melanogaster	Drosophila melanogaster	Insecta
A	18	False	internal	0.0	drosophila_melanogaster	Drosophila melanogaster	Insecta
P	15	False	internal	0.0	drosophila_melanogaster	Drosophila melanogaster	Insecta
C	18	False	internal	0.0	drosophila_melanogaster	Drosophila melanogaster	Insecta
Q	8	False	internal	0.8	drosophila_melanogaster	Drosophila melanogaster	Insecta
W	6	False	internal	1.0	drosophila_melanogaster	Drosophila melanogaster	Insecta
A	1	True	terminal	0.0	drosophila_melanogaster	Drosophila melanogaster	Insecta
A	8	False	internal	0.0	drosophila_melanogaster	Drosophila melanogaster	Insecta
D	3	False	internal	0.0	drosophila_melanogaster	Drosophila melanogaster	Insecta
A	13	False	internal	0.0	drosophila_melanogaster	Drosophila melanogaster	Insecta
T	20	True	terminal	0.0	drosophila_melanogaster	Drosophila melanogaster	Insecta
K	1	True	terminal	0.0	drosophila_melanogaster	Drosophila melanogaster	Insecta
N	8	False	internal	0.8	drosophila_melanogaster	Drosophila melanogaster	Insecta
L	1	True	terminal	0.0	drosophila_melanogaster	Drosophila melanogaster	Insecta
T	6	False	internal	0.0	drosophila_melanogaster	Drosophila melanogaster	Insecta
C	14	False	internal	0.0	drosophila_melanogaster	Drosophila melanogaster	Insecta
Q	20	True	terminal	0.8	drosophila_melanogaster	Drosophila melanogaster	Insecta
Q	18	False	internal	0.8	drosophila_melanogaster	Drosophila melanogaster	Insecta
Q	20	True	terminal	0.8	drosophila_melanogaster	Drosophila melanogaster	Insecta
A	19	False	internal	0.0	drosophila_melanogaster	Drosophila melanogaster	Insecta
I	18	False	internal	0.0	drosophila_melanogaster	Drosophila melanogaster	Insecta
E	17	False	internal	0.0	drosophila_melanogaster	Drosophila melanogaster	Insecta
D	14	False	internal	0.0	drosophila_melanogaster	Drosophila melanogaster	Insecta
A	17	False	internal	0.0	drosophila_melanogaster	Drosophila melanogaster	Insecta
D	8	False	internal	0.0	drosophila_melanogaster	Drosophila melanogaster	Insecta
T	17	False	internal	0.0	drosophila_melanogaster	Drosophila melanogaster	Insecta
D	18	False	internal	0.0	drosophila_melanogaster	Drosophila melanogaster	Insecta
Q	19	False	internal	0.8	drosophila_melanogaster	Drosophila melanogaster	Insecta
N	4	False	internal	0.8	drosophila_melanogaster	Drosophila melanogaster	Insecta
K	11	False	internal	0.0	drosophila_melanogaster	Drosophila melanogaster	Insecta
G	20	True	terminal	0.5	drosophila_melanogaster	Drosophila melanogaster	Insecta
E	8	False	internal	0.0	drosophila_melanogaster	Drosophila melanogaster	Insecta
Q	5	False	internal	0.8	drosophila_melanogaster	Drosophila melanogaster	Insecta
Q	19	False	internal	0.8	drosophila_melanogaster	Drosophila melanogaster	Insecta
P	20	True	terminal	0.0	drosophila_melanogaster	Drosophila melanogaster	Insecta
Q	18	False	internal	0.8	drosophila_melanogaster	Drosophila melanogaster	Insecta
A	3	False	internal	0.0	drosophila_melanogaster	Drosophila melanogaster	Insecta
C	1	True	terminal	0.0	drosophila_melanogaster	Drosophila melanogaster	Insecta
S	2	False	internal	0.5	drosophila_melanogaster	Drosophila melanogaster	Insecta
P	1	True	terminal	0.0	drosophila_melanogaster	Drosophila melanogaster	Insecta
L	3	False	internal	0.0	drosophila_melanogaster	Drosophila melanogaster	Insecta
G	17	False	internal	0.5	drosophila_melanogaster	Drosophila melanogaster	Insecta
G	5	False	internal	0.5	drosophila_melanogaster	Drosophila melanogaster	Insecta
A	4	False	internal	0.0	drosophila_melanogaster	Drosophila melanogaster	Insecta
Q	1	True	terminal	0.8	drosophila_melanogaster	Drosophila melanogaster	Insecta
H	13	False	internal	0.0	drosophila_melanogaster	Drosophila melanogaster	Insecta
Q	10	False	internal	0.8	drosophila_melanogaster	Drosophila melanogaster	Insecta
G	20	True	terminal	0.5	drosophila_melanogaster	Drosophila melanogaster	Insecta
N	4	False	internal	0.8	drosophila_melanogaster	Drosophila melanogaster	Insecta
Q	19	False	internal	0.8	drosophila_melanogaster	Drosophila melanogaster	Insecta
G	19	False	internal	0.5	drosophila_melanogaster	Drosophila melanogaster	Insecta
T	5	False	internal	0.0	drosophila_melanogaster	Drosophila melanogaster	Insecta
G	1	True	terminal	0.5	drosophila_melanogaster	Drosophila melanogaster	Insecta
Y	20	True	terminal	1.0	drosophila_melanogaster	Drosophila melanogaster	Insecta
P	6	False	internal	0.0	drosophila_melanogaster	Drosophila melanogaster	Insecta
N	17	False	internal	0.8	drosophila_melanogaster	Drosophila melanogaster	Insecta
G	19	False	internal	0.5	drosophila_melanogaster	Drosophila melanogaster	Insecta
A	20	True	terminal	0.0	drosophila_melanogaster	Drosophila melanogaster	Insecta
A	19	False	internal	0.0	drosophila_melanogaster	Drosophila melanogaster	Insecta
Q	10	False	internal	0.8	drosophila_melanogaster	Drosophila melanogaster	Insecta
T	7	False	internal	0.0	drosophila_melanogaster	Drosophila melanogaster	Insecta
S	14	False	internal	0.5	drosophila_melanogaster	Drosophila melanogaster	Insecta
T	12	False	internal	0.0	drosophila_melanogaster	Drosophila melanogaster	Insecta
A	20	True	terminal	0.0	drosophila_melanogaster	Drosophila melanogaster	Insecta
P	14	False	internal	0.0	drosophila_melanogaster	Drosophila melanogaster	Insecta
Q	20	True	terminal	0.8	drosophila_melanogaster	Drosophila melanogaster	Insecta
A	9	False	internal	0.0	drosophila_melanogaster	Drosophila melanogaster	Insecta
D	13	False	internal	0.0	drosophila_melanogaster	Drosophila melanogaster	Insecta
Q	10	False	internal	0.8	drosophila_melanogaster	Drosophila melanogaster	Insecta
G	11	False	internal	0.5	drosophila_melanogaster	Drosophila melanogaster	Insecta
G	1	True	terminal	0.5	drosophila_melanogaster	Drosophila melanogaster	Insecta
A	8	False	internal	0.0	drosophila_melanogaster	Drosophila melanogaster	Insecta
Q	6	False	internal	0.8	drosophila_melanogaster	Drosophila melanogaster	Insecta
G	19	False	internal	0.5	drosophila_melanogaster	Drosophila melanogaster	Insecta
A	6	False	internal	0.0	drosophila_melanogaster	Drosophila melanogaster	Insecta
G	9	False	internal	0.5	drosophila_melanogaster	Drosophila melanogaster	Insecta
F	3	False	internal	1.0	drosophila_melanogaster	Drosophila melanogaster	Insecta
A	7	False	internal	0.0	drosophila_melanogaster	Drosophila melanogaster	Insecta
G	16	False	internal	0.5	drosophila_melanogaster	Drosophila melanogaster	Insecta
G	4	False	internal	0.5	drosophila_melanogaster	Drosophila melanogaster	Insecta
N	7	False	internal	0.8	drosophila_melanogaster	Drosophila melanogaster	Insecta
G	14	False	internal	0.5	drosophila_melanogaster	Drosophila melanogaster	Insecta
T	8	False	internal	0.0	drosophila_melanogaster	Drosophila melanogaster	Insecta
D	20	True	terminal	0.0	drosophila_melanogaster	Drosophila melanogaster	Insecta
T	9	False	internal	0.0	drosophila_melanogaster	Drosophila melanogaster	Insecta
D	20	True	terminal	0.0	drosophila_melanogaster	Drosophila melanogaster	Insecta
N	8	False	internal	0.8	drosophila_melanogaster	Drosophila melanogaster	Insecta
A	19	False	internal	0.0	drosophila_melanogaster	Drosophila melanogaster	Insecta
A	14	False	internal	0.0	drosophila_melanogaster	Drosophila melanogaster	Insecta
T	20	True	terminal	0.0	drosophila_melanogaster	Drosophila melanogaster	Insecta
G	14	False	internal	0.5	drosophila_melanogaster	Drosophila melanogaster	Insecta
A	20	True	terminal	0.0	drosophila_melanogaster	Drosophila melanogaster	Insecta
G	3	False	internal	0.5	drosophila_melanogaster	Drosophila melanogaster	Insecta
A	2	False	internal	0.0	drosophila_melanogaster	Drosophila melanogaster	Insecta
Q	14	False	internal	0.8	drosophila_melanogaster	Drosophila melanogaster	Insecta
T	4	False	internal	0.0	drosophila_melanogaster	Drosophila melanogaster	Insecta
E	9	False	internal	0.0	drosophila_melanogaster	Drosophila melanogaster	Insecta
N	11	False	internal	0.8	drosophila_melanogaster	Drosophila melanogaster	Insecta
A	1	True	terminal	0.0	drosophila_melanogaster	Drosophila melanogaster	Insecta
G	3	False	internal	0.5	drosophila_melanogaster	Drosophila melanogaster	Insecta
Q	18	False	internal	0.8	drosophila_melanogaster	Drosophila melanogaster	Insecta
T	14	False	internal	0.0	drosophila_melanogaster	Drosophila melanogaster	Insecta
K	20	True	terminal	0.0	drosophila_melanogaster	Drosophila melanogaster	Insecta
S	8	False	internal	0.5	drosophila_melanogaster	Drosophila melanogaster	Insecta
C	1	True	terminal	0.0	drosophila_melanogaster	Drosophila melanogaster	Insecta
C	1	True	terminal	0.0	drosophila_melanogaster	Drosophila melanogaster	Insecta
T	19	False	internal	0.0	drosophila_melanogaster	Drosophila melanogaster	Insecta
H	20	True	terminal	0.0	drosophila_melanogaster	Drosophila melanogaster	Insecta
G	5	False	internal	0.5	drosophila_melanogaster	Drosophila melanogaster	Insecta
T	8	False	internal	0.0	drosophila_melanogaster	Drosophila melanogaster	Insecta
Q	17	False	internal	0.8	drosophila_melanogaster	Drosophila melanogaster	Insecta
N	19	False	internal	0.8	drosophila_melanogaster	Drosophila melanogaster	Insecta
C	1	True	terminal	0.0	drosophila_melanogaster	Drosophila melanogaster	Insecta
P	5	False	internal	0.0	drosophila_melanogaster	Drosophila melanogaster	Insecta
G	20	True	terminal	0.5	drosophila_melanogaster	Drosophila melanogaster	Insecta
Q	2	False	internal	0.8	drosophila_melanogaster	Drosophila melanogaster	Insecta
G	6	False	internal	0.5	drosophila_melanogaster	Drosophila melanogaster	Insecta
N	3	False	internal	0.8	drosophila_melanogaster	Drosophila melanogaster	Insecta
Q	1	True	terminal	0.8	drosophila_melanogaster	Drosophila melanogaster	Insecta
T	12	False	internal	0.0	drosophila_melanogaster	Drosophila melanogaster	Insecta
G	1	True	terminal	0.5	drosophila_melanogaster	Drosophila melanogaster	Insecta
P	17	False	internal	0.0	drosophila_melanogaster	Drosophila melanogaster	Insecta
A	2	False	internal	0.0	drosophila_melanogaster	Drosophila melanogaster	Insecta
Q	20	True	terminal	0.8	drosophila_melanogaster	Drosophila melanogaster	Insecta
A	4	False	internal	0.0	drosophila_melanogaster	Drosophila melanogaster	Insecta
G	2	False	internal	0.5	drosophila_melanogaster	Drosophila melanogaster	Insecta
Q	1	True	terminal	0.8	drosophila_melanogaster	Drosophila melanogaster	Insecta
A	1	True	terminal	0.0	drosophila_melanogaster	Drosophila melanogaster	Insecta
W	17	False	internal	1.0	drosophila_melanogaster	Drosophila melanogaster	Insecta
G	17	False	internal	0.5	drosophila_melanogaster	Drosophila melanogaster	Insecta
Q	4	False	internal	0.8	drosophila_melanogaster	Drosophila melanogaster	Insecta
A	3	False	internal	0.0	drosophila_melanogaster	Drosophila melanogaster	Insecta
Q	13	False	internal	0.8	drosophila_melanogaster	Drosophila melanogaster	Insecta
G	1	True	terminal	0.5	drosophila_melanogaster	Drosophila melanogaster	Insecta
S	6	False	internal	0.5	drosophila_melanogaster	Drosophila melanogaster	Insecta
A	3	False	internal	0.0	drosophila_melanogaster	Drosophila melanogaster	Insecta
T	19	False	internal	0.0	drosophila_melanogaster	Drosophila melanogaster	Insecta
C	17	False	internal	0.0	drosophila_melanogaster	Drosophila melanogaster	Insecta
G	10	False	internal	0.5	drosophila_melanogaster	Drosophila melanogaster	Insecta
C	8	False	internal	0.0	drosophila_melanogaster	Drosophila melanogaster	Insecta
C	1	True	terminal	0.0	drosophila_melanogaster	Drosophila melanogaster	Insecta
L	2	False	internal	0.0	drosophila_melanogaster	Drosophila melanogaster	Insecta
Q	1	True	terminal	0.8	drosophila_melanogaster	Drosophila melanogaster	Insecta
P	1	True	terminal	0.0	drosophila_melanogaster	Drosophila melanogaster	Insecta
S	20	True	terminal	0.5	drosophila_melanogaster	Drosophila melanogaster	Insecta
T	6	False	internal	0.0	drosophila_melanogaster	Drosophila melanogaster	Insecta
T	5	False	internal	0.0	drosophila_melanogaster	Drosophila melanogaster	Insecta
Y	11	False	internal	1.0	drosophila_melanogaster	Drosophila melanogaster	Insecta
G	2	False	internal	0.5	drosophila_melanogaster	Drosophila melanogaster	Insecta
G	3	False	internal	0.5	drosophila_melanogaster	Drosophila melanogaster	Insecta
A	15	False	internal	0.0	drosophila_melanogaster	Drosophila melanogaster	Insecta
D	20	True	terminal	0.0	drosophila_melanogaster	Drosophila melanogaster	Insecta
G	16	False	internal	0.5	drosophila_melanogaster	Drosophila melanogaster	Insecta
A	1	True	terminal	0.0	drosophila_melanogaster	Drosophila melanogaster	Insecta
W	9	False	internal	1.0	drosophila_melanogaster	Drosophila melanogaster	Insecta
Q	3	False	internal	0.8	drosophila_melanogaster	Drosophila melanogaster	Insecta
T	9	False	internal	0.0	drosophila_melanogaster	Drosophila melanogaster	Insecta
G	13	False	internal	0.5	drosophila_melanogaster	Drosophila melanogaster	Insecta
G	13	False	internal	0.5	drosophila_melanogaster	Drosophila melanogaster	Insecta
G	2	False	internal	0.5	drosophila_melanogaster	Drosophila melanogaster	Insecta
T	7	False	internal	0.0	drosophila_melanogaster	Drosophila melanogaster	Insecta
A	3	False	internal	0.0	drosophila_melanogaster	Drosophila melanogaster	Insecta
P	2	False	internal	0.0	drosophila_melanogaster	Drosophila melanogaster	Insecta
N	14	False	internal	0.8	drosophila_melanogaster	Drosophila melanogaster	Insecta
Q	15	False	internal	0.8	drosophila_melanogaster	Drosophila melanogaster	Insecta
S	19	False	internal	0.5	drosophila_melanogaster	Drosophila melanogaster	Insecta
S	6	False	internal	0.5	drosophila_melanogaster	Drosophila melanogaster	Insecta
T	13	False	internal	0.0	drosophila_melanogaster	Drosophila melanogaster	Insecta
E	14	False	internal	0.0	drosophila_melanogaster	Drosophila melanogaster	Insecta
H	12	False	internal	0.0	drosophila_melanogaster	Drosophila melanogaster	Insecta
P	20	True	terminal	0.0	drosophila_melanogaster	Drosophila melanogaster	Insecta
T	18	False	internal	0.0	drosophila_melanogaster	Drosophila melanogaster	Insecta
Q	2	False	internal	0.8	drosophila_melanogaster	Drosophila melanogaster	Insecta
G	20	True	terminal	0.5	drosophila_melanogaster	Drosophila melanogaster	Insecta
A	16	False	internal	0.0	drosophila_melanogaster	Drosophila melanogaster	Insecta
S	2	False	internal	0.5	drosophila_melanogaster	Drosophila melanogaster	Insecta
Q	10	False	internal	0.8	drosophila_melanogaster	Drosophila melanogaster	Insecta
T	4	False	internal	0.0	drosophila_melanogaster	Drosophila melanogaster	Insecta
A	3	False	internal	0.0	drosophila_melanogaster	Drosophila melanogaster	Insecta
A	19	False	internal	0.0	drosophila_melanogaster	Drosophila melanogaster	Insecta
A	4	False	internal	0.0	drosophila_melanogaster	Drosophila melanogaster	Insecta
T	1	True	terminal	0.0	drosophila_melanogaster	Drosophila melanogaster	Insecta
Q	8	False	internal	0.8	drosophila_melanogaster	Drosophila melanogaster	Insecta
N	3	False	internal	0.8	drosophila_melanogaster	Drosophila melanogaster	Insecta
G	20	True	terminal	0.5	drosophila_melanogaster	Drosophila melanogaster	Insecta
A	7	False	internal	0.0	drosophila_melanogaster	Drosophila melanogaster	Insecta
Q	8	False	internal	0.8	drosophila_melanogaster	Drosophila melanogaster	Insecta
Q	6	False	internal	0.8	drosophila_melanogaster	Drosophila melanogaster	Insecta
N	1	True	terminal	0.8	drosophila_melanogaster	Drosophila melanogaster	Insecta
G	2	False	internal	0.5	drosophila_melanogaster	Drosophila melanogaster	Insecta
K	4	False	internal	0.0	drosophila_melanogaster	Drosophila melanogaster	Insecta
Q	18	False	internal	0.8	drosophila_melanogaster	Drosophila melanogaster	Insecta
A	10	False	internal	0.0	drosophila_melanogaster	Drosophila melanogaster	Insecta
A	19	False	internal	0.0	drosophila_melanogaster	Drosophila melanogaster	Insecta
A	8	False	internal	0.0	drosophila_melanogaster	Drosophila melanogaster	Insecta
Q	19	False	internal	0.8	drosophila_melanogaster	Drosophila melanogaster	Insecta
G	8	False	internal	0.5	drosophila_melanogaster	Drosophila melanogaster	Insecta
T	1	True	terminal	0.0	drosophila_melanogaster	Drosophila melanogaster	Insecta
R	20	True	terminal	0.5	drosophila_melanogaster	Drosophila melanogaster	Insecta
A	9	False	internal	0.0	drosophila_melanogaster	Drosophila melanogaster	Insecta
A	12	False	internal	0.0	drosophila_melanogaster	Drosophila melanogaster	Insecta
R	16	False	internal	0.5	drosophila_melanogaster	Drosophila melanogaster	Insecta
P	1	True	terminal	0.0	drosophila_melanogaster	Drosophila melanogaster	Insecta
Q	3	False	internal	0.8	drosophila_melanogaster	Drosophila melanogaster	Insecta
Q	11	False	internal	0.8	drosophila_melanogaster	Drosophila melanogaster	Insecta
Q	4	False	internal	0.8	drosophila_melanogaster	Drosophila melanogaster	Insecta
A	6	False	internal	0.0	drosophila_melanogaster	Drosophila melanogaster	Insecta
G	3	False	internal	0.5	drosophila_melanogaster	Drosophila melanogaster	Insecta
G	3	False	internal	0.5	drosophila_melanogaster	Drosophila melanogaster	Insecta
A	12	False	internal	0.0	drosophila_melanogaster	Drosophila melanogaster	Insecta
G	1	True	terminal	0.5	drosophila_melanogaster	Drosophila melanogaster	Insecta
A	9	False	internal	0.0	drosophila_melanogaster	Drosophila melanogaster	Insecta
G	4	False	internal	0.5	drosophila_melanogaster	Drosophila melanogaster	Insecta
A	9	False	internal	0.0	drosophila_melanogaster	Drosophila melanogaster	Insecta
Q	2	False	internal	0.8	drosophila_melanogaster	Drosophila melanogaster	Insecta
A	1	True	terminal	0.0	drosophila_melanogaster	Drosophila melanogaster	Insecta
N	6	False	internal	0.8	drosophila_melanogaster	Drosophila melanogaster	Insecta
K	5	False	internal	0.0	drosophila_melanogaster	Drosophila melanogaster	Insecta
E	11	False	internal	0.0	drosophila_melanogaster	Drosophila melanogaster	Insecta
Q	18	False	internal	0.8	drosophila_melanogaster	Drosophila melanogaster	Insecta
A	5	False	internal	0.0	drosophila_melanogaster	Drosophila melanogaster	Insecta
G	2	False	internal	0.5	drosophila_melanogaster	Drosophila melanogaster	Insecta
P	7	False	internal	0.0	drosophila_melanogaster	Drosophila melanogaster	Insecta
Q	2	False	internal	0.8	drosophila_melanogaster	Drosophila melanogaster	Insecta
H	14	False	internal	0.0	drosophila_melanogaster	Drosophila melanogaster	Insecta
A	13	False	internal	0.0	drosophila_melanogaster	Drosophila melanogaster	Insecta
L	1	True	terminal	0.0	drosophila_melanogaster	Drosophila melanogaster	Insecta
G	13	False	internal	0.5	drosophila_melanogaster	Drosophila melanogaster	Insecta
S	15	False	internal	0.5	drosophila_melanogaster	Drosophila melanogaster	Insecta
G	2	False	internal	0.5	drosophila_melanogaster	Drosophila melanogaster	Insecta
A	13	False	internal	0.0	drosophila_melanogaster	Drosophila melanogaster	Insecta
N	4	False	internal	0.8	drosophila_melanogaster	Drosophila melanogaster	Insecta
Q	1	True	terminal	0.8	drosophila_melanogaster	Drosophila melanogaster	Insecta
A	8	False	internal	0.0	drosophila_melanogaster	Drosophila melanogaster	Insecta
G	1	True	terminal	0.5	drosophila_melanogaster	Drosophila melanogaster	Insecta
H	16	False	internal	0.0	drosophila_melanogaster	Drosophila melanogaster	Insecta
Q	16	False	internal	0.8	drosophila_melanogaster	Drosophila melanogaster	Insecta
T	18	False	internal	0.0	drosophila_melanogaster	Drosophila melanogaster	Insecta
A	15	False	internal	0.0	drosophila_melanogaster	Drosophila melanogaster	Insecta
N	2	False	internal	0.8	drosophila_melanogaster	Drosophila melanogaster	Insecta
Q	4	False	internal	0.8	drosophila_melanogaster	Drosophila melanogaster	Insecta
H	12	False	internal	0.0	drosophila_melanogaster	Drosophila melanogaster	Insecta
P	6	False	internal	0.0	drosophila_melanogaster	Drosophila melanogaster	Insecta
G	7	False	internal	0.5	drosophila_melanogaster	Drosophila melanogaster	Insecta
G	6	False	internal	0.5	drosophila_melanogaster	Drosophila melanogaster	Insecta
C	1	True	terminal	0.0	drosophila_melanogaster	Drosophila melanogaster	Insecta
D	13	False	internal	0.0	drosophila_melanogaster	Drosophila melanogaster	Insecta
R	16	False	internal	0.5	drosophila_melanogaster	Drosophila melanogaster	Insecta
S	7	False	internal	0.5	drosophila_melanogaster	Drosophila melanogaster	Insecta
G	20	True	terminal	0.5	drosophila_melanogaster	Drosophila melanogaster	Insecta
G	3	False	internal	0.5	drosophila_melanogaster	Drosophila melanogaster	Insecta
Q	3	False	internal	0.8	drosophila_melanogaster	Drosophila melanogaster	Insecta
L	1	True	terminal	0.0	drosophila_melanogaster	Drosophila melanogaster	Insecta
A	12	False	internal	0.0	drosophila_melanogaster	Drosophila melanogaster	Insecta
W	1	True	terminal	1.0	drosophila_melanogaster	Drosophila melanogaster	Insecta
G	7	False	internal	0.5	drosophila_melanogaster	Drosophila melanogaster	Insecta
H	6	False	internal	0.0	drosophila_melanogaster	Drosophila melanogaster	Insecta
Q	2	False	internal	0.8	drosophila_melanogaster	Drosophila melanogaster	Insecta
G	7	False	internal	0.5	drosophila_melanogaster	Drosophila melanogaster	Insecta
H	3	False	internal	0.0	drosophila_melanogaster	Drosophila melanogaster	Insecta
A	2	False	internal	0.0	drosophila_melanogaster	Drosophila melanogaster	Insecta
A	1	True	terminal	0.0	drosophila_melanogaster	Drosophila melanogaster	Insecta
G	6	False	internal	0.5	drosophila_melanogaster	Drosophila melanogaster	Insecta
M	12	False	internal	0.0	drosophila_melanogaster	Drosophila melanogaster	Insecta
A	18	False	internal	0.0	drosophila_melanogaster	Drosophila melanogaster	Insecta
H	12	False	internal	0.0	drosophila_melanogaster	Drosophila melanogaster	Insecta
C	1	True	terminal	0.0	drosophila_melanogaster	Drosophila melanogaster	Insecta
G	8	False	internal	0.5	drosophila_melanogaster	Drosophila melanogaster	Insecta
N	7	False	internal	0.8	drosophila_melanogaster	Drosophila melanogaster	Insecta
A	5	False	internal	0.0	drosophila_melanogaster	Drosophila melanogaster	Insecta
R	16	False	internal	0.5	drosophila_melanogaster	Drosophila melanogaster	Insecta
Q	6	False	internal	0.8	drosophila_melanogaster	Drosophila melanogaster	Insecta
N	10	False	internal	0.8	drosophila_melanogaster	Drosophila melanogaster	Insecta
A	4	False	internal	0.0	drosophila_melanogaster	Drosophila melanogaster	Insecta
A	6	False	internal	0.0	drosophila_melanogaster	Drosophila melanogaster	Insecta
G	12	False	internal	0.5	drosophila_melanogaster	Drosophila melanogaster	Insecta
A	11	False	internal	0.0	drosophila_melanogaster	Drosophila melanogaster	Insecta
R	3	False	internal	0.5	drosophila_melanogaster	Drosophila melanogaster	Insecta
H	6	False	internal	0.0	drosophila_melanogaster	Drosophila melanogaster	Insecta
A	16	False	internal	0.0	drosophila_melanogaster	Drosophila melanogaster	Insecta
P	1	True	terminal	0.0	drosophila_melanogaster	Drosophila melanogaster	Insecta
S	4	False	internal	0.5	drosophila_melanogaster	Drosophila melanogaster	Insecta
G	19	False	internal	0.5	drosophila_melanogaster	Drosophila melanogaster	Insecta
G	16	False	internal	0.5	drosophila_melanogaster	Drosophila melanogaster	Insecta
T	15	False	internal	0.0	drosophila_melanogaster	Drosophila melanogaster	Insecta
N	15	False	internal	0.8	drosophila_melanogaster	Drosophila melanogaster	Insecta
A	16	False	internal	0.0	drosophila_melanogaster	Drosophila melanogaster	Insecta
T	11	False	internal	0.0	drosophila_melanogaster	Drosophila melanogaster	Insecta
P	2	False	internal	0.0	drosophila_melanogaster	Drosophila melanogaster	Insecta
P	16	False	internal	0.0	drosophila_melanogaster	Drosophila melanogaster	Insecta
A	20	True	terminal	0.0	drosophila_melanogaster	Drosophila melanogaster	Insecta
D	7	False	internal	0.0	drosophila_melanogaster	Drosophila melanogaster	Insecta
P	1	True	terminal	0.0	drosophila_melanogaster	Drosophila melanogaster	Insecta
A	19	False	internal	0.0	drosophila_melanogaster	Drosophila melanogaster	Insecta
Q	16	False	internal	0.8	drosophila_melanogaster	Drosophila melanogaster	Insecta
W	17	False	internal	1.0	drosophila_melanogaster	Drosophila melanogaster	Insecta
H	14	False	internal	0.0	drosophila_melanogaster	Drosophila melanogaster	Insecta
T	15	False	internal	0.0	drosophila_melanogaster	Drosophila melanogaster	Insecta
S	17	False	internal	0.5	drosophila_melanogaster	Drosophila melanogaster	Insecta
A	2	False	internal	0.0	drosophila_melanogaster	Drosophila melanogaster	Insecta
N	13	False	internal	0.8	drosophila_melanogaster	Drosophila melanogaster	Insecta
C	9	False	internal	0.0	drosophila_melanogaster	Drosophila melanogaster	Insecta
T	18	False	internal	0.0	drosophila_melanogaster	Drosophila melanogaster	Insecta
H	16	False	internal	0.0	drosophila_melanogaster	Drosophila melanogaster	Insecta
N	20	True	terminal	0.8	drosophila_melanogaster	Drosophila melanogaster	Insecta
Q	16	False	internal	0.8	drosophila_melanogaster	Drosophila melanogaster	Insecta
C	18	False	internal	0.0	drosophila_melanogaster	Drosophila melanogaster	Insecta
R	18	False	internal	0.5	drosophila_melanogaster	Drosophila melanogaster	Insecta
G	9	False	internal	0.5	drosophila_melanogaster	Drosophila melanogaster	Insecta
H	14	False	internal	0.0	drosophila_melanogaster	Drosophila melanogaster	Insecta
G	19	False	internal	0.5	drosophila_melanogaster	Drosophila melanogaster	Insecta
G	1	True	terminal	0.5	drosophila_melanogaster	Drosophila melanogaster	Insecta
A	8	False	internal	0.0	drosophila_melanogaster	Drosophila melanogaster	Insecta
G	18	False	internal	0.5	drosophila_melanogaster	Drosophila melanogaster	Insecta
Q	15	False	internal	0.8	drosophila_melanogaster	Drosophila melanogaster	Insecta
W	12	False	internal	1.0	drosophila_melanogaster	Drosophila melanogaster	Insecta
A	15	False	internal	0.0	drosophila_melanogaster	Drosophila melanogaster	Insecta
Q	4	False	internal	0.8	drosophila_melanogaster	Drosophila melanogaster	Insecta
Q	5	False	internal	0.8	drosophila_melanogaster	Drosophila melanogaster	Insecta
E	17	False	internal	0.0	drosophila_melanogaster	Drosophila melanogaster	Insecta
H	18	False	internal	0.0	drosophila_melanogaster	Drosophila melanogaster	Insecta
Q	5	False	internal	0.8	drosophila_melanogaster	Drosophila melanogaster	Insecta
Q	19	False	internal	0.8	drosophila_melanogaster	Drosophila melanogaster	Insecta
T	11	False	internal	0.0	drosophila_melanogaster	Drosophila melanogaster	Insecta
S	4	False	internal	0.5	drosophila_melanogaster	Drosophila melanogaster	Insecta
A	8	False	internal	0.0	drosophila_melanogaster	Drosophila melanogaster	Insecta
A	20	True	terminal	0.0	drosophila_melanogaster	Drosophila melanogaster	Insecta
G	15	False	internal	0.5	drosophila_melanogaster	Drosophila melanogaster	Insecta
Q	12	False	internal	0.8	drosophila_melanogaster	Drosophila melanogaster	Insecta
Q	1	True	terminal	0.8	drosophila_melanogaster	Drosophila melanogaster	Insecta
Q	12	False	internal	0.8	drosophila_melanogaster	Drosophila melanogaster	Insecta
S	1	True	terminal	0.5	drosophila_melanogaster	Drosophila melanogaster	Insecta
Q	15	False	internal	0.8	drosophila_melanogaster	Drosophila melanogaster	Insecta
P	14	False	internal	0.0	drosophila_melanogaster	Drosophila melanogaster	Insecta
Q	1	True	terminal	0.8	drosophila_melanogaster	Drosophila melanogaster	Insecta
G	6	False	internal	0.5	drosophila_melanogaster	Drosophila melanogaster	Insecta
E	20	True	terminal	0.0	drosophila_melanogaster	Drosophila melanogaster	Insecta
Q	3	False	internal	0.8	drosophila_melanogaster	Drosophila melanogaster	Insecta
S	17	False	internal	0.5	drosophila_melanogaster	Drosophila melanogaster	Insecta
S	1	True	terminal	0.5	drosophila_melanogaster	Drosophila melanogaster	Insecta
S	16	False	internal	0.5	drosophila_melanogaster	Drosophila melanogaster	Insecta
T	15	False	internal	0.0	drosophila_melanogaster	Drosophila melanogaster	Insecta
T	8	False	internal	0.0	drosophila_melanogaster	Drosophila melanogaster	Insecta
Q	1	True	terminal	0.8	drosophila_melanogaster	Drosophila melanogaster	Insecta
A	2	False	internal	0.0	drosophila_melanogaster	Drosophila melanogaster	Insecta
N	1	True	terminal	0.8	drosophila_melanogaster	Drosophila melanogaster	Insecta
C	19	False	internal	0.0	drosophila_melanogaster	Drosophila melanogaster	Insecta
Q	20	True	terminal	0.8	drosophila_melanogaster	Drosophila melanogaster	Insecta
S	17	False	internal	0.5	drosophila_melanogaster	Drosophila melanogaster	Insecta
Q	2	False	internal	0.8	drosophila_melanogaster	Drosophila melanogaster	Insecta
Q	11	False	internal	0.8	drosophila_melanogaster	Drosophila melanogaster	Insecta
Q	12	False	internal	0.8	drosophila_melanogaster	Drosophila melanogaster	Insecta
W	19	False	internal	1.0	drosophila_melanogaster	Drosophila melanogaster	Insecta
L	19	False	internal	0.0	drosophila_melanogaster	Drosophila melanogaster	Insecta
A	12	False	internal	0.0	drosophila_melanogaster	Drosophila melanogaster	Insecta
Q	2	False	internal	0.8	drosophila_melanogaster	Drosophila melanogaster	Insecta
G	4	False	internal	0.5	drosophila_melanogaster	Drosophila melanogaster	Insecta
L	2	False	internal	0.0	drosophila_melanogaster	Drosophila melanogaster	Insecta
Q	2	False	internal	0.8	drosophila_melanogaster	Drosophila melanogaster	Insecta
A	11	False	internal	0.0	drosophila_melanogaster	Drosophila melanogaster	Insecta
A	12	False	internal	0.0	drosophila_melanogaster	Drosophila melanogaster	Insecta
Q	12	False	internal	0.8	drosophila_melanogaster	Drosophila melanogaster	Insecta
H	18	False	internal	0.0	drosophila_melanogaster	Drosophila melanogaster	Insecta
A	15	False	internal	0.0	drosophila_melanogaster	Drosophila melanogaster	Insecta
P	11	False	internal	0.0	drosophila_melanogaster	Drosophila melanogaster	Insecta
R	20	True	terminal	0.5	drosophila_melanogaster	Drosophila melanogaster	Insecta
A	3	False	internal	0.0	drosophila_melanogaster	Drosophila melanogaster	Insecta
A	2	False	internal	0.0	drosophila_melanogaster	Drosophila melanogaster	Insecta
Q	15	False	internal	0.8	drosophila_melanogaster	Drosophila melanogaster	Insecta
C	20	True	terminal	0.0	drosophila_melanogaster	Drosophila melanogaster	Insecta
A	12	False	internal	0.0	drosophila_melanogaster	Drosophila melanogaster	Insecta
E	3	False	internal	0.0	drosophila_melanogaster	Drosophila melanogaster	Insecta
C	10	False	internal	0.0	drosophila_melanogaster	Drosophila melanogaster	Insecta
G	20	True	terminal	0.5	drosophila_melanogaster	Drosophila melanogaster	Insecta
G	13	False	internal	0.5	drosophila_melanogaster	Drosophila melanogaster	Insecta
T	3	False	internal	0.0	drosophila_melanogaster	Drosophila melanogaster	Insecta
N	4	False	internal	0.8	drosophila_melanogaster	Drosophila melanogaster	Insecta
N	15	False	internal	0.8	drosophila_melanogaster	Drosophila melanogaster	Insecta
A	19	False	internal	0.0	drosophila_melanogaster	Drosophila melanogaster	Insecta
G	7	False	internal	0.5	drosophila_melanogaster	Drosophila melanogaster	Insecta
A	14	False	internal	0.0	drosophila_melanogaster	Drosophila melanogaster	Insecta
E	20	True	terminal	0.0	drosophila_melanogaster	Drosophila melanogaster	Insecta
D	3	False	internal	0.0	drosophila_melanogaster	Drosophila melanogaster	Insecta
Q	8	False	internal	0.8	drosophila_melanogaster	Drosophila melanogaster	Insecta
P	4	False	internal	0.0	drosophila_melanogaster	Drosophila melanogaster	Insecta
Q	8	False	internal	0.8	drosophila_melanogaster	Drosophila melanogaster	Insecta
C	18	False	internal	0.0	drosophila_melanogaster	Drosophila melanogaster	Insecta
Q	2	False	internal	0.8	drosophila_melanogaster	Drosophila melanogaster	Insecta
G	16	False	internal	0.5	drosophila_melanogaster	Drosophila melanogaster	Insecta
A	18	False	internal	0.0	drosophila_melanogaster	Drosophila melanogaster	Insecta
Q	20	True	terminal	0.8	drosophila_melanogaster	Drosophila melanogaster	Insecta
N	2	False	internal	0.8	drosophila_melanogaster	Drosophila melanogaster	Insecta
G	5	False	internal	0.5	drosophila_melanogaster	Drosophila melanogaster	Insecta
A	6	False	internal	0.0	drosophila_melanogaster	Drosophila melanogaster	Insecta
G	9	False	internal	0.5	drosophila_melanogaster	Drosophila melanogaster	Insecta
Q	16	False	internal	0.8	drosophila_melanogaster	Drosophila melanogaster	Insecta
G	9	False	internal	0.5	drosophila_melanogaster	Drosophila melanogaster	Insecta
D	16	False	internal	0.0	drosophila_melanogaster	Drosophila melanogaster	Insecta
G	5	False	internal	0.5	drosophila_melanogaster	Drosophila melanogaster	Insecta
A	20	True	terminal	0.0	drosophila_melanogaster	Drosophila melanogaster	Insecta
Q	4	False	internal	0.8	drosophila_melanogaster	Drosophila melanogaster	Insecta
P	19	False	internal	0.0	drosophila_melanogaster	Drosophila melanogaster	Insecta
Q	10	False	internal	0.8	drosophila_melanogaster	Drosophila melanogaster	Insecta
G	10	False	internal	0.5	drosophila_melanogaster	Drosophila melanogaster	Insecta
L	1	True	terminal	0.0	drosophila_melanogaster	Drosophila melanogaster	Insecta
H	3	False	internal	0.0	drosophila_melanogaster	Drosophila melanogaster	Insecta
E	6	False	internal	0.0	drosophila_melanogaster	Drosophila melanogaster	Insecta
T	13	False	internal	0.0	drosophila_melanogaster	Drosophila melanogaster	Insecta
Q	15	False	internal	0.8	drosophila_melanogaster	Drosophila melanogaster	Insecta
Q	2	False	internal	0.8	drosophila_melanogaster	Drosophila melanogaster	Insecta
H	10	False	internal	0.0	drosophila_melanogaster	Drosophila melanogaster	Insecta
T	1	True	terminal	0.0	drosophila_melanogaster	Drosophila melanogaster	Insecta
A	15	False	internal	0.0	drosophila_melanogaster	Drosophila melanogaster	Insecta
C	19	False	internal	0.0	drosophila_melanogaster	Drosophila melanogaster	Insecta
K	3	False	internal	0.0	drosophila_melanogaster	Drosophila melanogaster	Insecta
A	5	False	internal	0.0	drosophila_melanogaster	Drosophila melanogaster	Insecta
G	16	False	internal	0.5	drosophila_melanogaster	Drosophila melanogaster	Insecta
Q	7	False	internal	0.8	drosophila_melanogaster	Drosophila melanogaster	Insecta
Q	10	False	internal	0.8	drosophila_melanogaster	Drosophila melanogaster	Insecta
A	1	True	terminal	0.0	drosophila_melanogaster	Drosophila melanogaster	Insecta
R	3	False	internal	0.5	drosophila_melanogaster	Drosophila melanogaster	Insecta
R	19	False	internal	0.5	drosophila_melanogaster	Drosophila melanogaster	Insecta
H	5	False	internal	0.0	drosophila_melanogaster	Drosophila melanogaster	Insecta
S	3	False	internal	0.5	drosophila_melanogaster	Drosophila melanogaster	Insecta
G	10	False	internal	0.5	drosophila_melanogaster	Drosophila melanogaster	Insecta
G	8	False	internal	0.5	drosophila_melanogaster	Drosophila melanogaster	Insecta
Q	6	False	internal	0.8	drosophila_melanogaster	Drosophila melanogaster	Insecta
K	1	True	terminal	0.0	drosophila_melanogaster	Drosophila melanogaster	Insecta
A	18	False	internal	0.0	drosophila_melanogaster	Drosophila melanogaster	Insecta
E	1	True	terminal	0.0	drosophila_melanogaster	Drosophila melanogaster	Insecta
D	5	False	internal	0.0	drosophila_melanogaster	Drosophila melanogaster	Insecta
D	9	False	internal	0.0	drosophila_melanogaster	Drosophila melanogaster	Insecta
A	17	False	internal	0.0	drosophila_melanogaster	Drosophila melanogaster	Insecta
P	2	False	internal	0.0	drosophila_melanogaster	Drosophila melanogaster	Insecta
L	1	True	terminal	0.0	drosophila_melanogaster	Drosophila melanogaster	Insecta
S	3	False	internal	0.5	drosophila_melanogaster	Drosophila melanogaster	Insecta
H	19	False	internal	0.0	drosophila_melanogaster	Drosophila melanogaster	Insecta
G	12	False	internal	0.5	drosophila_melanogaster	Drosophila melanogaster	Insecta
R	1	True	terminal	0.5	drosophila_melanogaster	Drosophila melanogaster	Insecta
L	1	True	terminal	0.0	drosophila_melanogaster	Drosophila melanogaster	Insecta
L	1	True	terminal	0.0	drosophila_melanogaster	Drosophila melanogaster	Insecta
A	18	False	internal	0.0	drosophila_melanogaster	Drosophila melanogaster	Insecta
R	2	False	internal	0.5	drosophila_melanogaster	Drosophila melanogaster	Insecta
N	5	False	internal	0.8	drosophila_melanogaster	Drosophila melanogaster	Insecta
N	2	False	internal	0.8	drosophila_melanogaster	Drosophila melanogaster	Insecta
A	19	False	internal	0.0	drosophila_melanogaster	Drosophila melanogaster	Insecta
F	7	False	internal	1.0	drosophila_melanogaster	Drosophila melanogaster	Insecta
G	16	False	internal	0.5	drosophila_melanogaster	Drosophila melanogaster	Insecta
Y	19	False	internal	1.0	drosophila_melanogaster	Drosophila melanogaster	Insecta
Q	11	False	internal	0.8	drosophila_melanogaster	Drosophila melanogaster	Insecta
A	9	False	internal	0.0	drosophila_melanogaster	Drosophila melanogaster	Insecta
R	16	False	internal	0.5	drosophila_melanogaster	Drosophila melanogaster	Insecta
A	17	False	internal	0.0	drosophila_melanogaster	Drosophila melanogaster	Insecta
Q	15	False	internal	0.8	drosophila_melanogaster	Drosophila melanogaster	Insecta
Q	9	False	internal	0.8	drosophila_melanogaster	Drosophila melanogaster	Insecta
K	1	True	terminal	0.0	drosophila_melanogaster	Drosophila melanogaster	Insecta
W	11	False	internal	1.0	drosophila_melanogaster	Drosophila melanogaster	Insecta
N	2	False	internal	0.8	drosophila_melanogaster	Drosophila melanogaster	Insecta
Q	19	False	internal	0.8	drosophila_melanogaster	Drosophila melanogaster	Insecta
N	17	False	internal	0.8	drosophila_melanogaster	Drosophila melanogaster	Insecta
A	18	False	internal	0.0	drosophila_melanogaster	Drosophila melanogaster	Insecta
G	6	False	internal	0.5	drosophila_melanogaster	Drosophila melanogaster	Insecta
P	2	False	internal	0.0	drosophila_melanogaster	Drosophila melanogaster	Insecta
G	20	True	terminal	0.5	drosophila_melanogaster	Drosophila melanogaster	Insecta
W	13	False	internal	1.0	drosophila_melanogaster	Drosophila melanogaster	Insecta
G	3	False	internal	0.5	drosophila_melanogaster	Drosophila melanogaster	Insecta
A	18	False	internal	0.0	drosophila_melanogaster	Drosophila melanogaster	Insecta
S	18	False	internal	0.5	drosophila_melanogaster	Drosophila melanogaster	Insecta
C	5	False	internal	0.0	drosophila_melanogaster	Drosophila melanogaster	Insecta
E	4	False	internal	0.0	drosophila_melanogaster	Drosophila melanogaster	Insecta
G	10	False	internal	0.5	drosophila_melanogaster	Drosophila melanogaster	Insecta
Q	20	True	terminal	0.8	drosophila_melanogaster	Drosophila melanogaster	Insecta
T	1	True	terminal	0.0	drosophila_melanogaster	Drosophila melanogaster	Insecta
R	18	False	internal	0.5	drosophila_melanogaster	Drosophila melanogaster	Insecta
N	1	True	terminal	0.8	drosophila_melanogaster	Drosophila melanogaster	Insecta
Q	1	True	terminal	0.8	drosophila_melanogaster	Drosophila melanogaster	Insecta
T	12	False	internal	0.0	drosophila_melanogaster	Drosophila melanogaster	Insecta
D	20	True	terminal	0.0	drosophila_melanogaster	Drosophila melanogaster	Insecta
Q	6	False	internal	0.8	drosophila_melanogaster	Drosophila melanogaster	Insecta
Q	14	False	internal	0.8	drosophila_melanogaster	Drosophila melanogaster	Insecta
P	16	False	internal	0.0	drosophila_melanogaster	Drosophila melanogaster	Insecta
P	3	False	internal	0.0	drosophila_melanogaster	Drosophila melanogaster	Insecta
G	9	False	internal	0.5	drosophila_melanogaster	Drosophila melanogaster	Insecta
T	12	False	internal	0.0	drosophila_melanogaster	Drosophila melanogaster	Insecta
A	20	True	terminal	0.0	drosophila_melanogaster	Drosophila melanogaster	Insecta
T	9	False	internal	0.0	drosophila_melanogaster	Drosophila melanogaster	Insecta
L	2	False	internal	0.0	drosophila_melanogaster	Drosophila melanogaster	Insecta
K	20	True	terminal	0.0	drosophila_melanogaster	Drosophila melanogaster	Insecta
S	16	False	internal	0.5	drosophila_melanogaster	Drosophila melanogaster	Insecta
G	7	False	internal	0.5	drosophila_melanogaster	Drosophila melanogaster	Insecta
T	4	False	internal	0.0	drosophila_melanogaster	Drosophila melanogaster	Insecta
P	3	False	internal	0.0	drosophila_melanogaster	Drosophila melanogaster	Insecta
K	15	False	internal	0.0	drosophila_melanogaster	Drosophila melanogaster	Insecta
A	16	False	internal	0.0	drosophila_melanogaster	Drosophila melanogaster	Insecta
A	14	False	internal	0.0	drosophila_melanogaster	Drosophila melanogaster	Insecta
Q	1	True	terminal	0.8	drosophila_melanogaster	Drosophila melanogaster	Insecta
A	9	False	internal	0.0	drosophila_melanogaster	Drosophila melanogaster	Insecta
C	7	False	internal	0.0	drosophila_melanogaster	Drosophila melanogaster	Insecta
G	19	False	internal	0.5	drosophila_melanogaster	Drosophila melanogaster	Insecta
S	20	True	terminal	0.5	drosophila_melanogaster	Drosophila melanogaster	Insecta
A	12	False	internal	0.0	drosophila_melanogaster	Drosophila melanogaster	Insecta
G	1	True	terminal	0.5	drosophila_melanogaster	Drosophila melanogaster	Insecta
H	18	False	internal	0.0	drosophila_melanogaster	Drosophila melanogaster	Insecta
G	12	False	internal	0.5	drosophila_melanogaster	Drosophila melanogaster	Insecta
Q	14	False	internal	0.8	drosophila_melanogaster	Drosophila melanogaster	Insecta
Q	7	False	internal	0.8	drosophila_melanogaster	Drosophila melanogaster	Insecta
N	5	False	internal	0.8	drosophila_melanogaster	Drosophila melanogaster	Insecta
G	10	False	internal	0.5	drosophila_melanogaster	Drosophila melanogaster	Insecta
G	3	False	internal	0.5	drosophila_melanogaster	Drosophila melanogaster	Insecta
G	1	True	terminal	0.5	drosophila_melanogaster	Drosophila melanogaster	Insecta
Q	5	False	internal	0.8	drosophila_melanogaster	Drosophila melanogaster	Insecta
Q	20	True	terminal	0.8	drosophila_melanogaster	Drosophila melanogaster	Insecta
T	12	False	internal	0.0	drosophila_melanogaster	Drosophila melanogaster	Insecta
A	1	True	terminal	0.0	drosophila_melanogaster	Drosophila melanogaster	Insecta
T	20	True	terminal	0.0	drosophila_melanogaster	Drosophila melanogaster	Insecta
Q	16	False	internal	0.8	drosophila_melanogaster	Drosophila melanogaster	Insecta
H	13	False	internal	0.0	drosophila_melanogaster	Drosophila melanogaster	Insecta
A	14	False	internal	0.0	drosophila_melanogaster	Drosophila melanogaster	Insecta
T	12	False	internal	0.0	drosophila_melanogaster	Drosophila melanogaster	Insecta
Q	2	False	internal	0.8	drosophila_melanogaster	Drosophila melanogaster	Insecta
T	5	False	internal	0.0	drosophila_melanogaster	Drosophila melanogaster	Insecta
P	7	False	internal	0.0	drosophila_melanogaster	Drosophila melanogaster	Insecta
A	8	False	internal	0.0	drosophila_melanogaster	Drosophila melanogaster	Insecta
P	11	False	internal	0.0	drosophila_melanogaster	Drosophila melanogaster	Insecta
T	9	False	internal	0.0	drosophila_melanogaster	Drosophila melanogaster	Insecta
R	10	False	internal	0.5	drosophila_melanogaster	Drosophila melanogaster	Insecta
G	7	False	internal	0.5	drosophila_melanogaster	Drosophila melanogaster	Insecta
R	2	False	internal	0.5	drosophila_melanogaster	Drosophila melanogaster	Insecta
H	2	False	internal	0.0	drosophila_melanogaster	Drosophila melanogaster	Insecta
Q	5	False	internal	0.8	drosophila_melanogaster	Drosophila melanogaster	Insecta
D	18	False	internal	0.0	drosophila_melanogaster	Drosophila melanogaster	Insecta
R	5	False	internal	0.5	drosophila_melanogaster	Drosophila melanogaster	Insecta
Q	18	False	internal	0.8	drosophila_melanogaster	Drosophila melanogaster	Insecta
Q	13	False	internal	0.8	drosophila_melanogaster	Drosophila melanogaster	Insecta
N	15	False	internal	0.8	drosophila_melanogaster	Drosophila melanogaster	Insecta
A	15	False	internal	0.0	drosophila_melanogaster	Drosophila melanogaster	Insecta
H	14	False	internal	0.0	drosophila_melanogaster	Drosophila melanogaster	Insecta
Q	10	False	internal	0.8	drosophila_melanogaster	Drosophila melanogaster	Insecta
A	4	False	internal	0.0	drosophila_melanogaster	Drosophila melanogaster	Insecta
S	4	False	internal	0.5	drosophila_melanogaster	Drosophila melanogaster	Insecta
R	9	False	internal	0.5	drosophila_melanogaster	Drosophila melanogaster	Insecta
A	10	False	internal	0.0	drosophila_melanogaster	Drosophila melanogaster	Insecta
A	13	False	internal	0.0	drosophila_melanogaster	Drosophila melanogaster	Insecta
A	3	False	internal	0.0	drosophila_melanogaster	Drosophila melanogaster	Insecta
A	2	False	internal	0.0	drosophila_melanogaster	Drosophila melanogaster	Insecta
N	20	True	terminal	0.8	drosophila_melanogaster	Drosophila melanogaster	Insecta
A	12	False	internal	0.0	drosophila_melanogaster	Drosophila melanogaster	Insecta
H	4	False	internal	0.0	drosophila_melanogaster	Drosophila melanogaster	Insecta
Q	3	False	internal	0.8	drosophila_melanogaster	Drosophila melanogaster	Insecta
P	18	False	internal	0.0	drosophila_melanogaster	Drosophila melanogaster	Insecta
Q	9	False	internal	0.8	drosophila_melanogaster	Drosophila melanogaster	Insecta
T	18	False	internal	0.0	drosophila_melanogaster	Drosophila melanogaster	Insecta
S	14	False	internal	0.5	drosophila_melanogaster	Drosophila melanogaster	Insecta
A	19	False	internal	0.0	drosophila_melanogaster	Drosophila melanogaster	Insecta
P	15	False	internal	0.0	drosophila_melanogaster	Drosophila melanogaster	Insecta
L	18	False	internal	0.0	drosophila_melanogaster	Drosophila melanogaster	Insecta
Q	8	False	internal	0.8	drosophila_melanogaster	Drosophila melanogaster	Insecta
Q	3	False	internal	0.8	drosophila_melanogaster	Drosophila melanogaster	Insecta
G	14	False	internal	0.5	drosophila_melanogaster	Drosophila melanogaster	Insecta
N	16	False	internal	0.8	drosophila_melanogaster	Drosophila melanogaster	Insecta
G	12	False	internal	0.5	drosophila_melanogaster	Drosophila melanogaster	Insecta
G	2	False	internal	0.5	drosophila_melanogaster	Drosophila melanogaster	Insecta
S	5	False	internal	0.5	drosophila_melanogaster	Drosophila melanogaster	Insecta
G	9	False	internal	0.5	drosophila_melanogaster	Drosophila melanogaster	Insecta
S	3	False	internal	0.5	drosophila_melanogaster	Drosophila melanogaster	Insecta
K	1	True	terminal	0.0	drosophila_melanogaster	Drosophila melanogaster	Insecta
L	1	True	terminal	0.0	drosophila_melanogaster	Drosophila melanogaster	Insecta
T	13	False	internal	0.0	drosophila_melanogaster	Drosophila melanogaster	Insecta
P	13	False	internal	0.0	drosophila_melanogaster	Drosophila melanogaster	Insecta
A	8	False	internal	0.0	drosophila_melanogaster	Drosophila melanogaster	Insecta
C	17	False	internal	0.0	drosophila_melanogaster	Drosophila melanogaster	Insecta
S	15	False	internal	0.5	drosophila_melanogaster	Drosophila melanogaster	Insecta
A	14	False	internal	0.0	drosophila_melanogaster	Drosophila melanogaster	Insecta
T	8	False	internal	0.0	drosophila_melanogaster	Drosophila melanogaster	Insecta
N	5	False	internal	0.8	drosophila_melanogaster	Drosophila melanogaster	Insecta
Q	17	False	internal	0.8	drosophila_melanogaster	Drosophila melanogaster	Insecta
A	10	False	internal	0.0	drosophila_melanogaster	Drosophila melanogaster	Insecta
A	3	False	internal	0.0	drosophila_melanogaster	Drosophila melanogaster	Insecta
D	6	False	internal	0.0	drosophila_melanogaster	Drosophila melanogaster	Insecta
A	13	False	internal	0.0	drosophila_melanogaster	Drosophila melanogaster	Insecta
A	9	False	internal	0.0	drosophila_melanogaster	Drosophila melanogaster	Insecta
N	13	False	internal	0.8	drosophila_melanogaster	Drosophila melanogaster	Insecta
G	6	False	internal	0.5	drosophila_melanogaster	Drosophila melanogaster	Insecta
S	3	False	internal	0.5	drosophila_melanogaster	Drosophila melanogaster	Insecta
R	3	False	internal	0.5	drosophila_melanogaster	Drosophila melanogaster	Insecta
E	20	True	terminal	0.0	drosophila_melanogaster	Drosophila melanogaster	Insecta
Q	3	False	internal	0.8	drosophila_melanogaster	Drosophila melanogaster	Insecta
T	4	False	internal	0.0	drosophila_melanogaster	Drosophila melanogaster	Insecta
Q	20	True	terminal	0.8	drosophila_melanogaster	Drosophila melanogaster	Insecta
Q	11	False	internal	0.8	drosophila_melanogaster	Drosophila melanogaster	Insecta
M	4	False	internal	0.0	drosophila_melanogaster	Drosophila melanogaster	Insecta
H	11	False	internal	0.0	drosophila_melanogaster	Drosophila melanogaster	Insecta
G	20	True	terminal	0.5	drosophila_melanogaster	Drosophila melanogaster	Insecta
S	9	False	internal	0.5	drosophila_melanogaster	Drosophila melanogaster	Insecta
G	13	False	internal	0.5	drosophila_melanogaster	Drosophila melanogaster	Insecta
Q	1	True	terminal	0.8	drosophila_melanogaster	Drosophila melanogaster	Insecta
A	20	True	terminal	0.0	drosophila_melanogaster	Drosophila melanogaster	Insecta
A	5	False	internal	0.0	drosophila_melanogaster	Drosophila melanogaster	Insecta
T	19	False	internal	0.0	drosophila_melanogaster	Drosophila melanogaster	Insecta
A	8	False	internal	0.0	drosophila_melanogaster	Drosophila melanogaster	Insecta
G	15	False	internal	0.5	drosophila_melanogaster	Drosophila melanogaster	Insecta
A	20	True	terminal	0.0	drosophila_melanogaster	Drosophila melanogaster	Insecta
Q	12	False	internal	0.8	drosophila_melanogaster	Drosophila melanogaster	Insecta
Q	8	False	internal	0.8	drosophila_melanogaster	Drosophila melanogaster	Insecta
G	1	True	terminal	0.5	drosophila_melanogaster	Drosophila melanogaster	Insecta
A	9	False	internal	0.0	drosophila_melanogaster	Drosophila melanogaster	Insecta
A	8	False	internal	0.0	drosophila_melanogaster	Drosophila melanogaster	Insecta
A	6	False	internal	0.0	drosophila_melanogaster	Drosophila melanogaster	Insecta
A	1	True	terminal	0.0	drosophila_melanogaster	Drosophila melanogaster	Insecta
T	1	True	terminal	0.0	drosophila_melanogaster	Drosophila melanogaster	Insecta
D	13	False	internal	0.0	drosophila_melanogaster	Drosophila melanogaster	Insecta
Q	15	False	internal	0.8	drosophila_melanogaster	Drosophila melanogaster	Insecta
G	8	False	internal	0.5	drosophila_melanogaster	Drosophila melanogaster	Insecta
Q	1	True	terminal	0.8	drosophila_melanogaster	Drosophila melanogaster	Insecta
S	6	False	internal	0.5	drosophila_melanogaster	Drosophila melanogaster	Insecta
Q	3	False	internal	0.8	drosophila_melanogaster	Drosophila melanogaster	Insecta
G	18	False	internal	0.5	drosophila_melanogaster	Drosophila melanogaster	Insecta
Q	5	False	internal	0.8	drosophila_melanogaster	Drosophila melanogaster	Insecta
Q	14	False	internal	0.8	drosophila_melanogaster	Drosophila melanogaster	Insecta
K	1	True	terminal	0.0	drosophila_melanogaster	Drosophila melanogaster	Insecta
G	13	False	internal	0.5	drosophila_melanogaster	Drosophila melanogaster	Insecta
E	17	False	internal	0.0	drosophila_melanogaster	Drosophila melanogaster	Insecta
Q	4	False	internal	0.8	drosophila_melanogaster	Drosophila melanogaster	Insecta
A	3	False	internal	0.0	drosophila_melanogaster	Drosophila melanogaster	Insecta
Q	12	False	internal	0.8	drosophila_melanogaster	Drosophila melanogaster	Insecta
Q	18	False	internal	0.8	drosophila_melanogaster	Drosophila melanogaster	Insecta
Q	3	False	internal	0.8	drosophila_melanogaster	Drosophila melanogaster	Insecta
G	13	False	internal	0.5	drosophila_melanogaster	Drosophila melanogaster	Insecta
N	6	False	internal	0.8	drosophila_melanogaster	Drosophila melanogaster	Insecta
A	1	True	terminal	0.0	drosophila_melanogaster	Drosophila melanogaster	Insecta
G	7	False	internal	0.5	drosophila_melanogaster	Drosophila melanogaster	Insecta
A	8	False	internal	0.0	drosophila_melanogaster	Drosophila melanogaster	Insecta
T	20	True	terminal	0.0	drosophila_melanogaster	Drosophila melanogaster	Insecta
S	12	False	internal	0.5	drosophila_melanogaster	Drosophila melanogaster	Insecta
G	13	False	internal	0.5	drosophila_melanogaster	Drosophila melanogaster	Insecta
L	2	False	internal	0.0	drosophila_melanogaster	Drosophila melanogaster	Insecta
A	1	True	terminal	0.0	drosophila_melanogaster	Drosophila melanogaster	Insecta
A	9	False	internal	0.0	drosophila_melanogaster	Drosophila melanogaster	Insecta
G	17	False	internal	0.5	drosophila_melanogaster	Drosophila melanogaster	Insecta
E	5	False	internal	0.0	drosophila_melanogaster	Drosophila melanogaster	Insecta
S	3	False	internal	0.5	drosophila_melanogaster	Drosophila melanogaster	Insecta
N	1	True	terminal	0.8	drosophila_melanogaster	Drosophila melanogaster	Insecta
Q	1	True	terminal	0.8	drosophila_melanogaster	Drosophila melanogaster	Insecta
G	8	False	internal	0.5	drosophila_melanogaster	Drosophila melanogaster	Insecta
L	1	True	terminal	0.0	drosophila_melanogaster	Drosophila melanogaster	Insecta
G	6	False	internal	0.5	drosophila_melanogaster	Drosophila melanogaster	Insecta
R	5	False	internal	0.5	drosophila_melanogaster	Drosophila melanogaster	Insecta
Q	8	False	internal	0.8	drosophila_melanogaster	Drosophila melanogaster	Insecta
A	2	False	internal	0.0	drosophila_melanogaster	Drosophila melanogaster	Insecta
T	1	True	terminal	0.0	drosophila_melanogaster	Drosophila melanogaster	Insecta
Q	19	False	internal	0.8	drosophila_melanogaster	Drosophila melanogaster	Insecta
G	19	False	internal	0.5	drosophila_melanogaster	Drosophila melanogaster	Insecta
A	17	False	internal	0.0	drosophila_melanogaster	Drosophila melanogaster	Insecta
R	1	True	terminal	0.5	drosophila_melanogaster	Drosophila melanogaster	Insecta
A	18	False	internal	0.0	drosophila_melanogaster	Drosophila melanogaster	Insecta
N	18	False	internal	0.8	drosophila_melanogaster	Drosophila melanogaster	Insecta
Q	12	False	internal	0.8	drosophila_melanogaster	Drosophila melanogaster	Insecta
Q	20	True	terminal	0.8	drosophila_melanogaster	Drosophila melanogaster	Insecta
Q	2	False	internal	0.8	drosophila_melanogaster	Drosophila melanogaster	Insecta
S	20	True	terminal	0.5	drosophila_melanogaster	Drosophila melanogaster	Insecta
N	7	False	internal	0.8	drosophila_melanogaster	Drosophila melanogaster	Insecta
A	14	False	internal	0.0	drosophila_melanogaster	Drosophila melanogaster	Insecta
C	15	False	internal	0.0	drosophila_melanogaster	Drosophila melanogaster	Insecta
A	17	False	internal	0.0	drosophila_melanogaster	Drosophila melanogaster	Insecta
H	18	False	internal	0.0	drosophila_melanogaster	Drosophila melanogaster	Insecta
H	4	False	internal	0.0	drosophila_melanogaster	Drosophila melanogaster	Insecta
Y	20	True	terminal	1.0	drosophila_melanogaster	Drosophila melanogaster	Insecta
G	8	False	internal	0.5	drosophila_melanogaster	Drosophila melanogaster	Insecta
K	19	False	internal	0.0	drosophila_melanogaster	Drosophila melanogaster	Insecta
G	14	False	internal	0.5	drosophila_melanogaster	Drosophila melanogaster	Insecta
R	19	False	internal	0.5	drosophila_melanogaster	Drosophila melanogaster	Insecta
K	13	False	internal	0.0	drosophila_melanogaster	Drosophila melanogaster	Insecta
C	16	False	internal	0.0	drosophila_melanogaster	Drosophila melanogaster	Insecta
G	2	False	internal	0.5	drosophila_melanogaster	Drosophila melanogaster	Insecta
Q	3	False	internal	0.8	drosophila_melanogaster	Drosophila melanogaster	Insecta
S	16	False	internal	0.5	drosophila_melanogaster	Drosophila melanogaster	Insecta
Q	2	False	internal	0.8	drosophila_melanogaster	Drosophila melanogaster	Insecta
Q	4	False	internal	0.8	drosophila_melanogaster	Drosophila melanogaster	Insecta
P	9	False	internal	0.0	drosophila_melanogaster	Drosophila melanogaster	Insecta
G	11	False	internal	0.5	drosophila_melanogaster	Drosophila melanogaster	Insecta
R	10	False	internal	0.5	drosophila_melanogaster	Drosophila melanogaster	Insecta
T	6	False	internal	0.0	drosophila_melanogaster	Drosophila melanogaster	Insecta
Q	17	False	internal	0.8	drosophila_melanogaster	Drosophila melanogaster	Insecta
N	2	False	internal	0.8	drosophila_melanogaster	Drosophila melanogaster	Insecta
N	2	False	internal	0.8	drosophila_melanogaster	Drosophila melanogaster	Insecta
Q	3	False	internal	0.8	drosophila_melanogaster	Drosophila melanogaster	Insecta
T	18	False	internal	0.0	drosophila_melanogaster	Drosophila melanogaster	Insecta
P	15	False	internal	0.0	drosophila_melanogaster	Drosophila melanogaster	Insecta
T	16	False	internal	0.0	drosophila_melanogaster	Drosophila melanogaster	Insecta
R	8	False	internal	0.5	drosophila_melanogaster	Drosophila melanogaster	Insecta
R	13	False	internal	0.5	drosophila_melanogaster	Drosophila melanogaster	Insecta
A	1	True	terminal	0.0	drosophila_melanogaster	Drosophila melanogaster	Insecta
R	6	False	internal	0.5	drosophila_melanogaster	Drosophila melanogaster	Insecta
H	9	False	internal	0.0	drosophila_melanogaster	Drosophila melanogaster	Insecta
D	14	False	internal	0.0	drosophila_melanogaster	Drosophila melanogaster	Insecta
T	18	False	internal	0.0	drosophila_melanogaster	Drosophila melanogaster	Insecta
A	5	False	internal	0.0	drosophila_melanogaster	Drosophila melanogaster	Insecta
H	2	False	internal	0.0	drosophila_melanogaster	Drosophila melanogaster	Insecta
H	18	False	internal	0.0	drosophila_melanogaster	Drosophila melanogaster	Insecta
A	3	False	internal	0.0	drosophila_melanogaster	Drosophila melanogaster	Insecta
N	1	True	terminal	0.8	drosophila_melanogaster	Drosophila melanogaster	Insecta
Q	4	False	internal	0.8	drosophila_melanogaster	Drosophila melanogaster	Insecta
A	10	False	internal	0.0	drosophila_melanogaster	Drosophila melanogaster	Insecta
G	6	False	internal	0.5	drosophila_melanogaster	Drosophila melanogaster	Insecta
S	7	False	internal	0.5	drosophila_melanogaster	Drosophila melanogaster	Insecta
Q	2	False	internal	0.8	drosophila_melanogaster	Drosophila melanogaster	Insecta
T	2	False	internal	0.0	drosophila_melanogaster	Drosophila melanogaster	Insecta
G	9	False	internal	0.5	drosophila_melanogaster	Drosophila melanogaster	Insecta
G	17	False	internal	0.5	drosophila_melanogaster	Drosophila melanogaster	Insecta
A	6	False	internal	0.0	drosophila_melanogaster	Drosophila melanogaster	Insecta
N	1	True	terminal	0.8	drosophila_melanogaster	Drosophila melanogaster	Insecta
A	9	False	internal	0.0	drosophila_melanogaster	Drosophila melanogaster	Insecta
L	1	True	terminal	0.0	drosophila_melanogaster	Drosophila melanogaster	Insecta
Q	4	False	internal	0.8	drosophila_melanogaster	Drosophila melanogaster	Insecta
N	10	False	internal	0.8	drosophila_melanogaster	Drosophila melanogaster	Insecta
N	19	False	internal	0.8	drosophila_melanogaster	Drosophila melanogaster	Insecta
Q	2	False	internal	0.8	drosophila_melanogaster	Drosophila melanogaster	Insecta
G	9	False	internal	0.5	drosophila_melanogaster	Drosophila melanogaster	Insecta
Q	5	False	internal	0.8	drosophila_melanogaster	Drosophila melanogaster	Insecta
A	16	False	internal	0.0	drosophila_melanogaster	Drosophila melanogaster	Insecta
H	1	True	terminal	0.0	drosophila_melanogaster	Drosophila melanogaster	Insecta
P	6	False	internal	0.0	drosophila_melanogaster	Drosophila melanogaster	Insecta
P	18	False	internal	0.0	drosophila_melanogaster	Drosophila melanogaster	Insecta
Q	5	False	internal	0.8	drosophila_melanogaster	Drosophila melanogaster	Insecta
G	17	False	internal	0.5	drosophila_melanogaster	Drosophila melanogaster	Insecta
A	12	False	internal	0.0	drosophila_melanogaster	Drosophila melanogaster	Insecta
Q	2	False	internal	0.8	drosophila_melanogaster	Drosophila melanogaster	Insecta
N	13	False	internal	0.8	drosophila_melanogaster	Drosophila melanogaster	Insecta
A	7	False	internal	0.0	drosophila_melanogaster	Drosophila melanogaster	Insecta
A	6	False	internal	0.0	drosophila_melanogaster	Drosophila melanogaster	Insecta
Q	8	False	internal	0.8	drosophila_melanogaster	Drosophila melanogaster	Insecta
Q	14	False	internal	0.8	drosophila_melanogaster	Drosophila melanogaster	Insecta
A	8	False	internal	0.0	drosophila_melanogaster	Drosophila melanogaster	Insecta
H	20	True	terminal	0.0	drosophila_melanogaster	Drosophila melanogaster	Insecta
Q	11	False	internal	0.8	drosophila_melanogaster	Drosophila melanogaster	Insecta
Q	1	True	terminal	0.8	drosophila_melanogaster	Drosophila melanogaster	Insecta
T	8	False	internal	0.0	drosophila_melanogaster	Drosophila melanogaster	Insecta
N	2	False	internal	0.8	drosophila_melanogaster	Drosophila melanogaster	Insecta
H	18	False	internal	0.0	drosophila_melanogaster	Drosophila melanogaster	Insecta
A	12	False	internal	0.0	drosophila_melanogaster	Drosophila melanogaster	Insecta
Q	2	False	internal	0.8	drosophila_melanogaster	Drosophila melanogaster	Insecta
C	18	False	internal	0.0	drosophila_melanogaster	Drosophila melanogaster	Insecta
E	16	False	internal	0.0	drosophila_melanogaster	Drosophila melanogaster	Insecta
A	6	False	internal	0.0	drosophila_melanogaster	Drosophila melanogaster	Insecta
A	18	False	internal	0.0	drosophila_melanogaster	Drosophila melanogaster	Insecta
A	14	False	internal	0.0	drosophila_melanogaster	Drosophila melanogaster	Insecta
G	18	False	internal	0.5	drosophila_melanogaster	Drosophila melanogaster	Insecta
A	7	False	internal	0.0	drosophila_melanogaster	Drosophila melanogaster	Insecta
H	9	False	internal	0.0	drosophila_melanogaster	Drosophila melanogaster	Insecta
S	5	False	internal	0.5	drosophila_melanogaster	Drosophila melanogaster	Insecta
H	6	False	internal	0.0	drosophila_melanogaster	Drosophila melanogaster	Insecta
A	9	False	internal	0.0	drosophila_melanogaster	Drosophila melanogaster	Insecta
S	4	False	internal	0.5	drosophila_melanogaster	Drosophila melanogaster	Insecta
Q	1	True	terminal	0.8	drosophila_melanogaster	Drosophila melanogaster	Insecta
E	20	True	terminal	0.0	drosophila_melanogaster	Drosophila melanogaster	Insecta
Q	15	False	internal	0.8	drosophila_melanogaster	Drosophila melanogaster	Insecta
G	8	False	internal	0.5	drosophila_melanogaster	Drosophila melanogaster	Insecta
A	3	False	internal	0.0	drosophila_melanogaster	Drosophila melanogaster	Insecta
L	20	True	terminal	0.0	drosophila_melanogaster	Drosophila melanogaster	Insecta
A	14	False	internal	0.0	drosophila_melanogaster	Drosophila melanogaster	Insecta
D	2	False	internal	0.0	drosophila_melanogaster	Drosophila melanogaster	Insecta
G	20	True	terminal	0.5	drosophila_melanogaster	Drosophila melanogaster	Insecta
S	6	False	internal	0.5	drosophila_melanogaster	Drosophila melanogaster	Insecta
Q	3	False	internal	0.8	drosophila_melanogaster	Drosophila melanogaster	Insecta
A	6	False	internal	0.0	drosophila_melanogaster	Drosophila melanogaster	Insecta
S	20	True	terminal	0.5	drosophila_melanogaster	Drosophila melanogaster	Insecta
Q	2	False	internal	0.8	drosophila_melanogaster	Drosophila melanogaster	Insecta
Q	17	False	internal	0.8	drosophila_melanogaster	Drosophila melanogaster	Insecta
N	3	False	internal	0.8	drosophila_melanogaster	Drosophila melanogaster	Insecta
D	4	False	internal	0.0	drosophila_melanogaster	Drosophila melanogaster	Insecta
A	16	False	internal	0.0	drosophila_melanogaster	Drosophila melanogaster	Insecta
A	7	False	internal	0.0	drosophila_melanogaster	Drosophila melanogaster	Insecta
A	12	False	internal	0.0	drosophila_melanogaster	Drosophila melanogaster	Insecta
H	19	False	internal	0.0	drosophila_melanogaster	Drosophila melanogaster	Insecta
E	3	False	internal	0.0	drosophila_melanogaster	Drosophila melanogaster	Insecta
Q	11	False	internal	0.8	drosophila_melanogaster	Drosophila melanogaster	Insecta
E	1	True	terminal	0.0	drosophila_melanogaster	Drosophila melanogaster	Insecta
G	10	False	internal	0.5	drosophila_melanogaster	Drosophila melanogaster	Insecta
H	6	False	internal	0.0	drosophila_melanogaster	Drosophila melanogaster	Insecta
W	15	False	internal	1.0	drosophila_melanogaster	Drosophila melanogaster	Insecta
G	5	False	internal	0.5	drosophila_melanogaster	Drosophila melanogaster	Insecta
N	19	False	internal	0.8	drosophila_melanogaster	Drosophila melanogaster	Insecta
H	9	False	internal	0.0	drosophila_melanogaster	Drosophila melanogaster	Insecta
P	2	False	internal	0.0	drosophila_melanogaster	Drosophila melanogaster	Insecta
S	17	False	internal	0.5	drosophila_melanogaster	Drosophila melanogaster	Insecta
A	10	False	internal	0.0	drosophila_melanogaster	Drosophila melanogaster	Insecta
A	19	False	internal	0.0	drosophila_melanogaster	Drosophila melanogaster	Insecta
Q	20	True	terminal	0.8	drosophila_melanogaster	Drosophila melanogaster	Insecta
C	3	False	internal	0.0	drosophila_melanogaster	Drosophila melanogaster	Insecta
Q	3	False	internal	0.8	drosophila_melanogaster	Drosophila melanogaster	Insecta
A	18	False	internal	0.0	drosophila_melanogaster	Drosophila melanogaster	Insecta
A	16	False	internal	0.0	drosophila_melanogaster	Drosophila melanogaster	Insecta
A	6	False	internal	0.0	drosophila_melanogaster	Drosophila melanogaster	Insecta
G	20	True	terminal	0.5	drosophila_melanogaster	Drosophila melanogaster	Insecta
D	19	False	internal	0.0	drosophila_melanogaster	Drosophila melanogaster	Insecta
G	9	False	internal	0.5	drosophila_melanogaster	Drosophila melanogaster	Insecta
K	15	False	internal	0.0	drosophila_melanogaster	Drosophila melanogaster	Insecta
Q	1	True	terminal	0.8	drosophila_melanogaster	Drosophila melanogaster	Insecta
A	15	False	internal	0.0	drosophila_melanogaster	Drosophila melanogaster	Insecta
G	18	False	internal	0.5	drosophila_melanogaster	Drosophila melanogaster	Insecta
S	19	False	internal	0.5	drosophila_melanogaster	Drosophila melanogaster	Insecta
H	18	False	internal	0.0	drosophila_melanogaster	Drosophila melanogaster	Insecta
G	17	False	internal	0.5	drosophila_melanogaster	Drosophila melanogaster	Insecta
G	19	False	internal	0.5	drosophila_melanogaster	Drosophila melanogaster	Insecta
N	16	False	internal	0.8	drosophila_melanogaster	Drosophila melanogaster	Insecta
Q	2	False	internal	0.8	drosophila_melanogaster	Drosophila melanogaster	Insecta
T	20	True	terminal	0.0	drosophila_melanogaster	Drosophila melanogaster	Insecta
A	6	False	internal	0.0	drosophila_melanogaster	Drosophila melanogaster	Insecta
Q	5	False	internal	0.8	drosophila_melanogaster	Drosophila melanogaster	Insecta
Q	1	True	terminal	0.8	drosophila_melanogaster	Drosophila melanogaster	Insecta
Q	6	False	internal	0.8	drosophila_melanogaster	Drosophila melanogaster	Insecta
T	2	False	internal	0.0	drosophila_melanogaster	Drosophila melanogaster	Insecta
R	20	True	terminal	0.5	drosophila_melanogaster	Drosophila melanogaster	Insecta
Q	14	False	internal	0.8	drosophila_melanogaster	Drosophila melanogaster	Insecta
D	9	False	internal	0.0	drosophila_melanogaster	Drosophila melanogaster	Insecta
V	17	False	internal	0.0	drosophila_melanogaster	Drosophila melanogaster	Insecta
R	9	False	internal	0.5	drosophila_melanogaster	Drosophila melanogaster	Insecta
Q	1	True	terminal	0.8	drosophila_melanogaster	Drosophila melanogaster	Insecta
C	1	True	terminal	0.0	drosophila_melanogaster	Drosophila melanogaster	Insecta
C	1	True	terminal	0.0	drosophila_melanogaster	Drosophila melanogaster	Insecta
Q	1	True	terminal	0.8	drosophila_melanogaster	Drosophila melanogaster	Insecta
C	2	False	internal	0.0	drosophila_melanogaster	Drosophila melanogaster	Insecta
K	13	False	internal	0.0	drosophila_melanogaster	Drosophila melanogaster	Insecta
Q	7	False	internal	0.8	drosophila_melanogaster	Drosophila melanogaster	Insecta
Q	15	False	internal	0.8	drosophila_melanogaster	Drosophila melanogaster	Insecta
A	5	False	internal	0.0	drosophila_melanogaster	Drosophila melanogaster	Insecta
A	2	False	internal	0.0	drosophila_melanogaster	Drosophila melanogaster	Insecta
Q	2	False	internal	0.8	drosophila_melanogaster	Drosophila melanogaster	Insecta
P	20	True	terminal	0.0	drosophila_melanogaster	Drosophila melanogaster	Insecta
A	17	False	internal	0.0	drosophila_melanogaster	Drosophila melanogaster	Insecta
N	15	False	internal	0.8	drosophila_melanogaster	Drosophila melanogaster	Insecta
W	2	False	internal	1.0	drosophila_melanogaster	Drosophila melanogaster	Insecta
S	3	False	internal	0.5	drosophila_melanogaster	Drosophila melanogaster	Insecta
A	20	True	terminal	0.0	drosophila_melanogaster	Drosophila melanogaster	Insecta
A	11	False	internal	0.0	drosophila_melanogaster	Drosophila melanogaster	Insecta
G	12	False	internal	0.5	drosophila_melanogaster	Drosophila melanogaster	Insecta
G	19	False	internal	0.5	drosophila_melanogaster	Drosophila melanogaster	Insecta
G	20	True	terminal	0.5	drosophila_melanogaster	Drosophila melanogaster	Insecta
S	3	False	internal	0.5	drosophila_melanogaster	Drosophila melanogaster	Insecta
Q	1	True	terminal	0.8	drosophila_melanogaster	Drosophila melanogaster	Insecta
C	2	False	internal	0.0	drosophila_melanogaster	Drosophila melanogaster	Insecta
A	7	False	internal	0.0	drosophila_melanogaster	Drosophila melanogaster	Insecta
Q	19	False	internal	0.8	drosophila_melanogaster	Drosophila melanogaster	Insecta
P	16	False	internal	0.0	drosophila_melanogaster	Drosophila melanogaster	Insecta
T	18	False	internal	0.0	drosophila_melanogaster	Drosophila melanogaster	Insecta
G	1	True	terminal	0.5	drosophila_melanogaster	Drosophila melanogaster	Insecta
G	3	False	internal	0.5	drosophila_melanogaster	Drosophila melanogaster	Insecta
A	15	False	internal	0.0	drosophila_melanogaster	Drosophila melanogaster	Insecta
S	10	False	internal	0.5	drosophila_melanogaster	Drosophila melanogaster	Insecta
D	10	False	internal	0.0	drosophila_melanogaster	Drosophila melanogaster	Insecta
A	3	False	internal	0.0	drosophila_melanogaster	Drosophila melanogaster	Insecta
A	15	False	internal	0.0	drosophila_melanogaster	Drosophila melanogaster	Insecta
N	17	False	internal	0.8	drosophila_melanogaster	Drosophila melanogaster	Insecta
Q	20	True	terminal	0.8	drosophila_melanogaster	Drosophila melanogaster	Insecta
G	7	False	internal	0.5	drosophila_melanogaster	Drosophila melanogaster	Insecta
Q	9	False	internal	0.8	drosophila_melanogaster	Drosophila melanogaster	Insecta
G	6	False	internal	0.5	drosophila_melanogaster	Drosophila melanogaster	Insecta
Q	16	False	internal	0.8	drosophila_melanogaster	Drosophila melanogaster	Insecta
G	17	False	internal	0.5	drosophila_melanogaster	Drosophila melanogaster	Insecta
H	8	False	internal	0.0	drosophila_melanogaster	Drosophila melanogaster	Insecta
L	1	True	terminal	0.0	drosophila_melanogaster	Drosophila melanogaster	Insecta
H	8	False	internal	0.0	drosophila_melanogaster	Drosophila melanogaster	Insecta
Q	4	False	internal	0.8	drosophila_melanogaster	Drosophila melanogaster	Insecta
A	6	False	internal	0.0	drosophila_melanogaster	Drosophila melanogaster	Insecta
Q	6	False	internal	0.8	drosophila_melanogaster	Drosophila melanogaster	Insecta
Q	6	False	internal	0.8	drosophila_melanogaster	Drosophila melanogaster	Insecta
N	8	False	internal	0.8	drosophila_melanogaster	Drosophila melanogaster	Insecta
E	19	False	internal	0.0	drosophila_melanogaster	Drosophila melanogaster	Insecta
H	4	False	internal	0.0	drosophila_melanogaster	Drosophila melanogaster	Insecta
D	19	False	internal	0.0	drosophila_melanogaster	Drosophila melanogaster	Insecta
R	4	False	internal	0.5	drosophila_melanogaster	Drosophila melanogaster	Insecta
C	15	False	internal	0.0	drosophila_melanogaster	Drosophila melanogaster	Insecta
Q	18	False	internal	0.8	drosophila_melanogaster	Drosophila melanogaster	Insecta
Q	6	False	internal	0.8	drosophila_melanogaster	Drosophila melanogaster	Insecta
N	2	False	internal	0.8	drosophila_melanogaster	Drosophila melanogaster	Insecta
G	1	True	terminal	0.5	drosophila_melanogaster	Drosophila melanogaster	Insecta
G	13	False	internal	0.5	drosophila_melanogaster	Drosophila melanogaster	Insecta
A	10	False	internal	0.0	drosophila_melanogaster	Drosophila melanogaster	Insecta
T	8	False	internal	0.0	drosophila_melanogaster	Drosophila melanogaster	Insecta
G	3	False	internal	0.5	drosophila_melanogaster	Drosophila melanogaster	Insecta
S	14	False	internal	0.5	drosophila_melanogaster	Drosophila melanogaster	Insecta
S	6	False	internal	0.5	drosophila_melanogaster	Drosophila melanogaster	Insecta
G	13	False	internal	0.5	drosophila_melanogaster	Drosophila melanogaster	Insecta
S	6	False	internal	0.5	drosophila_melanogaster	Drosophila melanogaster	Insecta
N	11	False	internal	0.8	drosophila_melanogaster	Drosophila melanogaster	Insecta
Q	10	False	internal	0.8	drosophila_melanogaster	Drosophila melanogaster	Insecta
C	19	False	internal	0.0	drosophila_melanogaster	Drosophila melanogaster	Insecta
H	7	False	internal	0.0	drosophila_melanogaster	Drosophila melanogaster	Insecta
Q	16	False	internal	0.8	drosophila_melanogaster	Drosophila melanogaster	Insecta
T	12	False	internal	0.0	drosophila_melanogaster	Drosophila melanogaster	Insecta
G	9	False	internal	0.5	drosophila_melanogaster	Drosophila melanogaster	Insecta
D	7	False	internal	0.0	drosophila_melanogaster	Drosophila melanogaster	Insecta
Q	3	False	internal	0.8	drosophila_melanogaster	Drosophila melanogaster	Insecta
A	6	False	internal	0.0	drosophila_melanogaster	Drosophila melanogaster	Insecta
Q	6	False	internal	0.8	drosophila_melanogaster	Drosophila melanogaster	Insecta
G	18	False	internal	0.5	drosophila_melanogaster	Drosophila melanogaster	Insecta
Q	1	True	terminal	0.8	drosophila_melanogaster	Drosophila melanogaster	Insecta
G	13	False	internal	0.5	drosophila_melanogaster	Drosophila melanogaster	Insecta
A	17	False	internal	0.0	drosophila_melanogaster	Drosophila melanogaster	Insecta
G	14	False	internal	0.5	drosophila_melanogaster	Drosophila melanogaster	Insecta
A	15	False	internal	0.0	drosophila_melanogaster	Drosophila melanogaster	Insecta
Q	14	False	internal	0.8	drosophila_melanogaster	Drosophila melanogaster	Insecta
L	1	True	terminal	0.0	drosophila_melanogaster	Drosophila melanogaster	Insecta
T	1	True	terminal	0.0	drosophila_melanogaster	Drosophila melanogaster	Insecta
T	17	False	internal	0.0	drosophila_melanogaster	Drosophila melanogaster	Insecta
C	9	False	internal	0.0	drosophila_melanogaster	Drosophila melanogaster	Insecta
Q	2	False	internal	0.8	drosophila_melanogaster	Drosophila melanogaster	Insecta
N	2	False	internal	0.8	drosophila_melanogaster	Drosophila melanogaster	Insecta
Q	7	False	internal	0.8	drosophila_melanogaster	Drosophila melanogaster	Insecta
A	8	False	internal	0.0	drosophila_melanogaster	Drosophila melanogaster	Insecta
R	13	False	internal	0.5	drosophila_melanogaster	Drosophila melanogaster	Insecta
A	20	True	terminal	0.0	drosophila_melanogaster	Drosophila melanogaster	Insecta
A	11	False	internal	0.0	drosophila_melanogaster	Drosophila melanogaster	Insecta
A	2	False	internal	0.0	drosophila_melanogaster	Drosophila melanogaster	Insecta
N	2	False	internal	0.8	drosophila_melanogaster	Drosophila melanogaster	Insecta
S	1	True	terminal	0.5	drosophila_melanogaster	Drosophila melanogaster	Insecta
A	11	False	internal	0.0	drosophila_melanogaster	Drosophila melanogaster	Insecta
H	16	False	internal	0.0	drosophila_melanogaster	Drosophila melanogaster	Insecta
P	5	False	internal	0.0	drosophila_melanogaster	Drosophila melanogaster	Insecta
P	6	False	internal	0.0	drosophila_melanogaster	Drosophila melanogaster	Insecta
Q	20	True	terminal	0.8	drosophila_melanogaster	Drosophila melanogaster	Insecta
S	17	False	internal	0.5	drosophila_melanogaster	Drosophila melanogaster	Insecta
Q	5	False	internal	0.8	drosophila_melanogaster	Drosophila melanogaster	Insecta
Q	17	False	internal	0.8	drosophila_melanogaster	Drosophila melanogaster	Insecta
A	20	True	terminal	0.0	drosophila_melanogaster	Drosophila melanogaster	Insecta
E	7	False	internal	0.0	drosophila_melanogaster	Drosophila melanogaster	Insecta
P	5	False	internal	0.0	drosophila_melanogaster	Drosophila melanogaster	Insecta
E	19	False	internal	0.0	drosophila_melanogaster	Drosophila melanogaster	Insecta
H	12	False	internal	0.0	drosophila_melanogaster	Drosophila melanogaster	Insecta
H	19	False	internal	0.0	drosophila_melanogaster	Drosophila melanogaster	Insecta
Q	19	False	internal	0.8	drosophila_melanogaster	Drosophila melanogaster	Insecta
A	19	False	internal	0.0	drosophila_melanogaster	Drosophila melanogaster	Insecta
Q	11	False	internal	0.8	drosophila_melanogaster	Drosophila melanogaster	Insecta
T	11	False	internal	0.0	drosophila_melanogaster	Drosophila melanogaster	Insecta
L	1	True	terminal	0.0	drosophila_melanogaster	Drosophila melanogaster	Insecta
N	11	False	internal	0.8	drosophila_melanogaster	Drosophila melanogaster	Insecta
G	8	False	internal	0.5	drosophila_melanogaster	Drosophila melanogaster	Insecta
G	15	False	internal	0.5	drosophila_melanogaster	Drosophila melanogaster	Insecta
Q	19	False	internal	0.8	drosophila_melanogaster	Drosophila melanogaster	Insecta
Q	1	True	terminal	0.8	drosophila_melanogaster	Drosophila melanogaster	Insecta
A	10	False	internal	0.0	drosophila_melanogaster	Drosophila melanogaster	Insecta
T	18	False	internal	0.0	drosophila_melanogaster	Drosophila melanogaster	Insecta
A	9	False	internal	0.0	drosophila_melanogaster	Drosophila melanogaster	Insecta
Q	2	False	internal	0.8	drosophila_melanogaster	Drosophila melanogaster	Insecta
D	5	False	internal	0.0	drosophila_melanogaster	Drosophila melanogaster	Insecta
A	12	False	internal	0.0	drosophila_melanogaster	Drosophila melanogaster	Insecta
D	5	False	internal	0.0	drosophila_melanogaster	Drosophila melanogaster	Insecta
Q	10	False	internal	0.8	drosophila_melanogaster	Drosophila melanogaster	Insecta
G	1	True	terminal	0.5	drosophila_melanogaster	Drosophila melanogaster	Insecta
E	19	False	internal	0.0	drosophila_melanogaster	Drosophila melanogaster	Insecta
Q	11	False	internal	0.8	drosophila_melanogaster	Drosophila melanogaster	Insecta
Q	8	False	internal	0.8	drosophila_melanogaster	Drosophila melanogaster	Insecta
T	7	False	internal	0.0	drosophila_melanogaster	Drosophila melanogaster	Insecta
C	1	True	terminal	0.0	drosophila_melanogaster	Drosophila melanogaster	Insecta
T	13	False	internal	0.0	drosophila_melanogaster	Drosophila melanogaster	Insecta
S	1	True	terminal	0.5	drosophila_melanogaster	Drosophila melanogaster	Insecta
A	12	False	internal	0.0	drosophila_melanogaster	Drosophila melanogaster	Insecta
Q	2	False	internal	0.8	drosophila_melanogaster	Drosophila melanogaster	Insecta
G	2	False	internal	0.5	drosophila_melanogaster	Drosophila melanogaster	Insecta
C	13	False	internal	0.0	drosophila_melanogaster	Drosophila melanogaster	Insecta
S	20	True	terminal	0.5	drosophila_melanogaster	Drosophila melanogaster	Insecta
Q	2	False	internal	0.8	drosophila_melanogaster	Drosophila melanogaster	Insecta
H	13	False	internal	0.0	drosophila_melanogaster	Drosophila melanogaster	Insecta
Q	13	False	internal	0.8	drosophila_melanogaster	Drosophila melanogaster	Insecta
A	18	False	internal	0.0	drosophila_melanogaster	Drosophila melanogaster	Insecta
Q	10	False	internal	0.8	drosophila_melanogaster	Drosophila melanogaster	Insecta
H	7	False	internal	0.0	drosophila_melanogaster	Drosophila melanogaster	Insecta
A	13	False	internal	0.0	drosophila_melanogaster	Drosophila melanogaster	Insecta
P	4	False	internal	0.0	drosophila_melanogaster	Drosophila melanogaster	Insecta
A	1	True	terminal	0.0	drosophila_melanogaster	Drosophila melanogaster	Insecta
Q	16	False	internal	0.8	drosophila_melanogaster	Drosophila melanogaster	Insecta
C	1	True	terminal	0.0	drosophila_melanogaster	Drosophila melanogaster	Insecta
K	2	False	internal	0.0	drosophila_melanogaster	Drosophila melanogaster	Insecta
Q	2	False	internal	0.8	drosophila_melanogaster	Drosophila melanogaster	Insecta
Q	15	False	internal	0.8	drosophila_melanogaster	Drosophila melanogaster	Insecta
Q	2	False	internal	0.8	drosophila_melanogaster	Drosophila melanogaster	Insecta
G	11	False	internal	0.5	drosophila_melanogaster	Drosophila melanogaster	Insecta
A	16	False	internal	0.0	drosophila_melanogaster	Drosophila melanogaster	Insecta
Q	1	True	terminal	0.8	drosophila_melanogaster	Drosophila melanogaster	Insecta
Q	20	True	terminal	0.8	drosophila_melanogaster	Drosophila melanogaster	Insecta
N	13	False	internal	0.8	drosophila_melanogaster	Drosophila melanogaster	Insecta
A	18	False	internal	0.0	drosophila_melanogaster	Drosophila melanogaster	Insecta
S	3	False	internal	0.5	drosophila_melanogaster	Drosophila melanogaster	Insecta
P	17	False	internal	0.0	drosophila_melanogaster	Drosophila melanogaster	Insecta
F	17	False	internal	1.0	drosophila_melanogaster	Drosophila melanogaster	Insecta
R	5	False	internal	0.5	drosophila_melanogaster	Drosophila melanogaster	Insecta
W	10	False	internal	1.0	drosophila_melanogaster	Drosophila melanogaster	Insecta
S	13	False	internal	0.5	drosophila_melanogaster	Drosophila melanogaster	Insecta
W	9	False	internal	1.0	drosophila_melanogaster	Drosophila melanogaster	Insecta
Q	16	False	internal	0.8	drosophila_melanogaster	Drosophila melanogaster	Insecta
Q	8	False	internal	0.8	drosophila_melanogaster	Drosophila melanogaster	Insecta
Q	4	False	internal	0.8	drosophila_melanogaster	Drosophila melanogaster	Insecta
Q	12	False	internal	0.8	drosophila_melanogaster	Drosophila melanogaster	Insecta
Q	12	False	internal	0.8	drosophila_melanogaster	Drosophila melanogaster	Insecta
D	9	False	internal	0.0	drosophila_melanogaster	Drosophila melanogaster	Insecta
N	9	False	internal	0.8	drosophila_melanogaster	Drosophila melanogaster	Insecta
P	1	True	terminal	0.0	drosophila_melanogaster	Drosophila melanogaster	Insecta
H	2	False	internal	0.0	drosophila_melanogaster	Drosophila melanogaster	Insecta
H	1	True	terminal	0.0	drosophila_melanogaster	Drosophila melanogaster	Insecta
A	20	True	terminal	0.0	drosophila_melanogaster	Drosophila melanogaster	Insecta
H	10	False	internal	0.0	drosophila_melanogaster	Drosophila melanogaster	Insecta
Q	2	False	internal	0.8	drosophila_melanogaster	Drosophila melanogaster	Insecta
N	20	True	terminal	0.8	drosophila_melanogaster	Drosophila melanogaster	Insecta
A	6	False	internal	0.0	drosophila_melanogaster	Drosophila melanogaster	Insecta
R	2	False	internal	0.5	drosophila_melanogaster	Drosophila melanogaster	Insecta
Q	19	False	internal	0.8	drosophila_melanogaster	Drosophila melanogaster	Insecta
N	15	False	internal	0.8	drosophila_melanogaster	Drosophila melanogaster	Insecta
W	17	False	internal	1.0	drosophila_melanogaster	Drosophila melanogaster	Insecta
L	1	True	terminal	0.0	drosophila_melanogaster	Drosophila melanogaster	Insecta
H	2	False	internal	0.0	drosophila_melanogaster	Drosophila melanogaster	Insecta
E	20	True	terminal	0.0	drosophila_melanogaster	Drosophila melanogaster	Insecta
Q	7	False	internal	0.8	drosophila_melanogaster	Drosophila melanogaster	Insecta
A	10	False	internal	0.0	drosophila_melanogaster	Drosophila melanogaster	Insecta
T	1	True	terminal	0.0	drosophila_melanogaster	Drosophila melanogaster	Insecta
Q	16	False	internal	0.8	drosophila_melanogaster	Drosophila melanogaster	Insecta
G	8	False	internal	0.5	drosophila_melanogaster	Drosophila melanogaster	Insecta
P	12	False	internal	0.0	drosophila_melanogaster	Drosophila melanogaster	Insecta
A	20	True	terminal	0.0	drosophila_melanogaster	Drosophila melanogaster	Insecta
A	13	False	internal	0.0	drosophila_melanogaster	Drosophila melanogaster	Insecta
Q	7	False	internal	0.8	drosophila_melanogaster	Drosophila melanogaster	Insecta
T	3	False	internal	0.0	drosophila_melanogaster	Drosophila melanogaster	Insecta
G	7	False	internal	0.5	drosophila_melanogaster	Drosophila melanogaster	Insecta
A	6	False	internal	0.0	drosophila_melanogaster	Drosophila melanogaster	Insecta
T	10	False	internal	0.0	drosophila_melanogaster	Drosophila melanogaster	Insecta
N	1	True	terminal	0.8	drosophila_melanogaster	Drosophila melanogaster	Insecta
T	1	True	terminal	0.0	drosophila_melanogaster	Drosophila melanogaster	Insecta
Q	17	False	internal	0.8	drosophila_melanogaster	Drosophila melanogaster	Insecta
C	8	False	internal	0.0	drosophila_melanogaster	Drosophila melanogaster	Insecta
C	20	True	terminal	0.0	drosophila_melanogaster	Drosophila melanogaster	Insecta
G	8	False	internal	0.5	drosophila_melanogaster	Drosophila melanogaster	Insecta
N	6	False	internal	0.8	drosophila_melanogaster	Drosophila melanogaster	Insecta
A	2	False	internal	0.0	drosophila_melanogaster	Drosophila melanogaster	Insecta
Q	2	False	internal	0.8	drosophila_melanogaster	Drosophila melanogaster	Insecta
Q	15	False	internal	0.8	drosophila_melanogaster	Drosophila melanogaster	Insecta
T	5	False	internal	0.0	drosophila_melanogaster	Drosophila melanogaster	Insecta
L	8	False	internal	0.0	drosophila_melanogaster	Drosophila melanogaster	Insecta
A	11	False	internal	0.0	drosophila_melanogaster	Drosophila melanogaster	Insecta
Q	13	False	internal	0.8	drosophila_melanogaster	Drosophila melanogaster	Insecta
A	3	False	internal	0.0	drosophila_melanogaster	Drosophila melanogaster	Insecta
G	17	False	internal	0.5	drosophila_melanogaster	Drosophila melanogaster	Insecta
A	15	False	internal	0.0	drosophila_melanogaster	Drosophila melanogaster	Insecta
N	2	False	internal	0.8	escherichia_coli_k12	Escherichia coli K12	Bacteria
C	14	False	internal	0.0	escherichia_coli_k12	Escherichia coli K12	Bacteria
F	14	False	internal	1.0	escherichia_coli_k12	Escherichia coli K12	Bacteria
R	9	False	internal	0.5	escherichia_coli_k12	Escherichia coli K12	Bacteria
A	1	True	terminal	0.0	escherichia_coli_k12	Escherichia coli K12	Bacteria
Q	4	False	internal	0.8	escherichia_coli_k12	Escherichia coli K12	Bacteria
T	11	False	internal	0.0	escherichia_coli_k12	Escherichia coli K12	Bacteria
C	8	False	internal	0.0	escherichia_coli_k12	Escherichia coli K12	Bacteria
A	20	True	terminal	0.0	escherichia_coli_k12	Escherichia coli K12	Bacteria
T	2	False	internal	0.0	escherichia_coli_k12	Escherichia coli K12	Bacteria
D	12	False	internal	0.0	escherichia_coli_k12	Escherichia coli K12	Bacteria
T	11	False	internal	0.0	escherichia_coli_k12	Escherichia coli K12	Bacteria
H	3	False	internal	0.0	escherichia_coli_k12	Escherichia coli K12	Bacteria
C	4	False	internal	0.0	escherichia_coli_k12	Escherichia coli K12	Bacteria
H	5	False	internal	0.0	escherichia_coli_k12	Escherichia coli K12	Bacteria
C	8	False	internal	0.0	escherichia_coli_k12	Escherichia coli K12	Bacteria
E	16	False	internal	0.0	escherichia_coli_k12	Escherichia coli K12	Bacteria
G	20	True	terminal	0.5	escherichia_coli_k12	Escherichia coli K12	Bacteria
C	17	False	internal	0.0	escherichia_coli_k12	Escherichia coli K12	Bacteria
H	14	False	internal	0.0	escherichia_coli_k12	Escherichia coli K12	Bacteria
V	15	False	internal	0.0	escherichia_coli_k12	Escherichia coli K12	Bacteria
C	16	False	internal	0.0	escherichia_coli_k12	Escherichia coli K12	Bacteria
T	1	True	terminal	0.0	escherichia_coli_k12	Escherichia coli K12	Bacteria
R	8	False	internal	0.5	escherichia_coli_k12	Escherichia coli K12	Bacteria
H	20	True	terminal	0.0	escherichia_coli_k12	Escherichia coli K12	Bacteria
R	1	True	terminal	0.5	escherichia_coli_k12	Escherichia coli K12	Bacteria
W	15	False	internal	1.0	saccharomyces_cerevisiae	Saccharomyces cerevisiae	Fungi
Q	10	False	internal	0.8	saccharomyces_cerevisiae	Saccharomyces cerevisiae	Fungi
Q	6	False	internal	0.8	saccharomyces_cerevisiae	Saccharomyces cerevisiae	Fungi
W	5	False	internal	1.0	saccharomyces_cerevisiae	Saccharomyces cerevisiae	Fungi
K	11	False	internal	0.0	saccharomyces_cerevisiae	Saccharomyces cerevisiae	Fungi
N	20	True	terminal	0.8	saccharomyces_cerevisiae	Saccharomyces cerevisiae	Fungi
Y	6	False	internal	1.0	saccharomyces_cerevisiae	Saccharomyces cerevisiae	Fungi
Q	3	False	internal	0.8	saccharomyces_cerevisiae	Saccharomyces cerevisiae	Fungi
T	6	False	internal	0.0	saccharomyces_cerevisiae	Saccharomyces cerevisiae	Fungi
E	8	False	internal	0.0	saccharomyces_cerevisiae	Saccharomyces cerevisiae	Fungi
Q	6	False	internal	0.8	saccharomyces_cerevisiae	Saccharomyces cerevisiae	Fungi
D	9	False	internal	0.0	saccharomyces_cerevisiae	Saccharomyces cerevisiae	Fungi
W	15	False	internal	1.0	saccharomyces_cerevisiae	Saccharomyces cerevisiae	Fungi
C	20	True	terminal	0.0	saccharomyces_cerevisiae	Saccharomyces cerevisiae	Fungi
V	20	True	terminal	0.0	saccharomyces_cerevisiae	Saccharomyces cerevisiae	Fungi
Q	7	False	internal	0.8	saccharomyces_cerevisiae	Saccharomyces cerevisiae	Fungi
N	4	False	internal	0.8	saccharomyces_cerevisiae	Saccharomyces cerevisiae	Fungi
R	3	False	internal	0.5	saccharomyces_cerevisiae	Saccharomyces cerevisiae	Fungi
Q	17	False	internal	0.8	saccharomyces_cerevisiae	Saccharomyces cerevisiae	Fungi
Q	11	False	internal	0.8	saccharomyces_cerevisiae	Saccharomyces cerevisiae	Fungi
T	9	False	internal	0.0	saccharomyces_cerevisiae	Saccharomyces cerevisiae	Fungi
Q	17	False	internal	0.8	saccharomyces_cerevisiae	Saccharomyces cerevisiae	Fungi
A	15	False	internal	0.0	saccharomyces_cerevisiae	Saccharomyces cerevisiae	Fungi
H	3	False	internal	0.0	saccharomyces_cerevisiae	Saccharomyces cerevisiae	Fungi
G	19	False	internal	0.5	saccharomyces_cerevisiae	Saccharomyces cerevisiae	Fungi
N	10	False	internal	0.8	saccharomyces_cerevisiae	Saccharomyces cerevisiae	Fungi
P	6	False	internal	0.0	saccharomyces_cerevisiae	Saccharomyces cerevisiae	Fungi
N	16	False	internal	0.8	saccharomyces_cerevisiae	Saccharomyces cerevisiae	Fungi
K	2	False	internal	0.0	saccharomyces_cerevisiae	Saccharomyces cerevisiae	Fungi
H	1	True	terminal	0.0	saccharomyces_cerevisiae	Saccharomyces cerevisiae	Fungi
N	5	False	internal	0.8	saccharomyces_cerevisiae	Saccharomyces cerevisiae	Fungi
M	14	False	internal	0.0	saccharomyces_cerevisiae	Saccharomyces cerevisiae	Fungi
Q	1	True	terminal	0.8	saccharomyces_cerevisiae	Saccharomyces cerevisiae	Fungi
G	18	False	internal	0.5	saccharomyces_cerevisiae	Saccharomyces cerevisiae	Fungi
R	11	False	internal	0.5	saccharomyces_cerevisiae	Saccharomyces cerevisiae	Fungi
D	20	True	terminal	0.0	saccharomyces_cerevisiae	Saccharomyces cerevisiae	Fungi
D	17	False	internal	0.0	saccharomyces_cerevisiae	Saccharomyces cerevisiae	Fungi
A	3	False	internal	0.0	saccharomyces_cerevisiae	Saccharomyces cerevisiae	Fungi
Q	2	False	internal	0.8	saccharomyces_cerevisiae	Saccharomyces cerevisiae	Fungi
E	6	False	internal	0.0	saccharomyces_cerevisiae	Saccharomyces cerevisiae	Fungi
S	6	False	internal	0.5	saccharomyces_cerevisiae	Saccharomyces cerevisiae	Fungi
Q	12	False	internal	0.8	saccharomyces_cerevisiae	Saccharomyces cerevisiae	Fungi
L	13	False	internal	0.0	saccharomyces_cerevisiae	Saccharomyces cerevisiae	Fungi
Q	19	False	internal	0.8	saccharomyces_cerevisiae	Saccharomyces cerevisiae	Fungi
Q	11	False	internal	0.8	saccharomyces_cerevisiae	Saccharomyces cerevisiae	Fungi
E	8	False	internal	0.0	saccharomyces_cerevisiae	Saccharomyces cerevisiae	Fungi
R	7	False	internal	0.5	saccharomyces_cerevisiae	Saccharomyces cerevisiae	Fungi
E	6	False	internal	0.0	saccharomyces_cerevisiae	Saccharomyces cerevisiae	Fungi
C	1	True	terminal	0.0	saccharomyces_cerevisiae	Saccharomyces cerevisiae	Fungi
K	11	False	internal	0.0	saccharomyces_cerevisiae	Saccharomyces cerevisiae	Fungi
P	2	False	internal	0.0	saccharomyces_cerevisiae	Saccharomyces cerevisiae	Fungi
H	6	False	internal	0.0	saccharomyces_cerevisiae	Saccharomyces cerevisiae	Fungi
N	16	False	internal	0.8	saccharomyces_cerevisiae	Saccharomyces cerevisiae	Fungi
Q	17	False	internal	0.8	saccharomyces_cerevisiae	Saccharomyces cerevisiae	Fungi
Q	7	False	internal	0.8	saccharomyces_cerevisiae	Saccharomyces cerevisiae	Fungi
S	4	False	internal	0.5	saccharomyces_cerevisiae	Saccharomyces cerevisiae	Fungi
R	2	False	internal	0.5	saccharomyces_cerevisiae	Saccharomyces cerevisiae	Fungi
Q	10	False	internal	0.8	saccharomyces_cerevisiae	Saccharomyces cerevisiae	Fungi
E	17	False	internal	0.0	saccharomyces_cerevisiae	Saccharomyces cerevisiae	Fungi
Q	8	False	internal	0.8	saccharomyces_cerevisiae	Saccharomyces cerevisiae	Fungi
N	17	False	internal	0.8	saccharomyces_cerevisiae	Saccharomyces cerevisiae	Fungi
Q	6	False	internal	0.8	saccharomyces_cerevisiae	Saccharomyces cerevisiae	Fungi
Q	17	False	internal	0.8	saccharomyces_cerevisiae	Saccharomyces cerevisiae	Fungi
Q	4	False	internal	0.8	saccharomyces_cerevisiae	Saccharomyces cerevisiae	Fungi
S	3	False	internal	0.5	saccharomyces_cerevisiae	Saccharomyces cerevisiae	Fungi
N	8	False	internal	0.8	saccharomyces_cerevisiae	Saccharomyces cerevisiae	Fungi
Q	1	True	terminal	0.8	saccharomyces_cerevisiae	Saccharomyces cerevisiae	Fungi
E	1	True	terminal	0.0	saccharomyces_cerevisiae	Saccharomyces cerevisiae	Fungi
Q	1	True	terminal	0.8	saccharomyces_cerevisiae	Saccharomyces cerevisiae	Fungi
A	4	False	internal	0.0	saccharomyces_cerevisiae	Saccharomyces cerevisiae	Fungi
S	1	True	terminal	0.5	saccharomyces_cerevisiae	Saccharomyces cerevisiae	Fungi
Q	3	False	internal	0.8	saccharomyces_cerevisiae	Saccharomyces cerevisiae	Fungi
Q	10	False	internal	0.8	saccharomyces_cerevisiae	Saccharomyces cerevisiae	Fungi
D	6	False	internal	0.0	saccharomyces_cerevisiae	Saccharomyces cerevisiae	Fungi
V	20	True	terminal	0.0	saccharomyces_cerevisiae	Saccharomyces cerevisiae	Fungi
R	5	False	internal	0.5	saccharomyces_cerevisiae	Saccharomyces cerevisiae	Fungi
N	1	True	terminal	0.8	saccharomyces_cerevisiae	Saccharomyces cerevisiae	Fungi
A	2	False	internal	0.0	saccharomyces_cerevisiae	Saccharomyces cerevisiae	Fungi
A	3	False	internal	0.0	saccharomyces_cerevisiae	Saccharomyces cerevisiae	Fungi
A	1	True	terminal	0.0	saccharomyces_cerevisiae	Saccharomyces cerevisiae	Fungi
Q	15	False	internal	0.8	saccharomyces_cerevisiae	Saccharomyces cerevisiae	Fungi
H	19	False	internal	0.0	saccharomyces_cerevisiae	Saccharomyces cerevisiae	Fungi
Q	7	False	internal	0.8	saccharomyces_cerevisiae	Saccharomyces cerevisiae	Fungi
R	19	False	internal	0.5	saccharomyces_cerevisiae	Saccharomyces cerevisiae	Fungi
G	19	False	internal	0.5	saccharomyces_cerevisiae	Saccharomyces cerevisiae	Fungi
E	10	False	internal	0.0	saccharomyces_cerevisiae	Saccharomyces cerevisiae	Fungi
A	15	False	internal	0.0	saccharomyces_cerevisiae	Saccharomyces cerevisiae	Fungi
R	18	False	internal	0.5	saccharomyces_cerevisiae	Saccharomyces cerevisiae	Fungi
K	16	False	internal	0.0	saccharomyces_cerevisiae	Saccharomyces cerevisiae	Fungi
D	19	False	internal	0.0	saccharomyces_cerevisiae	Saccharomyces cerevisiae	Fungi
Q	10	False	internal	0.8	saccharomyces_cerevisiae	Saccharomyces cerevisiae	Fungi
Q	10	False	internal	0.8	saccharomyces_cerevisiae	Saccharomyces cerevisiae	Fungi
Q	5	False	internal	0.8	saccharomyces_cerevisiae	Saccharomyces cerevisiae	Fungi
T	17	False	internal	0.0	saccharomyces_cerevisiae	Saccharomyces cerevisiae	Fungi
D	19	False	internal	0.0	saccharomyces_cerevisiae	Saccharomyces cerevisiae	Fungi
E	8	False	internal	0.0	saccharomyces_cerevisiae	Saccharomyces cerevisiae	Fungi
N	2	False	internal	0.8	saccharomyces_cerevisiae	Saccharomyces cerevisiae	Fungi
R	6	False	internal	0.5	saccharomyces_cerevisiae	Saccharomyces cerevisiae	Fungi
Q	10	False	internal	0.8	saccharomyces_cerevisiae	Saccharomyces cerevisiae	Fungi
E	1	True	terminal	0.0	saccharomyces_cerevisiae	Saccharomyces cerevisiae	Fungi
R	17	False	internal	0.5	saccharomyces_cerevisiae	Saccharomyces cerevisiae	Fungi
H	7	False	internal	0.0	saccharomyces_cerevisiae	Saccharomyces cerevisiae	Fungi
Q	4	False	internal	0.8	saccharomyces_cerevisiae	Saccharomyces cerevisiae	Fungi
E	18	False	internal	0.0	saccharomyces_cerevisiae	Saccharomyces cerevisiae	Fungi
Q	1	True	terminal	0.8	saccharomyces_cerevisiae	Saccharomyces cerevisiae	Fungi
D	5	False	internal	0.0	saccharomyces_cerevisiae	Saccharomyces cerevisiae	Fungi
E	16	False	internal	0.0	saccharomyces_cerevisiae	Saccharomyces cerevisiae	Fungi
D	20	True	terminal	0.0	saccharomyces_cerevisiae	Saccharomyces cerevisiae	Fungi
Q	8	False	internal	0.8	saccharomyces_cerevisiae	Saccharomyces cerevisiae	Fungi
A	20	True	terminal	0.0	saccharomyces_cerevisiae	Saccharomyces cerevisiae	Fungi
Q	14	False	internal	0.8	saccharomyces_cerevisiae	Saccharomyces cerevisiae	Fungi
K	10	False	internal	0.0	saccharomyces_cerevisiae	Saccharomyces cerevisiae	Fungi
D	9	False	internal	0.0	saccharomyces_cerevisiae	Saccharomyces cerevisiae	Fungi
S	15	False	internal	0.5	saccharomyces_cerevisiae	Saccharomyces cerevisiae	Fungi
H	20	True	terminal	0.0	saccharomyces_cerevisiae	Saccharomyces cerevisiae	Fungi
Q	2	False	internal	0.8	saccharomyces_cerevisiae	Saccharomyces cerevisiae	Fungi
R	2	False	internal	0.5	saccharomyces_cerevisiae	Saccharomyces cerevisiae	Fungi
Q	2	False	internal	0.8	saccharomyces_cerevisiae	Saccharomyces cerevisiae	Fungi
A	1	True	terminal	0.0	saccharomyces_cerevisiae	Saccharomyces cerevisiae	Fungi
Q	11	False	internal	0.8	saccharomyces_cerevisiae	Saccharomyces cerevisiae	Fungi
P	19	False	internal	0.0	saccharomyces_cerevisiae	Saccharomyces cerevisiae	Fungi
A	10	False	internal	0.0	saccharomyces_cerevisiae	Saccharomyces cerevisiae	Fungi
H	1	True	terminal	0.0	saccharomyces_cerevisiae	Saccharomyces cerevisiae	Fungi
A	1	True	terminal	0.0	saccharomyces_cerevisiae	Saccharomyces cerevisiae	Fungi
Q	9	False	internal	0.8	saccharomyces_cerevisiae	Saccharomyces cerevisiae	Fungi
E	16	False	internal	0.0	saccharomyces_cerevisiae	Saccharomyces cerevisiae	Fungi
N	20	True	terminal	0.8	saccharomyces_cerevisiae	Saccharomyces cerevisiae	Fungi
D	19	False	internal	0.0	saccharomyces_cerevisiae	Saccharomyces cerevisiae	Fungi
P	7	False	internal	0.0	saccharomyces_cerevisiae	Saccharomyces cerevisiae	Fungi
K	20	True	terminal	0.0	saccharomyces_cerevisiae	Saccharomyces cerevisiae	Fungi
Q	9	False	internal	0.8	saccharomyces_cerevisiae	Saccharomyces cerevisiae	Fungi
Q	17	False	internal	0.8	saccharomyces_cerevisiae	Saccharomyces cerevisiae	Fungi
D	20	True	terminal	0.0	saccharomyces_cerevisiae	Saccharomyces cerevisiae	Fungi
A	19	False	internal	0.0	saccharomyces_cerevisiae	Saccharomyces cerevisiae	Fungi
N	20	True	terminal	0.8	saccharomyces_cerevisiae	Saccharomyces cerevisiae	Fungi
Q	16	False	internal	0.8	saccharomyces_cerevisiae	Saccharomyces cerevisiae	Fungi
K	18	False	internal	0.0	saccharomyces_cerevisiae	Saccharomyces cerevisiae	Fungi
W	12	False	internal	1.0	saccharomyces_cerevisiae	Saccharomyces cerevisiae	Fungi
N	3	False	internal	0.8	saccharomyces_cerevisiae	Saccharomyces cerevisiae	Fungi
Q	5	False	internal	0.8	saccharomyces_cerevisiae	Saccharomyces cerevisiae	Fungi
N	8	False	internal	0.8	saccharomyces_cerevisiae	Saccharomyces cerevisiae	Fungi
A	10	False	internal	0.0	saccharomyces_cerevisiae	Saccharomyces cerevisiae	Fungi
Q	5	False	internal	0.8	saccharomyces_cerevisiae	Saccharomyces cerevisiae	Fungi
E	19	False	internal	0.0	saccharomyces_cerevisiae	Saccharomyces cerevisiae	Fungi
E	20	True	terminal	0.0	saccharomyces_cerevisiae	Saccharomyces cerevisiae	Fungi
Q	1	True	terminal	0.8	saccharomyces_cerevisiae	Saccharomyces cerevisiae	Fungi
C	7	False	internal	0.0	saccharomyces_cerevisiae	Saccharomyces cerevisiae	Fungi
P	4	False	internal	0.0	saccharomyces_cerevisiae	Saccharomyces cerevisiae	Fungi
E	12	False	internal	0.0	saccharomyces_cerevisiae	Saccharomyces cerevisiae	Fungi
D	16	False	internal	0.0	saccharomyces_cerevisiae	Saccharomyces cerevisiae	Fungi
E	5	False	internal	0.0	saccharomyces_cerevisiae	Saccharomyces cerevisiae	Fungi
D	12	False	internal	0.0	saccharomyces_cerevisiae	Saccharomyces cerevisiae	Fungi
S	16	False	internal	0.5	saccharomyces_cerevisiae	Saccharomyces cerevisiae	Fungi
E	5	False	internal	0.0	saccharomyces_cerevisiae	Saccharomyces cerevisiae	Fungi
Q	10	False	internal	0.8	saccharomyces_cerevisiae	Saccharomyces cerevisiae	Fungi
C	1	True	terminal	0.0	saccharomyces_cerevisiae	Saccharomyces cerevisiae	Fungi
Q	10	False	internal	0.8	saccharomyces_cerevisiae	Saccharomyces cerevisiae	Fungi
C	10	False	internal	0.0	saccharomyces_cerevisiae	Saccharomyces cerevisiae	Fungi
R	10	False	internal	0.5	saccharomyces_cerevisiae	Saccharomyces cerevisiae	Fungi
D	4	False	internal	0.0	saccharomyces_cerevisiae	Saccharomyces cerevisiae	Fungi
Q	4	False	internal	0.8	saccharomyces_cerevisiae	Saccharomyces cerevisiae	Fungi
C	1	True	terminal	0.0	saccharomyces_cerevisiae	Saccharomyces cerevisiae	Fungi
K	3	False	internal	0.0	saccharomyces_cerevisiae	Saccharomyces cerevisiae	Fungi
Q	18	False	internal	0.8	saccharomyces_cerevisiae	Saccharomyces cerevisiae	Fungi
P	20	True	terminal	0.0	saccharomyces_cerevisiae	Saccharomyces cerevisiae	Fungi
C	9	False	internal	0.0	saccharomyces_cerevisiae	Saccharomyces cerevisiae	Fungi
D	4	False	internal	0.0	saccharomyces_cerevisiae	Saccharomyces cerevisiae	Fungi
Q	8	False	internal	0.8	saccharomyces_cerevisiae	Saccharomyces cerevisiae	Fungi
A	2	False	internal	0.0	saccharomyces_cerevisiae	Saccharomyces cerevisiae	Fungi
R	1	True	terminal	0.5	saccharomyces_cerevisiae	Saccharomyces cerevisiae	Fungi
N	5	False	internal	0.8	saccharomyces_cerevisiae	Saccharomyces cerevisiae	Fungi
C	19	False	internal	0.0	saccharomyces_cerevisiae	Saccharomyces cerevisiae	Fungi
Q	18	False	internal	0.8	saccharomyces_cerevisiae	Saccharomyces cerevisiae	Fungi
E	20	True	terminal	0.0	saccharomyces_cerevisiae	Saccharomyces cerevisiae	Fungi
Y	3	False	internal	1.0	saccharomyces_cerevisiae	Saccharomyces cerevisiae	Fungi
D	15	False	internal	0.0	saccharomyces_cerevisiae	Saccharomyces cerevisiae	Fungi
K	20	True	terminal	0.0	saccharomyces_cerevisiae	Saccharomyces cerevisiae	Fungi
S	1	True	terminal	0.5	saccharomyces_cerevisiae	Saccharomyces cerevisiae	Fungi
K	14	False	internal	0.0	saccharomyces_cerevisiae	Saccharomyces cerevisiae	Fungi
E	15	False	internal	0.0	saccharomyces_cerevisiae	Saccharomyces cerevisiae	Fungi
L	1	True	terminal	0.0	saccharomyces_cerevisiae	Saccharomyces cerevisiae	Fungi
N	1	True	terminal	0.8	saccharomyces_cerevisiae	Saccharomyces cerevisiae	Fungi
C	20	True	terminal	0.0	saccharomyces_cerevisiae	Saccharomyces cerevisiae	Fungi
K	8	False	internal	0.0	saccharomyces_cerevisiae	Saccharomyces cerevisiae	Fungi
E	3	False	internal	0.0	saccharomyces_cerevisiae	Saccharomyces cerevisiae	Fungi
N	20	True	terminal	0.8	saccharomyces_cerevisiae	Saccharomyces cerevisiae	Fungi
D	2	False	internal	0.0	saccharomyces_cerevisiae	Saccharomyces cerevisiae	Fungi
R	16	False	internal	0.5	saccharomyces_cerevisiae	Saccharomyces cerevisiae	Fungi
S	19	False	internal	0.5	saccharomyces_cerevisiae	Saccharomyces cerevisiae	Fungi
R	14	False	internal	0.5	saccharomyces_cerevisiae	Saccharomyces cerevisiae	Fungi
A	20	True	terminal	0.0	saccharomyces_cerevisiae	Saccharomyces cerevisiae	Fungi
K	2	False	internal	0.0	saccharomyces_cerevisiae	Saccharomyces cerevisiae	Fungi
N	1	True	terminal	0.8	saccharomyces_cerevisiae	Saccharomyces cerevisiae	Fungi
A	4	False	internal	0.0	saccharomyces_cerevisiae	Saccharomyces cerevisiae	Fungi
Q	8	False	internal	0.8	saccharomyces_cerevisiae	Saccharomyces cerevisiae	Fungi
T	18	False	internal	0.0	saccharomyces_cerevisiae	Saccharomyces cerevisiae	Fungi
T	9	False	internal	0.0	saccharomyces_cerevisiae	Saccharomyces cerevisiae	Fungi
N	9	False	internal	0.8	saccharomyces_cerevisiae	Saccharomyces cerevisiae	Fungi
C	1	True	terminal	0.0	saccharomyces_cerevisiae	Saccharomyces cerevisiae	Fungi
Q	7	False	internal	0.8	saccharomyces_cerevisiae	Saccharomyces cerevisiae	Fungi
T	14	False	internal	0.0	saccharomyces_cerevisiae	Saccharomyces cerevisiae	Fungi
Q	18	False	internal	0.8	saccharomyces_cerevisiae	Saccharomyces cerevisiae	Fungi
T	16	False	internal	0.0	saccharomyces_cerevisiae	Saccharomyces cerevisiae	Fungi
Q	2	False	internal	0.8	saccharomyces_cerevisiae	Saccharomyces cerevisiae	Fungi
Q	9	False	internal	0.8	saccharomyces_cerevisiae	Saccharomyces cerevisiae	Fungi
S	11	False	internal	0.5	saccharomyces_cerevisiae	Saccharomyces cerevisiae	Fungi
D	19	False	internal	0.0	saccharomyces_cerevisiae	Saccharomyces cerevisiae	Fungi
Q	12	False	internal	0.8	saccharomyces_cerevisiae	Saccharomyces cerevisiae	Fungi
A	8	False	internal	0.0	saccharomyces_cerevisiae	Saccharomyces cerevisiae	Fungi
E	19	False	internal	0.0	saccharomyces_cerevisiae	Saccharomyces cerevisiae	Fungi
N	2	False	internal	0.8	saccharomyces_cerevisiae	Saccharomyces cerevisiae	Fungi
S	11	False	internal	0.5	saccharomyces_cerevisiae	Saccharomyces cerevisiae	Fungi
H	14	False	internal	0.0	saccharomyces_cerevisiae	Saccharomyces cerevisiae	Fungi
K	2	False	internal	0.0	saccharomyces_cerevisiae	Saccharomyces cerevisiae	Fungi
N	4	False	internal	0.8	saccharomyces_cerevisiae	Saccharomyces cerevisiae	Fungi
S	5	False	internal	0.5	saccharomyces_cerevisiae	Saccharomyces cerevisiae	Fungi
S	20	True	terminal	0.5	saccharomyces_cerevisiae	Saccharomyces cerevisiae	Fungi
D	12	False	internal	0.0	saccharomyces_cerevisiae	Saccharomyces cerevisiae	Fungi
R	1	True	terminal	0.5	saccharomyces_cerevisiae	Saccharomyces cerevisiae	Fungi
K	20	True	terminal	0.0	saccharomyces_cerevisiae	Saccharomyces cerevisiae	Fungi
R	1	True	terminal	0.5	saccharomyces_cerevisiae	Saccharomyces cerevisiae	Fungi
C	18	False	internal	0.0	saccharomyces_cerevisiae	Saccharomyces cerevisiae	Fungi
E	20	True	terminal	0.0	saccharomyces_cerevisiae	Saccharomyces cerevisiae	Fungi
N	6	False	internal	0.8	saccharomyces_cerevisiae	Saccharomyces cerevisiae	Fungi
S	4	False	internal	0.5	saccharomyces_cerevisiae	Saccharomyces cerevisiae	Fungi
C	1	True	terminal	0.0	saccharomyces_cerevisiae	Saccharomyces cerevisiae	Fungi
Y	15	False	internal	1.0	saccharomyces_cerevisiae	Saccharomyces cerevisiae	Fungi
Q	4	False	internal	0.8	saccharomyces_cerevisiae	Saccharomyces cerevisiae	Fungi
Q	16	False	internal	0.8	saccharomyces_cerevisiae	Saccharomyces cerevisiae	Fungi
D	14	False	internal	0.0	saccharomyces_cerevisiae	Saccharomyces cerevisiae	Fungi
E	17	False	internal	0.0	saccharomyces_cerevisiae	Saccharomyces cerevisiae	Fungi
D	9	False	internal	0.0	saccharomyces_cerevisiae	Saccharomyces cerevisiae	Fungi
S	20	True	terminal	0.5	saccharomyces_cerevisiae	Saccharomyces cerevisiae	Fungi
D	9	False	internal	0.0	saccharomyces_cerevisiae	Saccharomyces cerevisiae	Fungi
K	19	False	internal	0.0	saccharomyces_cerevisiae	Saccharomyces cerevisiae	Fungi
Q	10	False	internal	0.8	saccharomyces_cerevisiae	Saccharomyces cerevisiae	Fungi
W	15	False	internal	1.0	saccharomyces_cerevisiae	Saccharomyces cerevisiae	Fungi
L	8	False	internal	0.0	saccharomyces_cerevisiae	Saccharomyces cerevisiae	Fungi
S	1	True	terminal	0.5	saccharomyces_cerevisiae	Saccharomyces cerevisiae	Fungi
E	3	False	internal	0.0	saccharomyces_cerevisiae	Saccharomyces cerevisiae	Fungi
Q	7	False	internal	0.8	saccharomyces_cerevisiae	Saccharomyces cerevisiae	Fungi
Q	16	False	internal	0.8	saccharomyces_cerevisiae	Saccharomyces cerevisiae	Fungi
H	16	False	internal	0.0	saccharomyces_cerevisiae	Saccharomyces cerevisiae	Fungi
E	7	False	internal	0.0	saccharomyces_cerevisiae	Saccharomyces cerevisiae	Fungi
W	8	False	internal	1.0	saccharomyces_cerevisiae	Saccharomyces cerevisiae	Fungi
Q	9	False	internal	0.8	saccharomyces_cerevisiae	Saccharomyces cerevisiae	Fungi
Q	2	False	internal	0.8	saccharomyces_cerevisiae	Saccharomyces cerevisiae	Fungi
V	8	False	internal	0.0	saccharomyces_cerevisiae	Saccharomyces cerevisiae	Fungi
A	11	False	internal	0.0	saccharomyces_cerevisiae	Saccharomyces cerevisiae	Fungi
E	18	False	internal	0.0	saccharomyces_cerevisiae	Saccharomyces cerevisiae	Fungi
R	10	False	internal	0.5	saccharomyces_cerevisiae	Saccharomyces cerevisiae	Fungi
N	11	False	internal	0.8	saccharomyces_cerevisiae	Saccharomyces cerevisiae	Fungi
L	14	False	internal	0.0	saccharomyces_cerevisiae	Saccharomyces cerevisiae	Fungi
Q	6	False	internal	0.8	saccharomyces_cerevisiae	Saccharomyces cerevisiae	Fungi
D	11	False	internal	0.0	saccharomyces_cerevisiae	Saccharomyces cerevisiae	Fungi
D	20	True	terminal	0.0	saccharomyces_cerevisiae	Saccharomyces cerevisiae	Fungi
R	8	False	internal	0.5	saccharomyces_cerevisiae	Saccharomyces cerevisiae	Fungi
D	9	False	internal	0.0	saccharomyces_cerevisiae	Saccharomyces cerevisiae	Fungi
Q	9	False	internal	0.8	saccharomyces_cerevisiae	Saccharomyces cerevisiae	Fungi
D	19	False	internal	0.0	saccharomyces_cerevisiae	Saccharomyces cerevisiae	Fungi
P	4	False	internal	0.0	saccharomyces_cerevisiae	Saccharomyces cerevisiae	Fungi
N	2	False	internal	0.8	saccharomyces_cerevisiae	Saccharomyces cerevisiae	Fungi
D	6	False	internal	0.0	saccharomyces_cerevisiae	Saccharomyces cerevisiae	Fungi
H	2	False	internal	0.0	saccharomyces_cerevisiae	Saccharomyces cerevisiae	Fungi
K	20	True	terminal	0.0	saccharomyces_cerevisiae	Saccharomyces cerevisiae	Fungi
Q	19	False	internal	0.8	saccharomyces_cerevisiae	Saccharomyces cerevisiae	Fungi
S	2	False	internal	0.5	saccharomyces_cerevisiae	Saccharomyces cerevisiae	Fungi
N	18	False	internal	0.8	saccharomyces_cerevisiae	Saccharomyces cerevisiae	Fungi
E	16	False	internal	0.0	saccharomyces_cerevisiae	Saccharomyces cerevisiae	Fungi
A	7	False	internal	0.0	saccharomyces_cerevisiae	Saccharomyces cerevisiae	Fungi
V	1	True	terminal	0.0	saccharomyces_cerevisiae	Saccharomyces cerevisiae	Fungi
Q	1	True	terminal	0.8	saccharomyces_cerevisiae	Saccharomyces cerevisiae	Fungi
Q	6	False	internal	0.8	saccharomyces_cerevisiae	Saccharomyces cerevisiae	Fungi
P	6	False	internal	0.0	saccharomyces_cerevisiae	Saccharomyces cerevisiae	Fungi
Q	4	False	internal	0.8	saccharomyces_cerevisiae	Saccharomyces cerevisiae	Fungi
C	9	False	internal	0.0	saccharomyces_cerevisiae	Saccharomyces cerevisiae	Fungi
Q	11	False	internal	0.8	saccharomyces_cerevisiae	Saccharomyces cerevisiae	Fungi
Q	7	False	internal	0.8	saccharomyces_cerevisiae	Saccharomyces cerevisiae	Fungi
D	4	False	internal	0.0	saccharomyces_cerevisiae	Saccharomyces cerevisiae	Fungi
Q	19	False	internal	0.8	saccharomyces_cerevisiae	Saccharomyces cerevisiae	Fungi
S	1	True	terminal	0.5	saccharomyces_cerevisiae	Saccharomyces cerevisiae	Fungi
R	17	False	internal	0.5	saccharomyces_cerevisiae	Saccharomyces cerevisiae	Fungi
Q	11	False	internal	0.8	saccharomyces_cerevisiae	Saccharomyces cerevisiae	Fungi
Q	19	False	internal	0.8	saccharomyces_cerevisiae	Saccharomyces cerevisiae	Fungi
R	10	False	internal	0.5	saccharomyces_cerevisiae	Saccharomyces cerevisiae	Fungi
D	16	False	internal	0.0	saccharomyces_cerevisiae	Saccharomyces cerevisiae	Fungi
E	19	False	internal	0.0	saccharomyces_cerevisiae	Saccharomyces cerevisiae	Fungi
N	4	False	internal	0.8	saccharomyces_cerevisiae	Saccharomyces cerevisiae	Fungi
Q	18	False	internal	0.8	saccharomyces_cerevisiae	Saccharomyces cerevisiae	Fungi
A	14	False	internal	0.0	wolbachia_endosymbiont_of_drosophila_melanogaster_gca_000008025	Wolbachia endosymbiont of Drosophila melanogaster	Bacteria
F	14	False	internal	1.0	wolbachia_endosymbiont_of_drosophila_melanogaster_gca_000008025	Wolbachia endosymbiont of Drosophila melanogaster	Bacteria
C	2	False	internal	0.0	wolbachia_endosymbiont_of_drosophila_melanogaster_gca_000008025	Wolbachia endosymbiont of Drosophila melanogaster	Bacteria
Q	19	False	internal	0.8	wolbachia_endosymbiont_of_drosophila_melanogaster_gca_000008025	Wolbachia endosymbiont of Drosophila melanogaster	Bacteria
