species_key	display_name	phylum	fa_path	domain	taxon_id
acanthamoeba_castellanii	Acanthamoeba castellanii	Amoebozoa	/Users/kchan/lcr_invertebrate_study/data/proteomes/acanthamoeba_castellanii.longest.fa	Non-metazoan Eukaryota	1257118
acanthaster_planci_gca001949145v1	Acanthaster planci	Echinodermata	/Users/kchan/lcr_invertebrate_study/data/proteomes/acanthaster_planci_gca001949145v1.longest.fa	Metazoa	133434
achlya_hypogyna_gca_002081595	Achlya hypogyna str. ATCC 48635	Oomycota	/Users/kchan/lcr_invertebrate_study/data/proteomes/achlya_hypogyna_gca_002081595.longest.fa	Non-metazoan Eukaryota	1202772
acinetobacter_baumannii_aye_gca_000069245	Acinetobacter baumannii AYE	Bacteria	/Users/kchan/lcr_invertebrate_study/data/proteomes/acinetobacter_baumannii_aye_gca_000069245.longest.fa	Bacteria	509173
acromyrmex_echinatior_gca000204515v1rs	Acromyrmex echinatior	Insecta	/Users/kchan/lcr_invertebrate_study/data/proteomes/acromyrmex_echinatior_gca000204515v1rs.longest.fa	Metazoa	103372
acropora_millepora_gca013753865v1	Acropora millepora	Cnidaria	/Users/kchan/lcr_invertebrate_study/data/proteomes/acropora_millepora_gca013753865v1.longest.fa	Metazoa	45264
actinia_equina_gca011057435	Actinia equina	Cnidaria	/Users/kchan/lcr_invertebrate_study/data/proteomes/actinia_equina_gca011057435.longest.fa	Metazoa	6106
actinia_tenebrosa_gca009602425v1	Actinia tenebrosa	Cnidaria	/Users/kchan/lcr_invertebrate_study/data/proteomes/actinia_tenebrosa_gca009602425v1.longest.fa	Metazoa	6105
actinidia_chinensis	Actinidia chinensis	Viridiplantae	/Users/kchan/lcr_invertebrate_study/data/proteomes/actinidia_chinensis.longest.fa	Non-metazoan Eukaryota	1590841
actinobacillus_pleuropneumoniae_serovar_5b_str_l20_gca_000015885	Actinobacillus pleuropneumoniae serovar 5b str. L20	Bacteria	/Users/kchan/lcr_invertebrate_study/data/proteomes/actinobacillus_pleuropneumoniae_serovar_5b_str_l20_gca_000015885.longest.fa	Bacteria	416269
acyrthosiphon_pisum_gca005508785v2rs	Acyrthosiphon pisum	Insecta	/Users/kchan/lcr_invertebrate_study/data/proteomes/acyrthosiphon_pisum_gca005508785v2rs.longest.fa	Metazoa	7029
adelges_cooleyi_gca023614345v1rs	Adelges cooleyi	Insecta	/Users/kchan/lcr_invertebrate_study/data/proteomes/adelges_cooleyi_gca023614345v1rs.longest.fa	Metazoa	133065
adiantum_capillus_veneris	Adiantum capillus-veneris	Viridiplantae	/Users/kchan/lcr_invertebrate_study/data/proteomes/adiantum_capillus_veneris.longest.fa	Non-metazoan Eukaryota	13818
adineta_vaga	Adineta vaga	Rotifera	/Users/kchan/lcr_invertebrate_study/data/proteomes/adineta_vaga.longest.fa	Metazoa	104782
aedes_aegypti_lvpagwg	Aedes aegypti	Insecta	/Users/kchan/lcr_invertebrate_study/data/proteomes/aedes_aegypti_lvpagwg.longest.fa	Metazoa	7159
aedes_albopictus_gca035046485v1rs	Aedes albopictus	Insecta	/Users/kchan/lcr_invertebrate_study/data/proteomes/aedes_albopictus_gca035046485v1rs.longest.fa	Metazoa	7160
aegilops_tauschii	Aegilops tauschii	Viridiplantae	/Users/kchan/lcr_invertebrate_study/data/proteomes/aegilops_tauschii.longest.fa	Non-metazoan Eukaryota	200361
aegilops_umbellulata	Aegilops umbellulata	Viridiplantae	/Users/kchan/lcr_invertebrate_study/data/proteomes/aegilops_umbellulata.longest.fa	Non-metazoan Eukaryota	4491
aeromonas_hydrophila_subsp_hydrophila_atcc_7966_gca_000014805	Aeromonas hydrophila subsp. hydrophila ATCC 7966	Bacteria	/Users/kchan/lcr_invertebrate_study/data/proteomes/aeromonas_hydrophila_subsp_hydrophila_atcc_7966_gca_000014805.longest.fa	Bacteria	380703
aeropyrum_pernix_k1_gca_000011125	Aeropyrum pernix K1	Archaea	/Users/kchan/lcr_invertebrate_study/data/proteomes/aeropyrum_pernix_k1_gca_000011125.longest.fa	Archaea	272557
aethina_tumida_gca024364675v1rs	Aethina tumida	Insecta	/Users/kchan/lcr_invertebrate_study/data/proteomes/aethina_tumida_gca024364675v1rs.longest.fa	Metazoa	116153
agrilus_planipennis_gca000699045v2	Agrilus planipennis	Insecta	/Users/kchan/lcr_invertebrate_study/data/proteomes/agrilus_planipennis_gca000699045v2.longest.fa	Metazoa	224129
agrobacterium_fabrum_str_c58_gca_000092025	Agrobacterium fabrum str. C58	Bacteria	/Users/kchan/lcr_invertebrate_study/data/proteomes/agrobacterium_fabrum_str_c58_gca_000092025.longest.fa	Bacteria	176299
aliivibrio_fischeri_es114_gca_000011805	Aliivibrio fischeri ES114	Bacteria	/Users/kchan/lcr_invertebrate_study/data/proteomes/aliivibrio_fischeri_es114_gca_000011805.longest.fa	Bacteria	312309
amblyomma_americanum_gca030143305v2gb	Amblyomma americanum	Chelicerata	/Users/kchan/lcr_invertebrate_study/data/proteomes/amblyomma_americanum_gca030143305v2gb.longest.fa	Metazoa	6943
amblyteles_armatorius_gca933228735v1	Amblyteles armatorius	Insecta	/Users/kchan/lcr_invertebrate_study/data/proteomes/amblyteles_armatorius_gca933228735v1.longest.fa	Metazoa	231887
amborella_trichopoda	Amborella trichopoda	Viridiplantae	/Users/kchan/lcr_invertebrate_study/data/proteomes/amborella_trichopoda.longest.fa	Non-metazoan Eukaryota	13333
amphibalanus_amphitrite_gca019059575v1	Amphibalanus amphitrite	Crustacea	/Users/kchan/lcr_invertebrate_study/data/proteomes/amphibalanus_amphitrite_gca019059575v1.longest.fa	Metazoa	1232801
amphimedon_queenslandica_gca000090795v2rs	Amphimedon queenslandica	Porifera	/Users/kchan/lcr_invertebrate_study/data/proteomes/amphimedon_queenslandica_gca000090795v2rs.longest.fa	Metazoa	400682
amyelois_transitella_gca032362555v1rs	Amyelois transitella	Insecta	/Users/kchan/lcr_invertebrate_study/data/proteomes/amyelois_transitella_gca032362555v1rs.longest.fa	Metazoa	680683
ananas_comosus	Ananas comosus	Viridiplantae	/Users/kchan/lcr_invertebrate_study/data/proteomes/ananas_comosus.longest.fa	Non-metazoan Eukaryota	4615
anaplasma_phagocytophilum_str_hz_gca_000013125	Anaplasma phagocytophilum str. HZ	Bacteria	/Users/kchan/lcr_invertebrate_study/data/proteomes/anaplasma_phagocytophilum_str_hz_gca_000013125.longest.fa	Bacteria	212042
anastrepha_ludens_gca028408465v1rs	Anastrepha ludens	Insecta	/Users/kchan/lcr_invertebrate_study/data/proteomes/anastrepha_ludens_gca028408465v1rs.longest.fa	Metazoa	28586
anastrepha_obliqua_gca027943255v1rs	Anastrepha obliqua	Insecta	/Users/kchan/lcr_invertebrate_study/data/proteomes/anastrepha_obliqua_gca027943255v1rs.longest.fa	Metazoa	95512
ancistrocerus_nigricornis_gca916049575v1	Ancistrocerus nigricornis	Insecta	/Users/kchan/lcr_invertebrate_study/data/proteomes/ancistrocerus_nigricornis_gca916049575v1.longest.fa	Metazoa	76990
angomonas_deanei_gca_000442575	Angomonas deanei	Euglenozoa	/Users/kchan/lcr_invertebrate_study/data/proteomes/angomonas_deanei_gca_000442575.longest.fa	Non-metazoan Eukaryota	59799
anneissia_japonica_gca011630105v1	Anneissia japonica	Echinodermata	/Users/kchan/lcr_invertebrate_study/data/proteomes/anneissia_japonica_gca011630105v1.longest.fa	Metazoa	1529436
anopheles_albimanus_gca013758885v1rs	Anopheles albimanus	Insecta	/Users/kchan/lcr_invertebrate_study/data/proteomes/anopheles_albimanus_gca013758885v1rs.longest.fa	Metazoa	7167
anopheles_arabiensis	Anopheles arabiensis	Insecta	/Users/kchan/lcr_invertebrate_study/data/proteomes/anopheles_arabiensis.longest.fa	Metazoa	7173
anopheles_atroparvus_gca914969975	Anopheles atroparvus	Insecta	/Users/kchan/lcr_invertebrate_study/data/proteomes/anopheles_atroparvus_gca914969975.longest.fa	Metazoa	41427
anopheles_christyi	Anopheles christyi	Insecta	/Users/kchan/lcr_invertebrate_study/data/proteomes/anopheles_christyi.longest.fa	Metazoa	43041
anopheles_coluzzii_gca943734685v1rs	Anopheles coluzzii	Insecta	/Users/kchan/lcr_invertebrate_study/data/proteomes/anopheles_coluzzii_gca943734685v1rs.longest.fa	Metazoa	1518534
anopheles_culicifacies	Anopheles culicifacies	Insecta	/Users/kchan/lcr_invertebrate_study/data/proteomes/anopheles_culicifacies.longest.fa	Metazoa	139723
anopheles_darlingi_gca943734745v1rs	Anopheles darlingi	Insecta	/Users/kchan/lcr_invertebrate_study/data/proteomes/anopheles_darlingi_gca943734745v1rs.longest.fa	Metazoa	43151
anopheles_dirus	Anopheles dirus	Insecta	/Users/kchan/lcr_invertebrate_study/data/proteomes/anopheles_dirus.longest.fa	Metazoa	7168
anopheles_epiroticus	Anopheles epiroticus	Insecta	/Users/kchan/lcr_invertebrate_study/data/proteomes/anopheles_epiroticus.longest.fa	Metazoa	199890
anopheles_farauti	Anopheles farauti	Insecta	/Users/kchan/lcr_invertebrate_study/data/proteomes/anopheles_farauti.longest.fa	Metazoa	69004
anopheles_funestus_gca943734845v1rs	Anopheles funestus	Insecta	/Users/kchan/lcr_invertebrate_study/data/proteomes/anopheles_funestus_gca943734845v1rs.longest.fa	Metazoa	62324
anopheles_gambiae	Anopheles gambiae	Insecta	/Users/kchan/lcr_invertebrate_study/data/proteomes/anopheles_gambiae.longest.fa	Metazoa	7165
anopheles_maculatus	Anopheles maculatus	Insecta	/Users/kchan/lcr_invertebrate_study/data/proteomes/anopheles_maculatus.longest.fa	Metazoa	74869
anopheles_melas	Anopheles melas	Insecta	/Users/kchan/lcr_invertebrate_study/data/proteomes/anopheles_melas.longest.fa	Metazoa	34690
anopheles_merus	Anopheles merus	Insecta	/Users/kchan/lcr_invertebrate_study/data/proteomes/anopheles_merus.longest.fa	Metazoa	30066
anopheles_minimus	Anopheles minimus	Insecta	/Users/kchan/lcr_invertebrate_study/data/proteomes/anopheles_minimus.longest.fa	Metazoa	112268
anopheles_quadriannulatus_gca000349065v1vb	Anopheles quadriannulatus	Insecta	/Users/kchan/lcr_invertebrate_study/data/proteomes/anopheles_quadriannulatus_gca000349065v1vb.longest.fa	Metazoa	34691
anopheles_sinensis	Anopheles sinensis	Insecta	/Users/kchan/lcr_invertebrate_study/data/proteomes/anopheles_sinensis.longest.fa	Metazoa	74873
anopheles_stephensi_indian	Anopheles stephensi	Insecta	/Users/kchan/lcr_invertebrate_study/data/proteomes/anopheles_stephensi_indian.longest.fa	Metazoa	30069
anoplophora_glabripennis	Anoplophora glabripennis	Insecta	/Users/kchan/lcr_invertebrate_study/data/proteomes/anoplophora_glabripennis.longest.fa	Metazoa	217634
anthonomus_grandis_gca022605725v3rs	Anthonomus grandis grandis	Insecta	/Users/kchan/lcr_invertebrate_study/data/proteomes/anthonomus_grandis_gca022605725v3rs.longest.fa	Metazoa	2921223
aphanomyces_astaci_gca000520075	Aphanomyces astaci	Oomycota	/Users/kchan/lcr_invertebrate_study/data/proteomes/aphanomyces_astaci_gca000520075.longest.fa	Non-metazoan Eukaryota	112090
aphanomyces_invadans_gca000520115	Aphanomyces invadans	Oomycota	/Users/kchan/lcr_invertebrate_study/data/proteomes/aphanomyces_invadans_gca000520115.longest.fa	Non-metazoan Eukaryota	157072
aphidius_gifuensis_gca014905175v1	Aphidius gifuensis	Insecta	/Users/kchan/lcr_invertebrate_study/data/proteomes/aphidius_gifuensis_gca014905175v1.longest.fa	Metazoa	684658
apis_dorsata_gca000469605v1rs	Apis dorsata	Insecta	/Users/kchan/lcr_invertebrate_study/data/proteomes/apis_dorsata_gca000469605v1rs.longest.fa	Metazoa	7462
apis_florea_gca000184785v2rs	Apis florea	Insecta	/Users/kchan/lcr_invertebrate_study/data/proteomes/apis_florea_gca000184785v2rs.longest.fa	Metazoa	7463
apis_mellifera	Apis mellifera	Insecta	/Users/kchan/lcr_invertebrate_study/data/proteomes/apis_mellifera.longest.fa	Metazoa	7460
aplysia_californica_gca000002075v2	Aplysia californica	Mollusca	/Users/kchan/lcr_invertebrate_study/data/proteomes/aplysia_californica_gca000002075v2.longest.fa	Metazoa	6500
aquifex_aeolicus	Aquifex aeolicus	Bacteria	/Users/kchan/lcr_invertebrate_study/data/proteomes/aquifex_aeolicus.longest.fa	Bacteria	224324
arabidopsis_halleri	Arabidopsis halleri	Viridiplantae	/Users/kchan/lcr_invertebrate_study/data/proteomes/arabidopsis_halleri.longest.fa	Non-metazoan Eukaryota	63677
arabidopsis_lyrata	Arabidopsis lyrata	Viridiplantae	/Users/kchan/lcr_invertebrate_study/data/proteomes/arabidopsis_lyrata.longest.fa	Non-metazoan Eukaryota	81972
arabidopsis_thaliana	Arabidopsis thaliana	Viridiplantae	/Users/kchan/lcr_invertebrate_study/data/proteomes/arabidopsis_thaliana.longest.fa	Non-metazoan Eukaryota	3702
arabis_alpina	Arabis alpina	Viridiplantae	/Users/kchan/lcr_invertebrate_study/data/proteomes/arabis_alpina.longest.fa	Non-metazoan Eukaryota	50452
arachis_hypogaea	Arachis hypogaea	Viridiplantae	/Users/kchan/lcr_invertebrate_study/data/proteomes/arachis_hypogaea.longest.fa	Non-metazoan Eukaryota	3818
archaeoglobus_fulgidus	Archaeoglobus fulgidus	Archaea	/Users/kchan/lcr_invertebrate_study/data/proteomes/archaeoglobus_fulgidus.longest.fa	Archaea	224325
argiope_bruennichi_gca947563725v1rs	Argiope bruennichi	Chelicerata	/Users/kchan/lcr_invertebrate_study/data/proteomes/argiope_bruennichi_gca947563725v1rs.longest.fa	Metazoa	94029
aristolochia_fimbriata	Aristolochia fimbriata	Viridiplantae	/Users/kchan/lcr_invertebrate_study/data/proteomes/aristolochia_fimbriata.longest.fa	Non-metazoan Eukaryota	158543
ascaris_suum	Ascaris suum	Nematoda	/Users/kchan/lcr_invertebrate_study/data/proteomes/ascaris_suum.longest.fa	Metazoa	6253
asparagus_officinalis	Asparagus officinalis	Viridiplantae	/Users/kchan/lcr_invertebrate_study/data/proteomes/asparagus_officinalis.longest.fa	Non-metazoan Eukaryota	4686
aspergillus_fumigatus	Aspergillus fumigatus	Fungi	/Users/kchan/lcr_invertebrate_study/data/proteomes/aspergillus_fumigatus.longest.fa	Non-metazoan Eukaryota	330879
aspergillus_nidulans	Aspergillus nidulans	Fungi	/Users/kchan/lcr_invertebrate_study/data/proteomes/aspergillus_nidulans.longest.fa	Non-metazoan Eukaryota	227321
asterias_rubens_gca902459465v3	Asterias rubens	Echinodermata	/Users/kchan/lcr_invertebrate_study/data/proteomes/asterias_rubens_gca902459465v3.longest.fa	Metazoa	7604
athalia_rosae_gca917208135v1	Athalia rosae	Insecta	/Users/kchan/lcr_invertebrate_study/data/proteomes/athalia_rosae_gca917208135v1.longest.fa	Metazoa	37344
atta_cephalotes	Atta cephalotes	Insecta	/Users/kchan/lcr_invertebrate_study/data/proteomes/atta_cephalotes.longest.fa	Metazoa	12957
aureococcus_anophagefferens_gca_000186865	Aureococcus anophagefferens	Protist	/Users/kchan/lcr_invertebrate_study/data/proteomes/aureococcus_anophagefferens_gca_000186865.longest.fa	Non-metazoan Eukaryota	44056
avena_atlantica_gca910589765v1cm	Avena atlantica CC7277	Viridiplantae	/Users/kchan/lcr_invertebrate_study/data/proteomes/avena_atlantica_gca910589765v1cm.longest.fa	Non-metazoan Eukaryota	366594
avena_byzantina_gca910574625v1cm	Avena byzantina PI258586	Viridiplantae	/Users/kchan/lcr_invertebrate_study/data/proteomes/avena_byzantina_gca910574625v1cm.longest.fa	Non-metazoan Eukaryota	146531
avena_eriantha_gca910589775v1cm	Avena eriantha BYU132	Viridiplantae	/Users/kchan/lcr_invertebrate_study/data/proteomes/avena_eriantha_gca910589775v1cm.longest.fa	Non-metazoan Eukaryota	146534
avena_insularis_gca910574615v1cm	Avena insularis BYU209	Viridiplantae	/Users/kchan/lcr_invertebrate_study/data/proteomes/avena_insularis_gca910574615v1cm.longest.fa	Non-metazoan Eukaryota	283872
avena_longiglumis_gca910589755v1cm	Avena longiglumis CN58138	Viridiplantae	/Users/kchan/lcr_invertebrate_study/data/proteomes/avena_longiglumis_gca910589755v1cm.longest.fa	Non-metazoan Eukaryota	4500
avena_occidentalis_gca947310975v1cm	Avena occidentalis CN25955	Viridiplantae	/Users/kchan/lcr_invertebrate_study/data/proteomes/avena_occidentalis_gca947310975v1cm.longest.fa	Non-metazoan Eukaryota	311213
avena_sativa_gca947310255v1cm	Avena magna x Avena longiglumis	Viridiplantae	/Users/kchan/lcr_invertebrate_study/data/proteomes/avena_sativa_gca947310255v1cm.longest.fa	Non-metazoan Eukaryota	4496
avena_sativa_sang	Avena sativa Sang	Viridiplantae	/Users/kchan/lcr_invertebrate_study/data/proteomes/avena_sativa_sang.longest.fa	Non-metazoan Eukaryota	4498
avena_sterilis_gca947313515v1cm	Avena sterilis TN4	Viridiplantae	/Users/kchan/lcr_invertebrate_study/data/proteomes/avena_sterilis_gca947313515v1cm.longest.fa	Non-metazoan Eukaryota	83444
azotobacter_vinelandii_dj_gca_000021045	Azotobacter vinelandii DJ	Bacteria	/Users/kchan/lcr_invertebrate_study/data/proteomes/azotobacter_vinelandii_dj_gca_000021045.longest.fa	Bacteria	322710
babesia_bigemina_gca_000981445	Babesia bigemina str. Bond	Apicomplexa	/Users/kchan/lcr_invertebrate_study/data/proteomes/babesia_bigemina_gca_000981445.longest.fa	Non-metazoan Eukaryota	5866
babesia_bovis	Babesia bovis T2Bo	Apicomplexa	/Users/kchan/lcr_invertebrate_study/data/proteomes/babesia_bovis.longest.fa	Non-metazoan Eukaryota	484906
babesia_ovata_gca_002897235	Babesia ovata str. Miyake	Apicomplexa	/Users/kchan/lcr_invertebrate_study/data/proteomes/babesia_ovata_gca_002897235.longest.fa	Non-metazoan Eukaryota	189622
babesia_sp_xinjiang_gca_002095265	Babesia sp. Xinjiang	Apicomplexa	/Users/kchan/lcr_invertebrate_study/data/proteomes/babesia_sp_xinjiang_gca_002095265.longest.fa	Non-metazoan Eukaryota	462227
bacillus_subtilis	Bacillus subtilis	Bacteria	/Users/kchan/lcr_invertebrate_study/data/proteomes/bacillus_subtilis.longest.fa	Bacteria	224308
bacteroides_thetaiotaomicron_vpi_5482_gca_000011065	Bacteroides thetaiotaomicron VPI-5482	Bacteria	/Users/kchan/lcr_invertebrate_study/data/proteomes/bacteroides_thetaiotaomicron_vpi_5482_gca_000011065.longest.fa	Bacteria	226186
bactrocera_dorsalis_gca023373825v1rs	Bactrocera dorsalis	Insecta	/Users/kchan/lcr_invertebrate_study/data/proteomes/bactrocera_dorsalis_gca023373825v1rs.longest.fa	Metazoa	27457
bactrocera_latifrons_gca001853355v1	Bactrocera latifrons	Insecta	/Users/kchan/lcr_invertebrate_study/data/proteomes/bactrocera_latifrons_gca001853355v1.longest.fa	Metazoa	174628
bactrocera_neohumeralis_gca024586455v2rs	Bactrocera neohumeralis	Insecta	/Users/kchan/lcr_invertebrate_study/data/proteomes/bactrocera_neohumeralis_gca024586455v2rs.longest.fa	Metazoa	98809
bactrocera_oleae_gca042242935v1rs	Bactrocera oleae	Insecta	/Users/kchan/lcr_invertebrate_study/data/proteomes/bactrocera_oleae_gca042242935v1rs.longest.fa	Metazoa	104688
bactrocera_tryoni_gca016617805v2	Bactrocera tryoni	Insecta	/Users/kchan/lcr_invertebrate_study/data/proteomes/bactrocera_tryoni_gca016617805v2.longest.fa	Metazoa	59916
bartonella_henselae_str_houston_1_gca_000046705	Bartonella henselae str. Houston-1	Bacteria	/Users/kchan/lcr_invertebrate_study/data/proteomes/bartonella_henselae_str_houston_1_gca_000046705.longest.fa	Bacteria	283166
belgica_antarctica	Belgica antarctica	Insecta	/Users/kchan/lcr_invertebrate_study/data/proteomes/belgica_antarctica.longest.fa	Metazoa	315563
bemisia_tabaci_uganda1	Bemisia tabaci	Insecta	/Users/kchan/lcr_invertebrate_study/data/proteomes/bemisia_tabaci_uganda1.longest.fa	Metazoa	7038
besnoitia_besnoiti_gca_002563875	Besnoitia besnoiti str. Bb-Ger1	Apicomplexa	/Users/kchan/lcr_invertebrate_study/data/proteomes/besnoitia_besnoiti_gca_002563875.longest.fa	Non-metazoan Eukaryota	94643
beta_vulgaris	Beta vulgaris	Viridiplantae	/Users/kchan/lcr_invertebrate_study/data/proteomes/beta_vulgaris.longest.fa	Non-metazoan Eukaryota	3555
bicyclus_anynana_gca947172395v1	Bicyclus anynana	Insecta	/Users/kchan/lcr_invertebrate_study/data/proteomes/bicyclus_anynana_gca947172395v1.longest.fa	Metazoa	110368
bifidobacterium_longum_ncc2705_gca_000007525	Bifidobacterium longum NCC2705	Bacteria	/Users/kchan/lcr_invertebrate_study/data/proteomes/bifidobacterium_longum_ncc2705_gca_000007525.longest.fa	Bacteria	206672
bigelowiella_natans	Bigelowiella natans	Rhizaria	/Users/kchan/lcr_invertebrate_study/data/proteomes/bigelowiella_natans.longest.fa	Non-metazoan Eukaryota	753081
biomphalaria_glabrata_gca947242115v1rs	Biomphalaria glabrata	Mollusca	/Users/kchan/lcr_invertebrate_study/data/proteomes/biomphalaria_glabrata_gca947242115v1rs.longest.fa	Metazoa	6526
blastocystis_hominis_gca_000151665	Blastocystis hominis str. Singapore isolate B	Protist	/Users/kchan/lcr_invertebrate_study/data/proteomes/blastocystis_hominis_gca_000151665.longest.fa	Non-metazoan Eukaryota	12968
bolinopsis_microptera	Bolinopsis microptera	Ctenophora	/Users/kchan/lcr_invertebrate_study/data/proteomes/bolinopsis_microptera.longest.fa	Metazoa	2820187
bombus_affinis_gca024516045v2rs	Bombus affinis	Insecta	/Users/kchan/lcr_invertebrate_study/data/proteomes/bombus_affinis_gca024516045v2rs.longest.fa	Metazoa	309941
bombus_huntii_gca024542735v1rs	Bombus huntii	Insecta	/Users/kchan/lcr_invertebrate_study/data/proteomes/bombus_huntii_gca024542735v1rs.longest.fa	Metazoa	85661
bombus_impatiens	Bombus impatiens	Insecta	/Users/kchan/lcr_invertebrate_study/data/proteomes/bombus_impatiens.longest.fa	Metazoa	132113
bombus_terrestris_gca910591885v2	Bombus terrestris	Insecta	/Users/kchan/lcr_invertebrate_study/data/proteomes/bombus_terrestris_gca910591885v2.longest.fa	Metazoa	30195
bombus_vancouverensis_gca011952275v1rs	Bombus vancouverensis nearcticus	Insecta	/Users/kchan/lcr_invertebrate_study/data/proteomes/bombus_vancouverensis_gca011952275v1rs.longest.fa	Metazoa	2705178
bombyx_mandarina_gca003987935v1rs	Bombyx mandarina	Insecta	/Users/kchan/lcr_invertebrate_study/data/proteomes/bombyx_mandarina_gca003987935v1rs.longest.fa	Metazoa	7092
bombyx_mori_gca030269925v1rs	Bombyx mori	Insecta	/Users/kchan/lcr_invertebrate_study/data/proteomes/bombyx_mori_gca030269925v1rs.longest.fa	Metazoa	7091
borrelia_burgdorferi	Borrelia burgdorferi	Bacteria	/Users/kchan/lcr_invertebrate_study/data/proteomes/borrelia_burgdorferi.longest.fa	Bacteria	224326
borreliella_burgdorferi_b31_gca_000008685	Borreliella burgdorferi B31	Bacteria	/Users/kchan/lcr_invertebrate_study/data/proteomes/borreliella_burgdorferi_b31_gca_000008685.longest.fa	Bacteria	224326
brachionus_plicatilis	Brachionus plicatilis	Rotifera	/Users/kchan/lcr_invertebrate_study/data/proteomes/brachionus_plicatilis.longest.fa	Metazoa	10195
brachypodium_distachyon	Brachypodium distachyon	Viridiplantae	/Users/kchan/lcr_invertebrate_study/data/proteomes/brachypodium_distachyon.longest.fa	Non-metazoan Eukaryota	15368
bradyrhizobium_diazoefficiens_usda_110_gca_000011365	Bradyrhizobium diazoefficiens USDA 110	Bacteria	/Users/kchan/lcr_invertebrate_study/data/proteomes/bradyrhizobium_diazoefficiens_usda_110_gca_000011365.longest.fa	Bacteria	224911
bradysia_coprophila_gca014529535v1rs	Bradysia coprophila	Insecta	/Users/kchan/lcr_invertebrate_study/data/proteomes/bradysia_coprophila_gca014529535v1rs.longest.fa	Metazoa	38358
branchiostoma_lanceolatum	Branchiostoma lanceolatum	Chordata	/Users/kchan/lcr_invertebrate_study/data/proteomes/branchiostoma_lanceolatum.longest.fa	Metazoa	7740
brassica_juncea	Brassica juncea	Viridiplantae	/Users/kchan/lcr_invertebrate_study/data/proteomes/brassica_juncea.longest.fa	Non-metazoan Eukaryota	3707
brassica_napus	Brassica napus	Viridiplantae	/Users/kchan/lcr_invertebrate_study/data/proteomes/brassica_napus.longest.fa	Non-metazoan Eukaryota	3708
brassica_oleracea	Brassica oleracea	Viridiplantae	/Users/kchan/lcr_invertebrate_study/data/proteomes/brassica_oleracea.longest.fa	Non-metazoan Eukaryota	109376
brassica_rapa_ro18	Brassica rapa R-o-18	Viridiplantae	/Users/kchan/lcr_invertebrate_study/data/proteomes/brassica_rapa_ro18.longest.fa	Non-metazoan Eukaryota	1813537
brucella_abortus_bv_1_str_9_941_gca_000008145	Brucella abortus bv. 1 str. 9-941	Bacteria	/Users/kchan/lcr_invertebrate_study/data/proteomes/brucella_abortus_bv_1_str_9_941_gca_000008145.longest.fa	Bacteria	262698
brugia_malayi	Brugia malayi	Nematoda	/Users/kchan/lcr_invertebrate_study/data/proteomes/brugia_malayi.longest.fa	Metazoa	6279
buchnera_aphidicola_str_aps_acyrthosiphon_pisum__gca_000009605	Buchnera aphidicola str. APS	Bacteria	/Users/kchan/lcr_invertebrate_study/data/proteomes/buchnera_aphidicola_str_aps_acyrthosiphon_pisum__gca_000009605.longest.fa	Bacteria	107806
burkholderia_pseudomallei_1710b_gca_000012785	Burkholderia pseudomallei 1710b	Bacteria	/Users/kchan/lcr_invertebrate_study/data/proteomes/burkholderia_pseudomallei_1710b_gca_000012785.longest.fa	Bacteria	320372
caenorhabditis_brenneri	Caenorhabditis brenneri	Nematoda	/Users/kchan/lcr_invertebrate_study/data/proteomes/caenorhabditis_brenneri.longest.fa	Metazoa	135651
caenorhabditis_briggsae	Caenorhabditis briggsae	Nematoda	/Users/kchan/lcr_invertebrate_study/data/proteomes/caenorhabditis_briggsae.longest.fa	Metazoa	6238
caenorhabditis_elegans	Caenorhabditis elegans	Nematoda	/Users/kchan/lcr_invertebrate_study/data/proteomes/caenorhabditis_elegans.longest.fa	Metazoa	6239
caenorhabditis_japonica	Caenorhabditis japonica	Nematoda	/Users/kchan/lcr_invertebrate_study/data/proteomes/caenorhabditis_japonica.longest.fa	Metazoa	281687
caenorhabditis_remanei_gca010183535v1rs	Caenorhabditis remanei	Nematoda	/Users/kchan/lcr_invertebrate_study/data/proteomes/caenorhabditis_remanei_gca010183535v1rs.longest.fa	Metazoa	31234
cajanus_cajan_gca000340665v2gb	Cajanus cajan	Viridiplantae	/Users/kchan/lcr_invertebrate_study/data/proteomes/cajanus_cajan_gca000340665v2gb.longest.fa	Non-metazoan Eukaryota	3821
camelina_sativa	Camelina sativa	Viridiplantae	/Users/kchan/lcr_invertebrate_study/data/proteomes/camelina_sativa.longest.fa	Non-metazoan Eukaryota	90675
camponotus_floridanus_gca003227725v1rs	Camponotus floridanus	Insecta	/Users/kchan/lcr_invertebrate_study/data/proteomes/camponotus_floridanus_gca003227725v1rs.longest.fa	Metazoa	104421
campylobacter_jejuni_subsp_jejuni_nctc_11168_atcc_700819_gca_000009085	Campylobacter jejuni subsp. jejuni NCTC 11168 = ATCC 700819	Bacteria	/Users/kchan/lcr_invertebrate_study/data/proteomes/campylobacter_jejuni_subsp_jejuni_nctc_11168_atcc_700819_gca_000009085.longest.fa	Bacteria	192222
candida_albicans	Candida albicans	Fungi	/Users/kchan/lcr_invertebrate_study/data/proteomes/candida_albicans.longest.fa	Non-metazoan Eukaryota	237561
candidatus_korarchaeum_cryptofilum_opf8_gca_000019605	Candidatus Korarchaeum cryptofilum OPF8	Archaea	/Users/kchan/lcr_invertebrate_study/data/proteomes/candidatus_korarchaeum_cryptofilum_opf8_gca_000019605.longest.fa	Archaea	374847
candidatus_koribacter_versatilis_ellin345_gca_000014005	Candidatus Koribacter versatilis Ellin345	Bacteria	/Users/kchan/lcr_invertebrate_study/data/proteomes/candidatus_koribacter_versatilis_ellin345_gca_000014005.longest.fa	Bacteria	204669
cannabis_sativa_female	Cannabis sativa female	Viridiplantae	/Users/kchan/lcr_invertebrate_study/data/proteomes/cannabis_sativa_female.longest.fa	Non-metazoan Eukaryota	3483
capitella_teleta	Capitella teleta	Annelida	/Users/kchan/lcr_invertebrate_study/data/proteomes/capitella_teleta.longest.fa	Metazoa	283909
capsaspora_owczarzaki	Capsaspora owczarzaki	Protist	/Users/kchan/lcr_invertebrate_study/data/proteomes/capsaspora_owczarzaki.longest.fa	Non-metazoan Eukaryota	595528
capsicum_annuum	Capsicum annuum	Viridiplantae	/Users/kchan/lcr_invertebrate_study/data/proteomes/capsicum_annuum.longest.fa	Non-metazoan Eukaryota	4072
cataglyphis_hispanica_gca021464435v1rs	Cataglyphis hispanica	Insecta	/Users/kchan/lcr_invertebrate_study/data/proteomes/cataglyphis_hispanica_gca021464435v1rs.longest.fa	Metazoa	1086592
caulobacter_crescentus	Caulobacter crescentus	Bacteria	/Users/kchan/lcr_invertebrate_study/data/proteomes/caulobacter_crescentus.longest.fa	Bacteria	190650
caulobacter_vibrioides_cb15_gca_000006905	Caulobacter vibrioides CB15	Bacteria	/Users/kchan/lcr_invertebrate_study/data/proteomes/caulobacter_vibrioides_cb15_gca_000006905.longest.fa	Bacteria	190650
cavenderia_fasciculata_gca_000203815	Cavenderia fasciculata str. SH3	Amoebozoa	/Users/kchan/lcr_invertebrate_study/data/proteomes/cavenderia_fasciculata_gca_000203815.longest.fa	Non-metazoan Eukaryota	261658
cenarchaeum_symbiosum_a_gca_000200715	Cenarchaeum symbiosum A	Archaea	/Users/kchan/lcr_invertebrate_study/data/proteomes/cenarchaeum_symbiosum_a_gca_000200715.longest.fa	Archaea	414004
centruroides_sculpturatus_gca000671375v2	Centruroides sculpturatus	Chelicerata	/Users/kchan/lcr_invertebrate_study/data/proteomes/centruroides_sculpturatus_gca000671375v2.longest.fa	Metazoa	218467
ceratitis_capitata_gca000347755v4	Ceratitis capitata	Insecta	/Users/kchan/lcr_invertebrate_study/data/proteomes/ceratitis_capitata_gca000347755v4.longest.fa	Metazoa	7213
ceratodon_purpureus	Ceratodon purpureus	Viridiplantae	/Users/kchan/lcr_invertebrate_study/data/proteomes/ceratodon_purpureus.longest.fa	Non-metazoan Eukaryota	3225
ceratopteris_richardii	Ceratopteris richardii	Viridiplantae	/Users/kchan/lcr_invertebrate_study/data/proteomes/ceratopteris_richardii.longest.fa	Non-metazoan Eukaryota	49495
chamberlinius_hualienensis	Chamberlinius hualienensis	Myriapoda	/Users/kchan/lcr_invertebrate_study/data/proteomes/chamberlinius_hualienensis.longest.fa	Metazoa	1551368
chara_braunii	Chara braunii	Viridiplantae	/Users/kchan/lcr_invertebrate_study/data/proteomes/chara_braunii.longest.fa	Non-metazoan Eukaryota	69332
chelonus_insularis_gca013357705v1rs	Chelonus insularis	Insecta	/Users/kchan/lcr_invertebrate_study/data/proteomes/chelonus_insularis_gca013357705v1rs.longest.fa	Metazoa	460826
chenopodium_quinoa	Chenopodium quinoa	Viridiplantae	/Users/kchan/lcr_invertebrate_study/data/proteomes/chenopodium_quinoa.longest.fa	Non-metazoan Eukaryota	63459
cherax_quadricarinatus_gca038502225v1rs	Cherax quadricarinatus	Crustacea	/Users/kchan/lcr_invertebrate_study/data/proteomes/cherax_quadricarinatus_gca038502225v1rs.longest.fa	Metazoa	27406
chlamydia_trachomatis_d_uw_3_cx_gca_000008725	Chlamydia trachomatis D/UW-3/CX	Bacteria	/Users/kchan/lcr_invertebrate_study/data/proteomes/chlamydia_trachomatis_d_uw_3_cx_gca_000008725.longest.fa	Bacteria	272561
chlamydomonas_reinhardtii	Chlamydomonas reinhardtii	Chlorophyta	/Users/kchan/lcr_invertebrate_study/data/proteomes/chlamydomonas_reinhardtii.longest.fa	Non-metazoan Eukaryota	3055
chlorella_variabilis	Chlorella variabilis	Chlorophyta	/Users/kchan/lcr_invertebrate_study/data/proteomes/chlorella_variabilis.longest.fa	Non-metazoan Eukaryota	554065
chlorobaculum_tepidum_tls_gca_000006985	Chlorobaculum tepidum TLS	Bacteria	/Users/kchan/lcr_invertebrate_study/data/proteomes/chlorobaculum_tepidum_tls_gca_000006985.longest.fa	Bacteria	194439
chloroflexus_aurantiacus_j_10_fl_gca_000018865	Chloroflexus aurantiacus J-10-fl	Bacteria	/Users/kchan/lcr_invertebrate_study/data/proteomes/chloroflexus_aurantiacus_j_10_fl_gca_000018865.longest.fa	Bacteria	324602
chondrus_crispus	Chondrus crispus	Rhodophyta	/Users/kchan/lcr_invertebrate_study/data/proteomes/chondrus_crispus.longest.fa	Non-metazoan Eukaryota	2769
chroomonas_mesostigmatica_ccmp1168_gca_000286095	Chroomonas mesostigmatica CCMP1168	Cryptophyta	/Users/kchan/lcr_invertebrate_study/data/proteomes/chroomonas_mesostigmatica_ccmp1168_gca_000286095.longest.fa	Non-metazoan Eukaryota	1195612
chrysoperla_carnea_gca905475395v1rs	Chrysoperla carnea	Insecta	/Users/kchan/lcr_invertebrate_study/data/proteomes/chrysoperla_carnea_gca905475395v1rs.longest.fa	Metazoa	189513
cimex_lectularius	Cimex lectularius	Insecta	/Users/kchan/lcr_invertebrate_study/data/proteomes/cimex_lectularius.longest.fa	Metazoa	79782
cinnamomum_kanehirae	Cinnamomum micranthum f. kanehirae	Viridiplantae	/Users/kchan/lcr_invertebrate_study/data/proteomes/cinnamomum_kanehirae.longest.fa	Non-metazoan Eukaryota	337451
citrullus_lanatus	Citrullus lanatus	Viridiplantae	/Users/kchan/lcr_invertebrate_study/data/proteomes/citrullus_lanatus.longest.fa	Non-metazoan Eukaryota	3654
citrus_clementina	Citrus clementina	Viridiplantae	/Users/kchan/lcr_invertebrate_study/data/proteomes/citrus_clementina.longest.fa	Non-metazoan Eukaryota	85681
closterium_nies54	Closterium sp. NIES-54	Viridiplantae	/Users/kchan/lcr_invertebrate_study/data/proteomes/closterium_nies54.longest.fa	Non-metazoan Eukaryota	3014311
clostridioides_difficile	Clostridioides difficile	Bacteria	/Users/kchan/lcr_invertebrate_study/data/proteomes/clostridioides_difficile.longest.fa	Bacteria	272563
clytia_hemisphaerica_gca902728285	Clytia hemisphaerica	Cnidaria	/Users/kchan/lcr_invertebrate_study/data/proteomes/clytia_hemisphaerica_gca902728285.longest.fa	Metazoa	252671
coccomyxa_subellipsoidea	Coccomyxa subellipsoidea C-169	Chlorophyta	/Users/kchan/lcr_invertebrate_study/data/proteomes/coccomyxa_subellipsoidea.longest.fa	Non-metazoan Eukaryota	574566
coffea_canephora	Coffea canephora	Viridiplantae	/Users/kchan/lcr_invertebrate_study/data/proteomes/coffea_canephora.longest.fa	Non-metazoan Eukaryota	49390
contarinia_nasturtii_gca009176525v2rs	Contarinia nasturtii	Insecta	/Users/kchan/lcr_invertebrate_study/data/proteomes/contarinia_nasturtii_gca009176525v2rs.longest.fa	Metazoa	265458
convolutriloba_macropyga	Convolutriloba macropyga	Xenacoelomorpha	/Users/kchan/lcr_invertebrate_study/data/proteomes/convolutriloba_macropyga.longest.fa	Metazoa	536237
copidosoma_floridanum_gca000648655v2	Copidosoma floridanum	Insecta	/Users/kchan/lcr_invertebrate_study/data/proteomes/copidosoma_floridanum_gca000648655v2.longest.fa	Metazoa	29053
corchorus_capsularis	Corchorus capsularis	Viridiplantae	/Users/kchan/lcr_invertebrate_study/data/proteomes/corchorus_capsularis.longest.fa	Non-metazoan Eukaryota	210143
coremacera_marginata_gca914767935v1	Coremacera marginata	Insecta	/Users/kchan/lcr_invertebrate_study/data/proteomes/coremacera_marginata_gca914767935v1.longest.fa	Metazoa	1226616
corylus_avellana	Corylus avellana	Viridiplantae	/Users/kchan/lcr_invertebrate_study/data/proteomes/corylus_avellana.longest.fa	Non-metazoan Eukaryota	13451
corymbia_citriodora	Corymbia citriodora	Viridiplantae	/Users/kchan/lcr_invertebrate_study/data/proteomes/corymbia_citriodora.longest.fa	Non-metazoan Eukaryota	360336
cotesia_glomerata_gca020080835v1	Cotesia glomerata	Insecta	/Users/kchan/lcr_invertebrate_study/data/proteomes/cotesia_glomerata_gca020080835v1.longest.fa	Metazoa	32391
coxiella_burnetii_rsa_493_gca_000007765	Coxiella burnetii RSA 493	Bacteria	/Users/kchan/lcr_invertebrate_study/data/proteomes/coxiella_burnetii_rsa_493_gca_000007765.longest.fa	Bacteria	227377
crassostrea_angulata_gca025612915v2rs	Crassostrea angulata	Mollusca	/Users/kchan/lcr_invertebrate_study/data/proteomes/crassostrea_angulata_gca025612915v2rs.longest.fa	Metazoa	2784310
crassostrea_virginica_gca002022765v4	Crassostrea virginica	Mollusca	/Users/kchan/lcr_invertebrate_study/data/proteomes/crassostrea_virginica_gca002022765v4.longest.fa	Metazoa	6565
cryptococcus_neoformans	Cryptococcus neoformans	Fungi	/Users/kchan/lcr_invertebrate_study/data/proteomes/cryptococcus_neoformans.longest.fa	Non-metazoan Eukaryota	235443
cryptomeria_japonica	Cryptomeria japonica	Viridiplantae	/Users/kchan/lcr_invertebrate_study/data/proteomes/cryptomeria_japonica.longest.fa	Non-metazoan Eukaryota	3369
cryptomonas_paramecium_gca_000194455	Cryptomonas paramecium str. CCAP977/2A	Cryptophyta	/Users/kchan/lcr_invertebrate_study/data/proteomes/cryptomonas_paramecium_gca_000194455.longest.fa	Non-metazoan Eukaryota	2898
cryptosporidium_andersoni_gca_001865355	Cryptosporidium andersoni	Apicomplexa	/Users/kchan/lcr_invertebrate_study/data/proteomes/cryptosporidium_andersoni_gca_001865355.longest.fa	Non-metazoan Eukaryota	117008
cryptosporidium_meleagridis_gca_001593445	Cryptosporidium meleagridis str. UKMEL1	Apicomplexa	/Users/kchan/lcr_invertebrate_study/data/proteomes/cryptosporidium_meleagridis_gca_001593445.longest.fa	Non-metazoan Eukaryota	93969
cryptosporidium_muris_rn66_gca_000006515	Cryptosporidium muris RN66	Apicomplexa	/Users/kchan/lcr_invertebrate_study/data/proteomes/cryptosporidium_muris_rn66_gca_000006515.longest.fa	Non-metazoan Eukaryota	441375
cryptosporidium_parvum_iowa_ii_gca_000165345	Cryptosporidium parvum Iowa II	Apicomplexa	/Users/kchan/lcr_invertebrate_study/data/proteomes/cryptosporidium_parvum_iowa_ii_gca_000165345.longest.fa	Non-metazoan Eukaryota	353152
cryptosporidium_ubiquitum_gca_001865345	Cryptosporidium ubiquitum	Apicomplexa	/Users/kchan/lcr_invertebrate_study/data/proteomes/cryptosporidium_ubiquitum_gca_001865345.longest.fa	Non-metazoan Eukaryota	857276
cryptotermes_secundus_gca002891405v2rs	Cryptotermes secundus	Insecta	/Users/kchan/lcr_invertebrate_study/data/proteomes/cryptotermes_secundus_gca002891405v2rs.longest.fa	Metazoa	105785
ctenocephalides_felis_gca003426905v1rs	Ctenocephalides felis	Insecta	/Users/kchan/lcr_invertebrate_study/data/proteomes/ctenocephalides_felis_gca003426905v1rs.longest.fa	Metazoa	7515
cucumis_melo	Cucumis melo	Viridiplantae	/Users/kchan/lcr_invertebrate_study/data/proteomes/cucumis_melo.longest.fa	Non-metazoan Eukaryota	3656
cucumis_sativus	Cucumis sativus	Viridiplantae	/Users/kchan/lcr_invertebrate_study/data/proteomes/cucumis_sativus.longest.fa	Non-metazoan Eukaryota	3659
culex_pipiens_gca016801865v2rs	Culex pipiens pallens	Insecta	/Users/kchan/lcr_invertebrate_study/data/proteomes/culex_pipiens_gca016801865v2rs.longest.fa	Metazoa	42434
culex_quinquefasciatus_gca015732765v1vb	Culex quinquefasciatus	Insecta	/Users/kchan/lcr_invertebrate_study/data/proteomes/culex_quinquefasciatus_gca015732765v1vb.longest.fa	Metazoa	7176
culicoides_brevitarsis_gca036172545v1rs	Culicoides brevitarsis	Insecta	/Users/kchan/lcr_invertebrate_study/data/proteomes/culicoides_brevitarsis_gca036172545v1rs.longest.fa	Metazoa	469753
culicoides_sonorensis	Culicoides sonorensis	Insecta	/Users/kchan/lcr_invertebrate_study/data/proteomes/culicoides_sonorensis.longest.fa	Metazoa	179676
cutibacterium_acnes_kpa171202_gca_000008345	Cutibacterium acnes KPA171202	Bacteria	/Users/kchan/lcr_invertebrate_study/data/proteomes/cutibacterium_acnes_kpa171202_gca_000008345.longest.fa	Bacteria	267747
cyanidioschyzon_merolae	Cyanidioschyzon merolae	Rhodophyta	/Users/kchan/lcr_invertebrate_study/data/proteomes/cyanidioschyzon_merolae.longest.fa	Non-metazoan Eukaryota	280699
cyclospora_cayetanensis_gca_000769155	Cyclospora cayetanensis str. CHN_HEN01	Apicomplexa	/Users/kchan/lcr_invertebrate_study/data/proteomes/cyclospora_cayetanensis_gca_000769155.longest.fa	Non-metazoan Eukaryota	88456
cydia_pomonella_gca033807575v1rs	Cydia pomonella	Insecta	/Users/kchan/lcr_invertebrate_study/data/proteomes/cydia_pomonella_gca033807575v1rs.longest.fa	Metazoa	82600
cylas_formicarius_gca029955315v1rs	Cylas formicarius	Insecta	/Users/kchan/lcr_invertebrate_study/data/proteomes/cylas_formicarius_gca029955315v1rs.longest.fa	Metazoa	197179
cynara_cardunculus_gca001531365v2gb	Cynara cardunculus Scolymus	Viridiplantae	/Users/kchan/lcr_invertebrate_study/data/proteomes/cynara_cardunculus_gca001531365v2gb.longest.fa	Non-metazoan Eukaryota	59895
cystoisospora_suis_gca_002600585	Cystoisospora suis str. Wien I	Apicomplexa	/Users/kchan/lcr_invertebrate_study/data/proteomes/cystoisospora_suis_gca_002600585.longest.fa	Non-metazoan Eukaryota	483139
daktulosphaira_vitifoliae_gca025091365v1rs	Daktulosphaira vitifoliae	Insecta	/Users/kchan/lcr_invertebrate_study/data/proteomes/daktulosphaira_vitifoliae_gca025091365v1rs.longest.fa	Metazoa	58002
danaus_plexippus	Danaus plexippus	Insecta	/Users/kchan/lcr_invertebrate_study/data/proteomes/danaus_plexippus.longest.fa		
danaus_plexippus_gca018135715v1	Danaus plexippus	Insecta	/Users/kchan/lcr_invertebrate_study/data/proteomes/danaus_plexippus_gca018135715v1.longest.fa	Metazoa	13037
daphnia_carinata_gca022539665v4rs	Daphnia carinata	Crustacea	/Users/kchan/lcr_invertebrate_study/data/proteomes/daphnia_carinata_gca022539665v4rs.longest.fa	Metazoa	120202
daphnia_magna_gca020631705v2	Daphnia magna	Crustacea	/Users/kchan/lcr_invertebrate_study/data/proteomes/daphnia_magna_gca020631705v2.longest.fa	Metazoa	35525
daphnia_pulex_gca021134715v1rs	Daphnia pulex	Crustacea	/Users/kchan/lcr_invertebrate_study/data/proteomes/daphnia_pulex_gca021134715v1rs.longest.fa	Metazoa	6669
daphnia_pulicaria_gca021234035v2rs	Daphnia pulicaria	Crustacea	/Users/kchan/lcr_invertebrate_study/data/proteomes/daphnia_pulicaria_gca021234035v2rs.longest.fa	Metazoa	35523
daucus_carota	Daucus carota	Viridiplantae	/Users/kchan/lcr_invertebrate_study/data/proteomes/daucus_carota.longest.fa	Non-metazoan Eukaryota	79200
deinococcus_radiodurans	Deinococcus radiodurans	Bacteria	/Users/kchan/lcr_invertebrate_study/data/proteomes/deinococcus_radiodurans.longest.fa	Bacteria	243230
dendroctonus_ponderosae_gca020466585v2rs	Dendroctonus ponderosae	Insecta	/Users/kchan/lcr_invertebrate_study/data/proteomes/dendroctonus_ponderosae_gca020466585v2rs.longest.fa	Metazoa	77166
dendronephthya_gigantea_gca004324835v1	Dendronephthya gigantea	Cnidaria	/Users/kchan/lcr_invertebrate_study/data/proteomes/dendronephthya_gigantea_gca004324835v1.longest.fa	Metazoa	151771
dermacentor_andersoni_gca023375885v2rs	Dermacentor andersoni	Chelicerata	/Users/kchan/lcr_invertebrate_study/data/proteomes/dermacentor_andersoni_gca023375885v2rs.longest.fa	Metazoa	34620
dermacentor_silvarum_gca013339745v2rs	Dermacentor silvarum	Chelicerata	/Users/kchan/lcr_invertebrate_study/data/proteomes/dermacentor_silvarum_gca013339745v2rs.longest.fa	Metazoa	543639
dermatophagoides_pteronyssinus_gca001901225v2	Dermatophagoides pteronyssinus	Chelicerata	/Users/kchan/lcr_invertebrate_study/data/proteomes/dermatophagoides_pteronyssinus_gca001901225v2.longest.fa	Metazoa	6956
desulfovibrio_vulgaris_str_hildenborough_gca_000195755	Desulfovibrio vulgaris str. Hildenborough	Bacteria	/Users/kchan/lcr_invertebrate_study/data/proteomes/desulfovibrio_vulgaris_str_hildenborough_gca_000195755.longest.fa	Bacteria	882
diabrotica_virgifera_gca917563875v2rs	Diabrotica virgifera virgifera	Insecta	/Users/kchan/lcr_invertebrate_study/data/proteomes/diabrotica_virgifera_gca917563875v2rs.longest.fa	Metazoa	50390
diaphorina_citri_gca000475195v1rs	Diaphorina citri	Insecta	/Users/kchan/lcr_invertebrate_study/data/proteomes/diaphorina_citri_gca000475195v1rs.longest.fa	Metazoa	121845
dictyoglomus_turgidum_dsm_6724_gca_000021645	Dictyoglomus turgidum DSM 6724	Bacteria	/Users/kchan/lcr_invertebrate_study/data/proteomes/dictyoglomus_turgidum_dsm_6724_gca_000021645.longest.fa	Bacteria	515635
dictyostelium_discoideum	Dictyostelium discoideum	Amoebozoa	/Users/kchan/lcr_invertebrate_study/data/proteomes/dictyostelium_discoideum.longest.fa	Non-metazoan Eukaryota	44689
dictyostelium_purpureum_gca_000190715	Dictyostelium purpureum str. QSDP1	Amoebozoa	/Users/kchan/lcr_invertebrate_study/data/proteomes/dictyostelium_purpureum_gca_000190715.longest.fa	Non-metazoan Eukaryota	5786
digitaria_exilis	Digitaria exilis	Viridiplantae	/Users/kchan/lcr_invertebrate_study/data/proteomes/digitaria_exilis.longest.fa	Non-metazoan Eukaryota	1010633
dimorphilus_gyrociliatus_gca904063045v1	Dimorphilus gyrociliatus	Annelida	/Users/kchan/lcr_invertebrate_study/data/proteomes/dimorphilus_gyrociliatus_gca904063045v1.longest.fa	Metazoa	2664684
dinothrombium_tinctorium	Dinothrombium tinctorium	Chelicerata	/Users/kchan/lcr_invertebrate_study/data/proteomes/dinothrombium_tinctorium.longest.fa	Metazoa	1965070
diorhabda_carinulata_gca026250575v1rs	Diorhabda carinulata	Insecta	/Users/kchan/lcr_invertebrate_study/data/proteomes/diorhabda_carinulata_gca026250575v1rs.longest.fa	Metazoa	1163345
diorhabda_sublineata_gca026230105v1rs	Diorhabda sublineata	Insecta	/Users/kchan/lcr_invertebrate_study/data/proteomes/diorhabda_sublineata_gca026230105v1rs.longest.fa	Metazoa	1163346
dioscorea_rotundata	Dioscorea rotundata	Viridiplantae	/Users/kchan/lcr_invertebrate_study/data/proteomes/dioscorea_rotundata.longest.fa	Non-metazoan Eukaryota	55577
diphasiastrum_complanatum	Diphasiastrum complanatum	Viridiplantae	/Users/kchan/lcr_invertebrate_study/data/proteomes/diphasiastrum_complanatum.longest.fa	Non-metazoan Eukaryota	34168
diuraphis_noxia_gca001186385v1	Diuraphis noxia	Insecta	/Users/kchan/lcr_invertebrate_study/data/proteomes/diuraphis_noxia_gca001186385v1.longest.fa	Metazoa	143948
dreissena_polymorpha_gca020536995v1rs	Dreissena polymorpha	Mollusca	/Users/kchan/lcr_invertebrate_study/data/proteomes/dreissena_polymorpha_gca020536995v1rs.longest.fa	Metazoa	45954
drosophila_albomicans_gca009650485v2rs	Drosophila albomicans	Insecta	/Users/kchan/lcr_invertebrate_study/data/proteomes/drosophila_albomicans_gca009650485v2rs.longest.fa	Metazoa	7291
drosophila_ananassae_gca017639315v2rs	Drosophila ananassae	Insecta	/Users/kchan/lcr_invertebrate_study/data/proteomes/drosophila_ananassae_gca017639315v2rs.longest.fa	Metazoa	7217
drosophila_arizonae_gca001654025v1rs	Drosophila arizonae	Insecta	/Users/kchan/lcr_invertebrate_study/data/proteomes/drosophila_arizonae_gca001654025v1rs.longest.fa	Metazoa	7263
drosophila_biarmipes_gca025231255v1rs	Drosophila biarmipes	Insecta	/Users/kchan/lcr_invertebrate_study/data/proteomes/drosophila_biarmipes_gca025231255v1rs.longest.fa	Metazoa	125945
drosophila_bipectinata_gca030179905v2rs	Drosophila bipectinata	Insecta	/Users/kchan/lcr_invertebrate_study/data/proteomes/drosophila_bipectinata_gca030179905v2rs.longest.fa	Metazoa	42026
drosophila_busckii_gca011750605v1rs	Drosophila busckii	Insecta	/Users/kchan/lcr_invertebrate_study/data/proteomes/drosophila_busckii_gca011750605v1rs.longest.fa	Metazoa	30019
drosophila_elegans_gca018152505v1rs	Drosophila elegans	Insecta	/Users/kchan/lcr_invertebrate_study/data/proteomes/drosophila_elegans_gca018152505v1rs.longest.fa	Metazoa	30023
drosophila_erecta_gca003286155v2rs	Drosophila erecta	Insecta	/Users/kchan/lcr_invertebrate_study/data/proteomes/drosophila_erecta_gca003286155v2rs.longest.fa	Metazoa	7220
drosophila_eugracilis_gca018153835v1rs	Drosophila eugracilis	Insecta	/Users/kchan/lcr_invertebrate_study/data/proteomes/drosophila_eugracilis_gca018153835v1rs.longest.fa	Metazoa	29029
drosophila_ficusphila_gca018152265v1rs	Drosophila ficusphila	Insecta	/Users/kchan/lcr_invertebrate_study/data/proteomes/drosophila_ficusphila_gca018152265v1rs.longest.fa	Metazoa	30025
drosophila_grimshawi_gca018153295v1rs	Drosophila grimshawi	Insecta	/Users/kchan/lcr_invertebrate_study/data/proteomes/drosophila_grimshawi_gca018153295v1rs.longest.fa	Metazoa	7222
drosophila_guanche_gca900245975v1rs	Drosophila guanche	Insecta	/Users/kchan/lcr_invertebrate_study/data/proteomes/drosophila_guanche_gca900245975v1rs.longest.fa	Metazoa	7266
drosophila_gunungcola_gca025200985v1rs	Drosophila gunungcola	Insecta	/Users/kchan/lcr_invertebrate_study/data/proteomes/drosophila_gunungcola_gca025200985v1rs.longest.fa	Metazoa	103775
drosophila_hydei_gca003285905v2rs	Drosophila hydei	Insecta	/Users/kchan/lcr_invertebrate_study/data/proteomes/drosophila_hydei_gca003285905v2rs.longest.fa	Metazoa	7224
drosophila_innubila_gca004354385v1rs	Drosophila innubila	Insecta	/Users/kchan/lcr_invertebrate_study/data/proteomes/drosophila_innubila_gca004354385v1rs.longest.fa	Metazoa	198719
drosophila_kikkawai_gca030179895v2rs	Drosophila kikkawai	Insecta	/Users/kchan/lcr_invertebrate_study/data/proteomes/drosophila_kikkawai_gca030179895v2rs.longest.fa	Metazoa	30033
drosophila_mauritiana_gca004382145v1rs	Drosophila mauritiana	Insecta	/Users/kchan/lcr_invertebrate_study/data/proteomes/drosophila_mauritiana_gca004382145v1rs.longest.fa	Metazoa	7226
drosophila_melanogaster	Drosophila melanogaster	Insecta	/Users/kchan/lcr_invertebrate_study/data/proteomes/drosophila_melanogaster.longest.fa	Metazoa	7227
drosophila_miranda_gca003369915v2rs	Drosophila miranda	Insecta	/Users/kchan/lcr_invertebrate_study/data/proteomes/drosophila_miranda_gca003369915v2rs.longest.fa	Metazoa	7229
drosophila_mojavensis_gca018153725v1rs	Drosophila mojavensis	Insecta	/Users/kchan/lcr_invertebrate_study/data/proteomes/drosophila_mojavensis_gca018153725v1rs.longest.fa	Metazoa	7230
drosophila_montana_gca035044405v1rs	Drosophila montana	Insecta	/Users/kchan/lcr_invertebrate_study/data/proteomes/drosophila_montana_gca035044405v1rs.longest.fa	Metazoa	40370
drosophila_nasuta_gca023558535v2rs	Drosophila nasuta	Insecta	/Users/kchan/lcr_invertebrate_study/data/proteomes/drosophila_nasuta_gca023558535v2rs.longest.fa	Metazoa	42062
drosophila_navojoa_gca001654015v2rs	Drosophila navojoa	Insecta	/Users/kchan/lcr_invertebrate_study/data/proteomes/drosophila_navojoa_gca001654015v2rs.longest.fa	Metazoa	7232
drosophila_novamexicana_gca003285875v3rs	Drosophila novamexicana	Insecta	/Users/kchan/lcr_invertebrate_study/data/proteomes/drosophila_novamexicana_gca003285875v3rs.longest.fa	Metazoa	47314
drosophila_obscura_gca018151105v1rs	Drosophila obscura	Insecta	/Users/kchan/lcr_invertebrate_study/data/proteomes/drosophila_obscura_gca018151105v1rs.longest.fa	Metazoa	7282
drosophila_persimilis_gca003286085v2rs	Drosophila persimilis	Insecta	/Users/kchan/lcr_invertebrate_study/data/proteomes/drosophila_persimilis_gca003286085v2rs.longest.fa	Metazoa	7234
drosophila_pseudoobscura_gca009870125v2rs	Drosophila pseudoobscura	Insecta	/Users/kchan/lcr_invertebrate_study/data/proteomes/drosophila_pseudoobscura_gca009870125v2rs.longest.fa	Metazoa	7237
drosophila_rhopaloa_gca018152115v1rs	Drosophila rhopaloa	Insecta	/Users/kchan/lcr_invertebrate_study/data/proteomes/drosophila_rhopaloa_gca018152115v1rs.longest.fa	Metazoa	1041015
drosophila_santomea_gca016746245v2rs	Drosophila santomea	Insecta	/Users/kchan/lcr_invertebrate_study/data/proteomes/drosophila_santomea_gca016746245v2rs.longest.fa	Metazoa	129105
drosophila_sechellia_gca004382195v2rs	Drosophila sechellia	Insecta	/Users/kchan/lcr_invertebrate_study/data/proteomes/drosophila_sechellia_gca004382195v2rs.longest.fa	Metazoa	7238
drosophila_serrata_gca002093755v2rs	Drosophila serrata	Insecta	/Users/kchan/lcr_invertebrate_study/data/proteomes/drosophila_serrata_gca002093755v2rs.longest.fa	Metazoa	7274
drosophila_simulans_gca016746395v2rs	Drosophila simulans	Insecta	/Users/kchan/lcr_invertebrate_study/data/proteomes/drosophila_simulans_gca016746395v2rs.longest.fa	Metazoa	7240
drosophila_subobscura_gca008121235v1rs	Drosophila subobscura	Insecta	/Users/kchan/lcr_invertebrate_study/data/proteomes/drosophila_subobscura_gca008121235v1rs.longest.fa	Metazoa	7241
drosophila_subpulchrella_gca014743375v2rs	Drosophila subpulchrella	Insecta	/Users/kchan/lcr_invertebrate_study/data/proteomes/drosophila_subpulchrella_gca014743375v2rs.longest.fa	Metazoa	1486046
drosophila_sulfurigaster_gca023558435v2rs	Drosophila sulfurigaster albostrigata	Insecta	/Users/kchan/lcr_invertebrate_study/data/proteomes/drosophila_sulfurigaster_gca023558435v2rs.longest.fa	Metazoa	89887
drosophila_suzukii_gca037355615v1rs	Drosophila suzukii	Insecta	/Users/kchan/lcr_invertebrate_study/data/proteomes/drosophila_suzukii_gca037355615v1rs.longest.fa	Metazoa	28584
drosophila_takahashii_gca030179915v2rs	Drosophila takahashii	Insecta	/Users/kchan/lcr_invertebrate_study/data/proteomes/drosophila_takahashii_gca030179915v2rs.longest.fa	Metazoa	29030
drosophila_teissieri_gca016746235v2rs	Drosophila teissieri	Insecta	/Users/kchan/lcr_invertebrate_study/data/proteomes/drosophila_teissieri_gca016746235v2rs.longest.fa	Metazoa	7243
drosophila_tropicalis_gca018151085v1rs	Drosophila tropicalis	Insecta	/Users/kchan/lcr_invertebrate_study/data/proteomes/drosophila_tropicalis_gca018151085v1rs.longest.fa	Metazoa	46794
drosophila_virilis_gca030788295v1rs	Drosophila virilis	Insecta	/Users/kchan/lcr_invertebrate_study/data/proteomes/drosophila_virilis_gca030788295v1rs.longest.fa	Metazoa	7244
drosophila_willistoni_gca018902025v2rs	Drosophila willistoni	Insecta	/Users/kchan/lcr_invertebrate_study/data/proteomes/drosophila_willistoni_gca018902025v2rs.longest.fa	Metazoa	7260
drosophila_yakuba_gca016746365v2rs	Drosophila yakuba	Insecta	/Users/kchan/lcr_invertebrate_study/data/proteomes/drosophila_yakuba_gca016746365v2rs.longest.fa	Metazoa	7245
dufourea_novaeangliae_gca001272555v1rs	Dufourea novaeangliae	Insecta	/Users/kchan/lcr_invertebrate_study/data/proteomes/dufourea_novaeangliae_gca001272555v1rs.longest.fa	Metazoa	178035
echinochloa_crusgalli	Echinochloa crus-galli	Viridiplantae	/Users/kchan/lcr_invertebrate_study/data/proteomes/echinochloa_crusgalli.longest.fa	Non-metazoan Eukaryota	90397
echinococcus_granulosus_gca000524195v1rs	Echinococcus granulosus	Platyhelminthes	/Users/kchan/lcr_invertebrate_study/data/proteomes/echinococcus_granulosus_gca000524195v1rs.longest.fa	Metazoa	6210
ectocarpus_siliculosus_gca_000310025	Ectocarpus siliculosus str. Ec 32	Protist	/Users/kchan/lcr_invertebrate_study/data/proteomes/ectocarpus_siliculosus_gca_000310025.longest.fa	Non-metazoan Eukaryota	2880
eimeria_acervulina_gca_000499425	Eimeria acervulina	Apicomplexa	/Users/kchan/lcr_invertebrate_study/data/proteomes/eimeria_acervulina_gca_000499425.longest.fa	Non-metazoan Eukaryota	5801
eimeria_brunetti_gca_000499725	Eimeria brunetti	Apicomplexa	/Users/kchan/lcr_invertebrate_study/data/proteomes/eimeria_brunetti_gca_000499725.longest.fa	Non-metazoan Eukaryota	51314
eimeria_maxima_gca_000499605	Eimeria maxima str. Weybridge	Apicomplexa	/Users/kchan/lcr_invertebrate_study/data/proteomes/eimeria_maxima_gca_000499605.longest.fa	Non-metazoan Eukaryota	5804
eimeria_mitis	Eimeria mitis	Apicomplexa	/Users/kchan/lcr_invertebrate_study/data/proteomes/eimeria_mitis.longest.fa	Non-metazoan Eukaryota	44415
eimeria_praecox_gca_000499445	Eimeria praecox	Apicomplexa	/Users/kchan/lcr_invertebrate_study/data/proteomes/eimeria_praecox_gca_000499445.longest.fa	Non-metazoan Eukaryota	51316
eimeria_tenella_gca_000499545	Eimeria tenella str. Houghton	Apicomplexa	/Users/kchan/lcr_invertebrate_study/data/proteomes/eimeria_tenella_gca_000499545.longest.fa	Non-metazoan Eukaryota	5802
emiliania_huxleyi	Emiliania huxleyi	Haptophyta	/Users/kchan/lcr_invertebrate_study/data/proteomes/emiliania_huxleyi.longest.fa	Non-metazoan Eukaryota	280463
entamoeba_dispar_saw760_gca_000209125	Entamoeba dispar SAW760	Amoebozoa	/Users/kchan/lcr_invertebrate_study/data/proteomes/entamoeba_dispar_saw760_gca_000209125.longest.fa	Non-metazoan Eukaryota	370354
entamoeba_histolytica	Entamoeba histolytica	Amoebozoa	/Users/kchan/lcr_invertebrate_study/data/proteomes/entamoeba_histolytica.longest.fa	Non-metazoan Eukaryota	294381
entamoeba_invadens_ip1_gca_000330505	Entamoeba invadens IP1	Amoebozoa	/Users/kchan/lcr_invertebrate_study/data/proteomes/entamoeba_invadens_ip1_gca_000330505.longest.fa	Non-metazoan Eukaryota	370355
entamoeba_nuttalli_p19_gca_000257125	Entamoeba nuttalli P19	Amoebozoa	/Users/kchan/lcr_invertebrate_study/data/proteomes/entamoeba_nuttalli_p19_gca_000257125.longest.fa	Non-metazoan Eukaryota	1076696
enterobacter_cloacae_subsp_cloacae_atcc_13047_gca_000025565	Enterobacter cloacae subsp. cloacae ATCC 13047	Bacteria	/Users/kchan/lcr_invertebrate_study/data/proteomes/enterobacter_cloacae_subsp_cloacae_atcc_13047_gca_000025565.longest.fa	Bacteria	716541
enterococcus_faecalis_v583_gca_000007785	Enterococcus faecalis V583	Bacteria	/Users/kchan/lcr_invertebrate_study/data/proteomes/enterococcus_faecalis_v583_gca_000007785.longest.fa	Bacteria	226185
ephydatia_muelleri	Ephydatia muelleri	Porifera	/Users/kchan/lcr_invertebrate_study/data/proteomes/ephydatia_muelleri.longest.fa	Metazoa	6052
eragrostis_curvula	Eragrostis curvula	Viridiplantae	/Users/kchan/lcr_invertebrate_study/data/proteomes/eragrostis_curvula.longest.fa	Non-metazoan Eukaryota	38414
eragrostis_tef	Eragrostis tef	Viridiplantae	/Users/kchan/lcr_invertebrate_study/data/proteomes/eragrostis_tef.longest.fa	Non-metazoan Eukaryota	110835
eriocheir_sinensis_gca024679095v1rs	Eriocheir sinensis	Crustacea	/Users/kchan/lcr_invertebrate_study/data/proteomes/eriocheir_sinensis_gca024679095v1rs.longest.fa	Metazoa	95602
escherichia_coli_k12	Escherichia coli K12	Bacteria	/Users/kchan/lcr_invertebrate_study/data/proteomes/escherichia_coli_k12.longest.fa	Bacteria	83333
eucalyptus_grandis	Eucalyptus grandis	Viridiplantae	/Users/kchan/lcr_invertebrate_study/data/proteomes/eucalyptus_grandis.longest.fa	Non-metazoan Eukaryota	71139
eufriesea_mexicana_gca001483705v2rs	Eufriesea mexicana	Insecta	/Users/kchan/lcr_invertebrate_study/data/proteomes/eufriesea_mexicana_gca001483705v2rs.longest.fa	Metazoa	516756
eurytemora_carolleeae_gca000591075v1rs	Eurytemora carolleeae	Crustacea	/Users/kchan/lcr_invertebrate_study/data/proteomes/eurytemora_carolleeae_gca000591075v1rs.longest.fa	Metazoa	1294199
eutrema_salsugineum	Eutrema salsugineum	Viridiplantae	/Users/kchan/lcr_invertebrate_study/data/proteomes/eutrema_salsugineum.longest.fa	Non-metazoan Eukaryota	72664
exaiptasia_diaphana_gca001417965v1	Exaiptasia diaphana	Cnidaria	/Users/kchan/lcr_invertebrate_study/data/proteomes/exaiptasia_diaphana_gca001417965v1.longest.fa	Metazoa	2652724
ficus_carica	Ficus carica	Viridiplantae	/Users/kchan/lcr_invertebrate_study/data/proteomes/ficus_carica.longest.fa	Non-metazoan Eukaryota	3494
flavobacterium_psychrophilum_jip02_86_gca_000064305	Flavobacterium psychrophilum JIP02/86	Bacteria	/Users/kchan/lcr_invertebrate_study/data/proteomes/flavobacterium_psychrophilum_jip02_86_gca_000064305.longest.fa	Bacteria	402612
folsomia_candida	Folsomia candida	Collembola	/Users/kchan/lcr_invertebrate_study/data/proteomes/folsomia_candida.longest.fa	Metazoa	158441
fonticula_alba_gca_000388065	Fonticula alba str. ATCC 38817	Protist	/Users/kchan/lcr_invertebrate_study/data/proteomes/fonticula_alba_gca_000388065.longest.fa	Non-metazoan Eukaryota	691883
fragilariopsis_cylindrus_ccmp1102_gca_001750085	Fragilariopsis cylindrus CCMP1102	Bacillariophyta	/Users/kchan/lcr_invertebrate_study/data/proteomes/fragilariopsis_cylindrus_ccmp1102_gca_001750085.longest.fa	Non-metazoan Eukaryota	635003
francisella_tularensis_subsp_tularensis_schu_s4_gca_000008985	Francisella tularensis subsp. tularensis SCHU S4 str. Schu S4	Bacteria	/Users/kchan/lcr_invertebrate_study/data/proteomes/francisella_tularensis_subsp_tularensis_schu_s4_gca_000008985.longest.fa	Bacteria	177416
fraxinus_excelsior	Fraxinus excelsior	Viridiplantae	/Users/kchan/lcr_invertebrate_study/data/proteomes/fraxinus_excelsior.longest.fa	Non-metazoan Eukaryota	38873
fusobacterium_nucleatum_subsp_nucleatum_atcc_25586_gca_000007325	Fusobacterium nucleatum subsp. nucleatum ATCC 25586	Bacteria	/Users/kchan/lcr_invertebrate_study/data/proteomes/fusobacterium_nucleatum_subsp_nucleatum_atcc_25586_gca_000007325.longest.fa	Bacteria	190304
galdieria_sulphuraria	Galdieria sulphuraria	Rhodophyta	/Users/kchan/lcr_invertebrate_study/data/proteomes/galdieria_sulphuraria.longest.fa	Non-metazoan Eukaryota	130081
galendromus_occidentalis_gca000255335v2rs	Galendromus occidentalis	Chelicerata	/Users/kchan/lcr_invertebrate_study/data/proteomes/galendromus_occidentalis_gca000255335v2rs.longest.fa	Metazoa	34638
gardnerella_vaginalis_0288e_gca_000263555	Gardnerella vaginalis 0288E	Bacteria	/Users/kchan/lcr_invertebrate_study/data/proteomes/gardnerella_vaginalis_0288e_gca_000263555.longest.fa	Bacteria	698952
geobacter_sulfurreducens_pca_gca_000007985	Geobacter sulfurreducens PCA	Bacteria	/Users/kchan/lcr_invertebrate_study/data/proteomes/geobacter_sulfurreducens_pca_gca_000007985.longest.fa	Bacteria	243231
giardia_intestinalis	Giardia intestinalis	Metamonada	/Users/kchan/lcr_invertebrate_study/data/proteomes/giardia_intestinalis.longest.fa	Non-metazoan Eukaryota	5741
giardia_intestinalis_atcc_50581_gca_000182405	Giardia duodenalis ATCC 50581	Metamonada	/Users/kchan/lcr_invertebrate_study/data/proteomes/giardia_intestinalis_atcc_50581_gca_000182405.longest.fa	Non-metazoan Eukaryota	598745
giardia_lamblia_p15_gca_000182665	Giardia lamblia P15	Metamonada	/Users/kchan/lcr_invertebrate_study/data/proteomes/giardia_lamblia_p15_gca_000182665.longest.fa	Non-metazoan Eukaryota	658858
gigantopelta_aegis_gca016097555v1	Gigantopelta aegis	Mollusca	/Users/kchan/lcr_invertebrate_study/data/proteomes/gigantopelta_aegis_gca016097555v1.longest.fa	Metazoa	1735272
globisporangium_ultimum	Globisporangium ultimum DAOM BR144	Oomycota	/Users/kchan/lcr_invertebrate_study/data/proteomes/globisporangium_ultimum.longest.fa	Non-metazoan Eukaryota	431595
gloeobacter_violaceus_pcc_7421_gca_000011385	Gloeobacter violaceus PCC 7421	Bacteria	/Users/kchan/lcr_invertebrate_study/data/proteomes/gloeobacter_violaceus_pcc_7421_gca_000011385.longest.fa	Bacteria	251221
glossina_austeni	Glossina austeni	Insecta	/Users/kchan/lcr_invertebrate_study/data/proteomes/glossina_austeni.longest.fa	Metazoa	7395
glossina_brevipalpis	Glossina brevipalpis	Insecta	/Users/kchan/lcr_invertebrate_study/data/proteomes/glossina_brevipalpis.longest.fa	Metazoa	37001
glossina_fuscipes	Glossina fuscipes	Insecta	/Users/kchan/lcr_invertebrate_study/data/proteomes/glossina_fuscipes.longest.fa	Metazoa	7396
glossina_morsitans	Glossina morsitans morsitans	Insecta	/Users/kchan/lcr_invertebrate_study/data/proteomes/glossina_morsitans.longest.fa	Metazoa	37546
glossina_pallidipes	Glossina pallidipes	Insecta	/Users/kchan/lcr_invertebrate_study/data/proteomes/glossina_pallidipes.longest.fa	Metazoa	7398
glossina_palpalis	Glossina palpalis gambiensis	Insecta	/Users/kchan/lcr_invertebrate_study/data/proteomes/glossina_palpalis.longest.fa	Metazoa	67801
glycine_max	Glycine max	Viridiplantae	/Users/kchan/lcr_invertebrate_study/data/proteomes/glycine_max.longest.fa	Non-metazoan Eukaryota	3847
glycine_soja	Glycine soja	Viridiplantae	/Users/kchan/lcr_invertebrate_study/data/proteomes/glycine_soja.longest.fa	Non-metazoan Eukaryota	3848
glyphotaelius_pellucidus_gca936435175v1	Glyphotaelius pellucidus	Insecta	/Users/kchan/lcr_invertebrate_study/data/proteomes/glyphotaelius_pellucidus_gca936435175v1.longest.fa	Metazoa	1271742
gordionus_sp_gca954871325v1rs	Gordionus sp. m RMFG-2023	Nematomorpha	/Users/kchan/lcr_invertebrate_study/data/proteomes/gordionus_sp_gca954871325v1rs.longest.fa	Metazoa	3053472
gossypium_raimondii_gca025698545v1rs	Gossypium raimondii GPD5lz	Viridiplantae	/Users/kchan/lcr_invertebrate_study/data/proteomes/gossypium_raimondii_gca025698545v1rs.longest.fa	Non-metazoan Eukaryota	29730
gregarina_niphandrodes_gca_000223845	Gregarina niphandrodes	Apicomplexa	/Users/kchan/lcr_invertebrate_study/data/proteomes/gregarina_niphandrodes_gca_000223845.longest.fa	Non-metazoan Eukaryota	110365
guillardia_theta	Guillardia theta CCMP2712	Cryptophyta	/Users/kchan/lcr_invertebrate_study/data/proteomes/guillardia_theta.longest.fa	Non-metazoan Eukaryota	905079
habropoda_laboriosa_gca001263275v1rs	Habropoda laboriosa	Insecta	/Users/kchan/lcr_invertebrate_study/data/proteomes/habropoda_laboriosa_gca001263275v1rs.longest.fa	Metazoa	597456
haemaphysalis_longicornis_gca013339765v2vb	Haemaphysalis longicornis	Chelicerata	/Users/kchan/lcr_invertebrate_study/data/proteomes/haemaphysalis_longicornis_gca013339765v2vb.longest.fa	Metazoa	44386
haemophilus_influenzae_rd_kw20_gca_000027305	Haemophilus influenzae Rd KW20	Bacteria	/Users/kchan/lcr_invertebrate_study/data/proteomes/haemophilus_influenzae_rd_kw20_gca_000027305.longest.fa	Bacteria	71421
halichondria_panicea_gca963675165v1rs	Halichondria panicea	Porifera	/Users/kchan/lcr_invertebrate_study/data/proteomes/halichondria_panicea_gca963675165v1rs.longest.fa	Metazoa	6063
haliotis_rubra_gca003918875v1rs	Haliotis rubra	Mollusca	/Users/kchan/lcr_invertebrate_study/data/proteomes/haliotis_rubra_gca003918875v1rs.longest.fa	Metazoa	36100
haliotis_rufescens_gca023055435v1rs	Haliotis rufescens	Mollusca	/Users/kchan/lcr_invertebrate_study/data/proteomes/haliotis_rufescens_gca023055435v1rs.longest.fa	Metazoa	6454
haloarcula_marismortui	Haloarcula marismortui	Archaea	/Users/kchan/lcr_invertebrate_study/data/proteomes/haloarcula_marismortui.longest.fa	Archaea	272569
halobacterium_salinarum	Halobacterium salinarum	Archaea	/Users/kchan/lcr_invertebrate_study/data/proteomes/halobacterium_salinarum.longest.fa	Archaea	64091
haloferax_volcanii_ds2_gca_000025685	Haloferax volcanii DS2	Archaea	/Users/kchan/lcr_invertebrate_study/data/proteomes/haloferax_volcanii_ds2_gca_000025685.longest.fa	Archaea	309800
halyomorpha_halys_gca000696795v3rs	Halyomorpha halys	Insecta	/Users/kchan/lcr_invertebrate_study/data/proteomes/halyomorpha_halys_gca000696795v3rs.longest.fa	Metazoa	286706
hammondia_hammondi_gca_000258005	Hammondia hammondi str. H.H.34	Apicomplexa	/Users/kchan/lcr_invertebrate_study/data/proteomes/hammondia_hammondi_gca_000258005.longest.fa	Non-metazoan Eukaryota	99158
harpegnathos_saltator_gca003227715v2rs	Harpegnathos saltator	Insecta	/Users/kchan/lcr_invertebrate_study/data/proteomes/harpegnathos_saltator_gca003227715v2rs.longest.fa	Metazoa	610380
helianthus_annuus	Helianthus annuus	Viridiplantae	/Users/kchan/lcr_invertebrate_study/data/proteomes/helianthus_annuus.longest.fa	Non-metazoan Eukaryota	4232
helicobacter_pylori_26695_gca_000008525	Helicobacter pylori 26695	Bacteria	/Users/kchan/lcr_invertebrate_study/data/proteomes/helicobacter_pylori_26695_gca_000008525.longest.fa	Bacteria	85962
heliconius_melpomene	Heliconius melpomene	Insecta	/Users/kchan/lcr_invertebrate_study/data/proteomes/heliconius_melpomene.longest.fa	Metazoa	34740
helicoverpa_armigera_gca030705265v1rs	Helicoverpa armigera	Insecta	/Users/kchan/lcr_invertebrate_study/data/proteomes/helicoverpa_armigera_gca030705265v1rs.longest.fa	Metazoa	29058
helicoverpa_zea_gca022581195v1rs	Helicoverpa zea	Insecta	/Users/kchan/lcr_invertebrate_study/data/proteomes/helicoverpa_zea_gca022581195v1rs.longest.fa	Metazoa	7113
helobdella_robusta	Helobdella robusta	Annelida	/Users/kchan/lcr_invertebrate_study/data/proteomes/helobdella_robusta.longest.fa	Metazoa	6412
hermetia_illucens_gca905115235v1	Hermetia illucens	Insecta	/Users/kchan/lcr_invertebrate_study/data/proteomes/hermetia_illucens_gca905115235v1.longest.fa	Metazoa	343691
hofstenia_miamia	Hofstenia miamia	Xenacoelomorpha	/Users/kchan/lcr_invertebrate_study/data/proteomes/hofstenia_miamia.longest.fa	Metazoa	442651
homalodisca_vitripennis_gca021130785v2rs	Homalodisca vitripennis	Insecta	/Users/kchan/lcr_invertebrate_study/data/proteomes/homalodisca_vitripennis_gca021130785v2rs.longest.fa	Metazoa	197043
homarus_americanus_gca018991925v1	Homarus americanus	Crustacea	/Users/kchan/lcr_invertebrate_study/data/proteomes/homarus_americanus_gca018991925v1.longest.fa	Metazoa	6706
homarus_gammarus_gca958450375v1	Homarus gammarus	Crustacea	/Users/kchan/lcr_invertebrate_study/data/proteomes/homarus_gammarus_gca958450375v1.longest.fa	Metazoa	6707
hondaea_fermentalgiana_gca_002897355	Hondaea fermentalgiana	Protist	/Users/kchan/lcr_invertebrate_study/data/proteomes/hondaea_fermentalgiana_gca_002897355.longest.fa	Non-metazoan Eukaryota	2315210
hordeum_vulgare_zdm02064	Hordeum vulgare ZDM02064	Viridiplantae	/Users/kchan/lcr_invertebrate_study/data/proteomes/hordeum_vulgare_zdm02064.longest.fa	Non-metazoan Eukaryota	4513
hyalella_azteca_gca000764305v4rs	Hyalella azteca	Crustacea	/Users/kchan/lcr_invertebrate_study/data/proteomes/hyalella_azteca_gca000764305v4rs.longest.fa	Metazoa	294128
hyalomma_asiaticum_gca013339685v2vb	Hyalomma asiaticum	Chelicerata	/Users/kchan/lcr_invertebrate_study/data/proteomes/hyalomma_asiaticum_gca013339685v2vb.longest.fa	Metazoa	266040
hyaloperonospora_arabidopsidis	Hyaloperonospora arabidopsidis	Oomycota	/Users/kchan/lcr_invertebrate_study/data/proteomes/hyaloperonospora_arabidopsidis.longest.fa	Non-metazoan Eukaryota	559515
hydra_vulgaris_gca038396675v1rs	Hydra vulgaris	Cnidaria	/Users/kchan/lcr_invertebrate_study/data/proteomes/hydra_vulgaris_gca038396675v1rs.longest.fa	Metazoa	6087
hydractinia_symbiolongicarpus_gca029227915v2rs	Hydractinia symbiolongicarpus	Cnidaria	/Users/kchan/lcr_invertebrate_study/data/proteomes/hydractinia_symbiolongicarpus_gca029227915v2rs.longest.fa	Metazoa	13093
hylaeus_anthracinus_gca026225885v1rs	Hylaeus anthracinus	Insecta	/Users/kchan/lcr_invertebrate_study/data/proteomes/hylaeus_anthracinus_gca026225885v1rs.longest.fa	Metazoa	313031
hylaeus_volcanicus_gca026283585v1rs	Hylaeus volcanicus	Insecta	/Users/kchan/lcr_invertebrate_study/data/proteomes/hylaeus_volcanicus_gca026283585v1rs.longest.fa	Metazoa	313075
hymenolepis_microstoma	Hymenolepis microstoma	Platyhelminthes	/Users/kchan/lcr_invertebrate_study/data/proteomes/hymenolepis_microstoma.longest.fa	Metazoa	85433
hyperthermus_butylicus_dsm_5456_gca_000015145	Hyperthermus butylicus DSM 5456	Archaea	/Users/kchan/lcr_invertebrate_study/data/proteomes/hyperthermus_butylicus_dsm_5456_gca_000015145.longest.fa	Archaea	415426
hypsibius_exemplaris_gca002082055v1	Hypsibius exemplaris	Tardigrada	/Users/kchan/lcr_invertebrate_study/data/proteomes/hypsibius_exemplaris_gca002082055v1.longest.fa	Metazoa	2072580
ichneumon_xanthorius_gca917499995v1	Ichneumon xanthorius	Insecta	/Users/kchan/lcr_invertebrate_study/data/proteomes/ichneumon_xanthorius_gca917499995v1.longest.fa	Metazoa	2795680
ichthyophthirius_multifiliis_gca_000220395	Ichthyophthirius multifiliis str. G5	Ciliophora	/Users/kchan/lcr_invertebrate_study/data/proteomes/ichthyophthirius_multifiliis_gca_000220395.longest.fa	Non-metazoan Eukaryota	5932
ipomoea_triloba	Ipomoea triloba	Viridiplantae	/Users/kchan/lcr_invertebrate_study/data/proteomes/ipomoea_triloba.longest.fa	Non-metazoan Eukaryota	35885
ischnura_elegans_gca921293095v1rs	Ischnura elegans	Insecta	/Users/kchan/lcr_invertebrate_study/data/proteomes/ischnura_elegans_gca921293095v1rs.longest.fa	Metazoa	197161
ixodes_persulcatus_gca013358835v2vb	Ixodes persulcatus	Chelicerata	/Users/kchan/lcr_invertebrate_study/data/proteomes/ixodes_persulcatus_gca013358835v2vb.longest.fa	Metazoa	34615
ixodes_scapularis_gca016920785v2	Ixodes scapularis	Chelicerata	/Users/kchan/lcr_invertebrate_study/data/proteomes/ixodes_scapularis_gca016920785v2.longest.fa	Metazoa	6945
ixodes_scapularis_ise6	Ixodes scapularis	Chelicerata	/Users/kchan/lcr_invertebrate_study/data/proteomes/ixodes_scapularis_ise6.longest.fa		
juglans_regia	Juglans regia	Viridiplantae	/Users/kchan/lcr_invertebrate_study/data/proteomes/juglans_regia.longest.fa	Non-metazoan Eukaryota	51240
kalanchoe_fedtschenkoi	Kalanchoe fedtschenkoi	Viridiplantae	/Users/kchan/lcr_invertebrate_study/data/proteomes/kalanchoe_fedtschenkoi.longest.fa	Non-metazoan Eukaryota	63787
kipferlia_bialata_gca_003568945	Kipferlia bialata	Metamonada	/Users/kchan/lcr_invertebrate_study/data/proteomes/kipferlia_bialata_gca_003568945.longest.fa	Non-metazoan Eukaryota	797122
klebsiella_pneumoniae_subsp_pneumoniae_mgh_78578_gca_000016305	Klebsiella pneumoniae subsp. pneumoniae MGH 78578	Bacteria	/Users/kchan/lcr_invertebrate_study/data/proteomes/klebsiella_pneumoniae_subsp_pneumoniae_mgh_78578_gca_000016305.longest.fa	Bacteria	272620
klebsormidium_nitens	Klebsormidium nitens	Viridiplantae	/Users/kchan/lcr_invertebrate_study/data/proteomes/klebsormidium_nitens.longest.fa	Non-metazoan Eukaryota	105231
lablab_purpureus_gca030347555v1cm	Lablab purpureus Natoba	Viridiplantae	/Users/kchan/lcr_invertebrate_study/data/proteomes/lablab_purpureus_gca030347555v1cm.longest.fa	Non-metazoan Eukaryota	35936
lactobacillus_plantarum_wcfs1_gca_000203855	Lactobacillus plantarum WCFS1	Bacteria	/Users/kchan/lcr_invertebrate_study/data/proteomes/lactobacillus_plantarum_wcfs1_gca_000203855.longest.fa	Bacteria	220668
lactococcus_lactis_subsp_lactis_il1403_gca_000006865	Lactococcus lactis subsp. lactis Il1403	Bacteria	/Users/kchan/lcr_invertebrate_study/data/proteomes/lactococcus_lactis_subsp_lactis_il1403_gca_000006865.longest.fa	Bacteria	272623
lactuca_sativa_gca002870075v4gb	Lactuca sativa Salinas	Viridiplantae	/Users/kchan/lcr_invertebrate_study/data/proteomes/lactuca_sativa_gca002870075v4gb.longest.fa	Non-metazoan Eukaryota	4236
lathyrus_sativus	Lathyrus sativus	Viridiplantae	/Users/kchan/lcr_invertebrate_study/data/proteomes/lathyrus_sativus.longest.fa	Non-metazoan Eukaryota	3860
leersia_perrieri	Leersia perrieri	Viridiplantae	/Users/kchan/lcr_invertebrate_study/data/proteomes/leersia_perrieri.longest.fa	Non-metazoan Eukaryota	77586
leguminivora_glycinivorella_gca023078275v1rs	Leguminivora glycinivorella	Insecta	/Users/kchan/lcr_invertebrate_study/data/proteomes/leguminivora_glycinivorella_gca023078275v1rs.longest.fa	Metazoa	1035111
leishmania_donovani_gca_000227135	Leishmania donovani str. BPK282A1	Euglenozoa	/Users/kchan/lcr_invertebrate_study/data/proteomes/leishmania_donovani_gca_000227135.longest.fa	Non-metazoan Eukaryota	5661
leishmania_infantum_gca_900500625	Leishmania infantum	Euglenozoa	/Users/kchan/lcr_invertebrate_study/data/proteomes/leishmania_infantum_gca_900500625.longest.fa	Non-metazoan Eukaryota	5671
leishmania_major	Leishmania major	Euglenozoa	/Users/kchan/lcr_invertebrate_study/data/proteomes/leishmania_major.longest.fa	Non-metazoan Eukaryota	347515
leishmania_panamensis_gca_000755165	Leishmania panamensis str. MHOM/PA/94/PSC-1	Euglenozoa	/Users/kchan/lcr_invertebrate_study/data/proteomes/leishmania_panamensis_gca_000755165.longest.fa	Non-metazoan Eukaryota	5679
lepeophtheirus_salmonis_gca016086655v5rs	Lepeophtheirus salmonis	Crustacea	/Users/kchan/lcr_invertebrate_study/data/proteomes/lepeophtheirus_salmonis_gca016086655v5rs.longest.fa	Metazoa	72036
leptinotarsa_decemlineata_gca000500325v2	Leptinotarsa decemlineata	Insecta	/Users/kchan/lcr_invertebrate_study/data/proteomes/leptinotarsa_decemlineata_gca000500325v2.longest.fa	Metazoa	7539
leptomonas_pyrrhocoris_gca_001293395	Leptomonas pyrrhocoris str. H10	Euglenozoa	/Users/kchan/lcr_invertebrate_study/data/proteomes/leptomonas_pyrrhocoris_gca_001293395.longest.fa	Non-metazoan Eukaryota	157538
leptomonas_seymouri_gca_001299535	Leptomonas seymouri str. ATCC 30220	Euglenozoa	/Users/kchan/lcr_invertebrate_study/data/proteomes/leptomonas_seymouri_gca_001299535.longest.fa	Non-metazoan Eukaryota	5684
leptospira_interrogans_serovar_lai_str_56601_gca_000092565	Leptospira interrogans serovar Lai str. 56601	Bacteria	/Users/kchan/lcr_invertebrate_study/data/proteomes/leptospira_interrogans_serovar_lai_str_56601_gca_000092565.longest.fa	Bacteria	189518
leptotrombidium_deliense_gca003675905v2gb	Leptotrombidium deliense	Chelicerata	/Users/kchan/lcr_invertebrate_study/data/proteomes/leptotrombidium_deliense_gca003675905v2gb.longest.fa	Metazoa	299467
leuconostoc_mesenteroides_subsp_mesenteroides_atcc_8293_gca_000014445	Leuconostoc mesenteroides subsp. mesenteroides ATCC 8293	Bacteria	/Users/kchan/lcr_invertebrate_study/data/proteomes/leuconostoc_mesenteroides_subsp_mesenteroides_atcc_8293_gca_000014445.longest.fa	Bacteria	203120
limnephilus_lunatus_gca917563855v2	Limnephilus lunatus	Insecta	/Users/kchan/lcr_invertebrate_study/data/proteomes/limnephilus_lunatus_gca917563855v2.longest.fa	Metazoa	1218281
limnephilus_marmoratus_gca917880885v1	Limnephilus marmoratus	Insecta	/Users/kchan/lcr_invertebrate_study/data/proteomes/limnephilus_marmoratus_gca917880885v1.longest.fa	Metazoa	1271730
limnephilus_rhombicus_gca929108145v2	Limnephilus rhombicus	Insecta	/Users/kchan/lcr_invertebrate_study/data/proteomes/limnephilus_rhombicus_gca929108145v2.longest.fa	Metazoa	692089
limnoperna_fortunei_gca944474755v1	Limnoperna fortunei	Mollusca	/Users/kchan/lcr_invertebrate_study/data/proteomes/limnoperna_fortunei_gca944474755v1.longest.fa	Metazoa	356393
limulus_polyphemus_gca000517525v1	Limulus polyphemus	Chelicerata	/Users/kchan/lcr_invertebrate_study/data/proteomes/limulus_polyphemus_gca000517525v1.longest.fa	Metazoa	6850
linepithema_humile_gca040581485v1rs	Linepithema humile	Insecta	/Users/kchan/lcr_invertebrate_study/data/proteomes/linepithema_humile_gca040581485v1rs.longest.fa	Metazoa	83485
lineus_longissimus_gca910592395v2	Lineus longissimus	Nemertea	/Users/kchan/lcr_invertebrate_study/data/proteomes/lineus_longissimus_gca910592395v2.longest.fa	Metazoa	88925
lingula_anatina_gca001039355v2	Lingula anatina	Brachiopoda	/Users/kchan/lcr_invertebrate_study/data/proteomes/lingula_anatina_gca001039355v2.longest.fa	Metazoa	7574
liolophura_japonica_gca032854445v1rs	Liolophura japonica	Mollusca	/Users/kchan/lcr_invertebrate_study/data/proteomes/liolophura_japonica_gca032854445v1rs.longest.fa	Metazoa	13599
listeria_monocytogenes_egd_e_gca_000196035	Listeria monocytogenes EGD-e	Bacteria	/Users/kchan/lcr_invertebrate_study/data/proteomes/listeria_monocytogenes_egd_e_gca_000196035.longest.fa	Bacteria	169963
loa_loa	Loa loa	Nematoda	/Users/kchan/lcr_invertebrate_study/data/proteomes/loa_loa.longest.fa	Metazoa	7209
lolium_perenne	Lolium perenne	Viridiplantae	/Users/kchan/lcr_invertebrate_study/data/proteomes/lolium_perenne.longest.fa	Non-metazoan Eukaryota	4522
lottia_gigantea	Lottia gigantea	Mollusca	/Users/kchan/lcr_invertebrate_study/data/proteomes/lottia_gigantea.longest.fa	Metazoa	225164
lucilia_cuprina_gca022045245v1rs	Lucilia cuprina	Insecta	/Users/kchan/lcr_invertebrate_study/data/proteomes/lucilia_cuprina_gca022045245v1rs.longest.fa	Metazoa	7375
lucilia_sericata_gca015586225v1rs	Lucilia sericata	Insecta	/Users/kchan/lcr_invertebrate_study/data/proteomes/lucilia_sericata_gca015586225v1rs.longest.fa	Metazoa	13632
lupinus_angustifolius	Lupinus angustifolius	Viridiplantae	/Users/kchan/lcr_invertebrate_study/data/proteomes/lupinus_angustifolius.longest.fa	Non-metazoan Eukaryota	3871
lutzomyia_longipalpis_gca024334085v1rs	Lutzomyia longipalpis	Insecta	/Users/kchan/lcr_invertebrate_study/data/proteomes/lutzomyia_longipalpis_gca024334085v1rs.longest.fa	Metazoa	7200
lysinibacillus_sphaericus_c3_41_gca_000017965	Lysinibacillus sphaericus C3-41	Bacteria	/Users/kchan/lcr_invertebrate_study/data/proteomes/lysinibacillus_sphaericus_c3_41_gca_000017965.longest.fa	Bacteria	444177
lytechinus_pictus_gca037042905v1rs	Lytechinus pictus	Echinodermata	/Users/kchan/lcr_invertebrate_study/data/proteomes/lytechinus_pictus_gca037042905v1rs.longest.fa	Metazoa	7653
lytechinus_variegatus_gca018143015v1	Lytechinus variegatus	Echinodermata	/Users/kchan/lcr_invertebrate_study/data/proteomes/lytechinus_variegatus_gca018143015v1.longest.fa	Metazoa	7654
machimus_atricapillus_gca933228815v1	Machimus atricapillus	Insecta	/Users/kchan/lcr_invertebrate_study/data/proteomes/machimus_atricapillus_gca933228815v1.longest.fa	Metazoa	2794001
macrobrachium_nipponense_gca015104395v2rs	Macrobrachium nipponense	Crustacea	/Users/kchan/lcr_invertebrate_study/data/proteomes/macrobrachium_nipponense_gca015104395v2rs.longest.fa	Metazoa	159736
macrosteles_quadrilineatus_gca028750875v1rs	Macrosteles quadrilineatus	Insecta	/Users/kchan/lcr_invertebrate_study/data/proteomes/macrosteles_quadrilineatus_gca028750875v1rs.longest.fa	Metazoa	74068
magallana_gigas_gca963853765v1rs	Magallana gigas	Mollusca	/Users/kchan/lcr_invertebrate_study/data/proteomes/magallana_gigas_gca963853765v1rs.longest.fa	Metazoa	29159
malaya_genurostris_gca030247185v2rs	Malaya genurostris	Insecta	/Users/kchan/lcr_invertebrate_study/data/proteomes/malaya_genurostris_gca030247185v2rs.longest.fa	Metazoa	325434
malus_domestica_golden	Malus domestica Golden	Viridiplantae	/Users/kchan/lcr_invertebrate_study/data/proteomes/malus_domestica_golden.longest.fa	Non-metazoan Eukaryota	3750
manduca_sexta_gca014839805v1rs	Manduca sexta	Insecta	/Users/kchan/lcr_invertebrate_study/data/proteomes/manduca_sexta_gca014839805v1rs.longest.fa	Metazoa	7130
manihot_esculenta	Manihot esculenta	Viridiplantae	/Users/kchan/lcr_invertebrate_study/data/proteomes/manihot_esculenta.longest.fa	Non-metazoan Eukaryota	3983
marchantia_polymorpha	Marchantia polymorpha	Viridiplantae	/Users/kchan/lcr_invertebrate_study/data/proteomes/marchantia_polymorpha.longest.fa	Non-metazoan Eukaryota	3197
mayetiola_destructor	Mayetiola destructor	Insecta	/Users/kchan/lcr_invertebrate_study/data/proteomes/mayetiola_destructor.longest.fa	Metazoa	39758
medicago_truncatula	Medicago truncatula	Viridiplantae	/Users/kchan/lcr_invertebrate_study/data/proteomes/medicago_truncatula.longest.fa	Non-metazoan Eukaryota	3880
megachile_rotundata_gca000220905v1rs	Megachile rotundata	Insecta	/Users/kchan/lcr_invertebrate_study/data/proteomes/megachile_rotundata_gca000220905v1rs.longest.fa	Metazoa	143995
megaselia_scalaris	Megaselia scalaris	Insecta	/Users/kchan/lcr_invertebrate_study/data/proteomes/megaselia_scalaris.longest.fa	Metazoa	36166
melanaphis_sacchari_gca002803265v2rs	Melanaphis sacchari	Insecta	/Users/kchan/lcr_invertebrate_study/data/proteomes/melanaphis_sacchari_gca002803265v2rs.longest.fa	Metazoa	742174
melitaea_cinxia_gca905220565v1	Melitaea cinxia	Insecta	/Users/kchan/lcr_invertebrate_study/data/proteomes/melitaea_cinxia_gca905220565v1.longest.fa	Metazoa	113334
mercenaria_mercenaria_gca021730395v1rs	Mercenaria mercenaria	Mollusca	/Users/kchan/lcr_invertebrate_study/data/proteomes/mercenaria_mercenaria_gca021730395v1rs.longest.fa	Metazoa	6596
mesoplasma_florum_l1_gca_000008305	Mesoplasma florum L1	Bacteria	/Users/kchan/lcr_invertebrate_study/data/proteomes/mesoplasma_florum_l1_gca_000008305.longest.fa	Bacteria	265311
methanobacterium_thermoautotrophicum	Methanobacterium thermoautotrophicum	Archaea	/Users/kchan/lcr_invertebrate_study/data/proteomes/methanobacterium_thermoautotrophicum.longest.fa	Archaea	187420
methanobrevibacter_smithii_atcc_35061_gca_000016525	Methanobrevibacter smithii ATCC 35061	Archaea	/Users/kchan/lcr_invertebrate_study/data/proteomes/methanobrevibacter_smithii_atcc_35061_gca_000016525.longest.fa	Archaea	420247
methanocaldococcus_jannaschii	Methanocaldococcus jannaschii	Archaea	/Users/kchan/lcr_invertebrate_study/data/proteomes/methanocaldococcus_jannaschii.longest.fa	Archaea	243232
methanococcus_maripaludis_s2_gca_000011585	Methanococcus maripaludis S2	Archaea	/Users/kchan/lcr_invertebrate_study/data/proteomes/methanococcus_maripaludis_s2_gca_000011585.longest.fa	Archaea	267377
methanopyrus_kandleri_av19_gca_000007185	Methanopyrus kandleri AV19	Archaea	/Users/kchan/lcr_invertebrate_study/data/proteomes/methanopyrus_kandleri_av19_gca_000007185.longest.fa	Archaea	190192
methanosarcina_acetivorans	Methanosarcina acetivorans	Archaea	/Users/kchan/lcr_invertebrate_study/data/proteomes/methanosarcina_acetivorans.longest.fa	Archaea	188937
methanospirillum_hungatei_jf_1_gca_000013445	Methanospirillum hungatei JF-1	Archaea	/Users/kchan/lcr_invertebrate_study/data/proteomes/methanospirillum_hungatei_jf_1_gca_000013445.longest.fa	Archaea	323259
methanothermobacter_thermautotrophicus_str_delta_h_gca_000008645	Methanothermobacter thermautotrophicus str. Delta H	Archaea	/Users/kchan/lcr_invertebrate_study/data/proteomes/methanothermobacter_thermautotrophicus_str_delta_h_gca_000008645.longest.fa	Archaea	187420
micrococcus_luteus_nctc_2665_gca_000023205	Micrococcus luteus NCTC 2665	Bacteria	/Users/kchan/lcr_invertebrate_study/data/proteomes/micrococcus_luteus_nctc_2665_gca_000023205.longest.fa	Bacteria	465515
microctonus_aethiopoides_gca030347275v1cm	Microctonus aethiopoides	Insecta	/Users/kchan/lcr_invertebrate_study/data/proteomes/microctonus_aethiopoides_gca030347275v1cm.longest.fa	Metazoa	144406
microctonus_hyperodae_gca030347285v1cm	Microctonus hyperodae	Insecta	/Users/kchan/lcr_invertebrate_study/data/proteomes/microctonus_hyperodae_gca030347285v1cm.longest.fa	Metazoa	165561
microcystis_aeruginosa_nies_843_gca_000010625	Microcystis aeruginosa NIES-843	Bacteria	/Users/kchan/lcr_invertebrate_study/data/proteomes/microcystis_aeruginosa_nies_843_gca_000010625.longest.fa	Bacteria	449447
micromonas_commoda	Micromonas commoda	Chlorophyta	/Users/kchan/lcr_invertebrate_study/data/proteomes/micromonas_commoda.longest.fa	Non-metazoan Eukaryota	296587
microplitis_demolitor_gca026212275v2rs	Microplitis demolitor	Insecta	/Users/kchan/lcr_invertebrate_study/data/proteomes/microplitis_demolitor_gca026212275v2rs.longest.fa	Metazoa	69319
microplitis_mediator_gca029852145v1rs	Microplitis mediator	Insecta	/Users/kchan/lcr_invertebrate_study/data/proteomes/microplitis_mediator_gca029852145v1rs.longest.fa	Metazoa	375433
mizuhopecten_yessoensis_gca002113885v2	Mizuhopecten yessoensis	Mollusca	/Users/kchan/lcr_invertebrate_study/data/proteomes/mizuhopecten_yessoensis_gca002113885v2.longest.fa	Metazoa	6573
mnemiopsis_leidyi	Mnemiopsis leidyi	Ctenophora	/Users/kchan/lcr_invertebrate_study/data/proteomes/mnemiopsis_leidyi.longest.fa	Metazoa	27923
monomorium_pharaonis_gca013373865v2	Monomorium pharaonis	Insecta	/Users/kchan/lcr_invertebrate_study/data/proteomes/monomorium_pharaonis_gca013373865v2.longest.fa	Metazoa	307658
monosiga_brevicollis	Monosiga brevicollis	Protist	/Users/kchan/lcr_invertebrate_study/data/proteomes/monosiga_brevicollis.longest.fa	Non-metazoan Eukaryota	81824
moorella_thermoacetica_atcc_39073_gca_000013105	Moorella thermoacetica ATCC 39073	Bacteria	/Users/kchan/lcr_invertebrate_study/data/proteomes/moorella_thermoacetica_atcc_39073_gca_000013105.longest.fa	Bacteria	264732
musa_acuminata	Musa acuminata	Viridiplantae	/Users/kchan/lcr_invertebrate_study/data/proteomes/musa_acuminata.longest.fa	Non-metazoan Eukaryota	214687
musca_domestica_gca030504385v2rs	Musca domestica	Insecta	/Users/kchan/lcr_invertebrate_study/data/proteomes/musca_domestica_gca030504385v2rs.longest.fa	Metazoa	7370
mya_arenaria_gca026914265v1rs	Mya arenaria	Mollusca	/Users/kchan/lcr_invertebrate_study/data/proteomes/mya_arenaria_gca026914265v1rs.longest.fa	Metazoa	6604
mycobacterium_tuberculosis	Mycobacterium tuberculosis	Bacteria	/Users/kchan/lcr_invertebrate_study/data/proteomes/mycobacterium_tuberculosis.longest.fa	Bacteria	83332
mycoplasma_pneumoniae_m129_gca_000027345	Mycoplasma pneumoniae M129	Bacteria	/Users/kchan/lcr_invertebrate_study/data/proteomes/mycoplasma_pneumoniae_m129_gca_000027345.longest.fa	Bacteria	272634
myopa_tessellatipennis_gca943737955v2	Myopa tessellatipennis	Insecta	/Users/kchan/lcr_invertebrate_study/data/proteomes/myopa_tessellatipennis_gca943737955v2.longest.fa	Metazoa	2829445
mytilus_californianus_gca021869535v1rs	Mytilus californianus	Mollusca	/Users/kchan/lcr_invertebrate_study/data/proteomes/mytilus_californianus_gca021869535v1rs.longest.fa	Metazoa	6549
myxococcus_xanthus_dk_1622_gca_000012685	Myxococcus xanthus DK 1622	Bacteria	/Users/kchan/lcr_invertebrate_study/data/proteomes/myxococcus_xanthus_dk_1622_gca_000012685.longest.fa	Bacteria	246197
naegleria_gruberi	Naegleria gruberi	Heterolobosea	/Users/kchan/lcr_invertebrate_study/data/proteomes/naegleria_gruberi.longest.fa	Non-metazoan Eukaryota	5762
nannochloropsis_gaditana_ccmp526_gca_000240725	Nannochloropsis gaditana CCMP526	Protist	/Users/kchan/lcr_invertebrate_study/data/proteomes/nannochloropsis_gaditana_ccmp526_gca_000240725.longest.fa	Non-metazoan Eukaryota	1093141
nanoarchaeum_equitans_kin4_m_gca_000008085	Nanoarchaeum equitans Kin4-M	Archaea	/Users/kchan/lcr_invertebrate_study/data/proteomes/nanoarchaeum_equitans_kin4_m_gca_000008085.longest.fa	Archaea	228908
nasonia_vitripennis	Nasonia vitripennis	Insecta	/Users/kchan/lcr_invertebrate_study/data/proteomes/nasonia_vitripennis.longest.fa	Metazoa	7425
natronomonas_pharaonis_dsm_2160_gca_000026045	Natronomonas pharaonis DSM 2160	Archaea	/Users/kchan/lcr_invertebrate_study/data/proteomes/natronomonas_pharaonis_dsm_2160_gca_000026045.longest.fa	Archaea	348780
necator_americanus_gca031761385v1rs	Necator americanus	Nematoda	/Users/kchan/lcr_invertebrate_study/data/proteomes/necator_americanus_gca031761385v1rs.longest.fa	Metazoa	51031
neisseria_meningitidis_z2491_gca_000009105	Neisseria meningitidis Z2491	Bacteria	/Users/kchan/lcr_invertebrate_study/data/proteomes/neisseria_meningitidis_z2491_gca_000009105.longest.fa	Bacteria	122587
nematostella_vectensis_gca932526225v1rs	Nematostella vectensis	Cnidaria	/Users/kchan/lcr_invertebrate_study/data/proteomes/nematostella_vectensis_gca932526225v1rs.longest.fa	Metazoa	45351
neodiprion_lecontei_gca021901455v1rs	Neodiprion lecontei	Insecta	/Users/kchan/lcr_invertebrate_study/data/proteomes/neodiprion_lecontei_gca021901455v1rs.longest.fa	Metazoa	441921
neodiprion_pinetum_gca021155775v1rs	Neodiprion pinetum	Insecta	/Users/kchan/lcr_invertebrate_study/data/proteomes/neodiprion_pinetum_gca021155775v1rs.longest.fa	Metazoa	441929
neurospora_crassa	Neurospora crassa	Fungi	/Users/kchan/lcr_invertebrate_study/data/proteomes/neurospora_crassa.longest.fa	Non-metazoan Eukaryota	367110
nicotiana_attenuata	Nicotiana attenuata	Viridiplantae	/Users/kchan/lcr_invertebrate_study/data/proteomes/nicotiana_attenuata.longest.fa	Non-metazoan Eukaryota	49451
nilaparvata_lugens_gca014356525v1rs	Nilaparvata lugens	Insecta	/Users/kchan/lcr_invertebrate_study/data/proteomes/nilaparvata_lugens_gca014356525v1rs.longest.fa	Metazoa	108931
nitrosopumilus_maritimus	Nitrosopumilus maritimus SCM1	Archaea	/Users/kchan/lcr_invertebrate_study/data/proteomes/nitrosopumilus_maritimus.longest.fa	Archaea	436308
nostoc_punctiforme_pcc_73102_gca_000020025	Nostoc punctiforme PCC 73102	Bacteria	/Users/kchan/lcr_invertebrate_study/data/proteomes/nostoc_punctiforme_pcc_73102_gca_000020025.longest.fa	Bacteria	63737
nothophytophthora_sp_chile5_gca_001712635	Nothophytophthora sp. Chile5	Oomycota	/Users/kchan/lcr_invertebrate_study/data/proteomes/nothophytophthora_sp_chile5_gca_001712635.longest.fa	Non-metazoan Eukaryota	2483409
nymphaea_colorata_gca008831285v2rs	Nymphaea colorata Beijing-Zhang1983	Viridiplantae	/Users/kchan/lcr_invertebrate_study/data/proteomes/nymphaea_colorata_gca008831285v2rs.longest.fa	Non-metazoan Eukaryota	210225
octopus_bimaculoides_gca001194135v2rs	Octopus bimaculoides	Mollusca	/Users/kchan/lcr_invertebrate_study/data/proteomes/octopus_bimaculoides_gca001194135v2rs.longest.fa	Metazoa	37653
octopus_sinensis_gca006345805v1	Octopus sinensis	Mollusca	/Users/kchan/lcr_invertebrate_study/data/proteomes/octopus_sinensis_gca006345805v1.longest.fa	Metazoa	2607531
olea_europaea	Olea europaea	Viridiplantae	/Users/kchan/lcr_invertebrate_study/data/proteomes/olea_europaea.longest.fa	Non-metazoan Eukaryota	158383
onchocerca_volvulus	Onchocerca volvulus	Nematoda	/Users/kchan/lcr_invertebrate_study/data/proteomes/onchocerca_volvulus.longest.fa	Metazoa	6282
onthophagus_taurus_gca000648695v2	Onthophagus taurus	Insecta	/Users/kchan/lcr_invertebrate_study/data/proteomes/onthophagus_taurus_gca000648695v2.longest.fa	Metazoa	166361
ooceraea_biroi_gca003672135v1	Ooceraea biroi	Insecta	/Users/kchan/lcr_invertebrate_study/data/proteomes/ooceraea_biroi_gca003672135v1.longest.fa	Metazoa	2015173
oppia_nitens_gca028296485v1rs	Oppia nitens	Chelicerata	/Users/kchan/lcr_invertebrate_study/data/proteomes/oppia_nitens_gca028296485v1rs.longest.fa	Metazoa	1686743
orbicella_faveolata_gca002042975v1	Orbicella faveolata	Cnidaria	/Users/kchan/lcr_invertebrate_study/data/proteomes/orbicella_faveolata_gca002042975v1.longest.fa	Metazoa	48498
orchesella_cincta	Orchesella cincta	Collembola	/Users/kchan/lcr_invertebrate_study/data/proteomes/orchesella_cincta.longest.fa	Metazoa	48709
ornithodoros_turicata_gca037126465v1rs	Ornithodoros turicata	Chelicerata	/Users/kchan/lcr_invertebrate_study/data/proteomes/ornithodoros_turicata_gca037126465v1rs.longest.fa	Metazoa	34597
orussus_abietinus_gca000612105v2	Orussus abietinus	Insecta	/Users/kchan/lcr_invertebrate_study/data/proteomes/orussus_abietinus_gca000612105v2.longest.fa	Metazoa	222816
oryza_barthii	Oryza barthii	Viridiplantae	/Users/kchan/lcr_invertebrate_study/data/proteomes/oryza_barthii.longest.fa	Non-metazoan Eukaryota	65489
oryza_brachyantha	Oryza brachyantha	Viridiplantae	/Users/kchan/lcr_invertebrate_study/data/proteomes/oryza_brachyantha.longest.fa	Non-metazoan Eukaryota	4533
oryza_glaberrima	Oryza glaberrima	Viridiplantae	/Users/kchan/lcr_invertebrate_study/data/proteomes/oryza_glaberrima.longest.fa	Non-metazoan Eukaryota	4538
oryza_glumipatula	Oryza glumipatula	Viridiplantae	/Users/kchan/lcr_invertebrate_study/data/proteomes/oryza_glumipatula.longest.fa	Non-metazoan Eukaryota	40148
oryza_longistaminata	Oryza longistaminata	Viridiplantae	/Users/kchan/lcr_invertebrate_study/data/proteomes/oryza_longistaminata.longest.fa	Non-metazoan Eukaryota	4528
oryza_meridionalis	Oryza meridionalis	Viridiplantae	/Users/kchan/lcr_invertebrate_study/data/proteomes/oryza_meridionalis.longest.fa	Non-metazoan Eukaryota	40149
oryza_nivara	Oryza nivara	Viridiplantae	/Users/kchan/lcr_invertebrate_study/data/proteomes/oryza_nivara.longest.fa	Non-metazoan Eukaryota	4536
oryza_punctata	Oryza punctata	Viridiplantae	/Users/kchan/lcr_invertebrate_study/data/proteomes/oryza_punctata.longest.fa	Non-metazoan Eukaryota	4537
oryza_rufipogon	Oryza rufipogon	Viridiplantae	/Users/kchan/lcr_invertebrate_study/data/proteomes/oryza_rufipogon.longest.fa	Non-metazoan Eukaryota	4529
oryza_sativa	Oryza sativa	Viridiplantae	/Users/kchan/lcr_invertebrate_study/data/proteomes/oryza_sativa.longest.fa	Non-metazoan Eukaryota	39947
ostrea_edulis_gca947568905v1rs	Ostrea edulis	Mollusca	/Users/kchan/lcr_invertebrate_study/data/proteomes/ostrea_edulis_gca947568905v1rs.longest.fa	Metazoa	37623
ostreococcus_lucimarinus	Ostreococcus lucimarinus	Chlorophyta	/Users/kchan/lcr_invertebrate_study/data/proteomes/ostreococcus_lucimarinus.longest.fa	Non-metazoan Eukaryota	436017
owenia_fusiformis_gca903813345v2gb	Owenia fusiformis	Annelida	/Users/kchan/lcr_invertebrate_study/data/proteomes/owenia_fusiformis_gca903813345v2gb.longest.fa	Metazoa	6347
oxytricha_trifallax_gca_000711775	Oxytricha trifallax str. JRB310	Ciliophora	/Users/kchan/lcr_invertebrate_study/data/proteomes/oxytricha_trifallax_gca_000711775.longest.fa	Non-metazoan Eukaryota	1172189
panicum_hallii	Panicum hallii HAL2	Viridiplantae	/Users/kchan/lcr_invertebrate_study/data/proteomes/panicum_hallii.longest.fa	Non-metazoan Eukaryota	1504633
panonychus_citri_gca014898815v1rs	Panonychus citri	Chelicerata	/Users/kchan/lcr_invertebrate_study/data/proteomes/panonychus_citri_gca014898815v1rs.longest.fa	Metazoa	50023
papaver_somniferum	Papaver somniferum	Viridiplantae	/Users/kchan/lcr_invertebrate_study/data/proteomes/papaver_somniferum.longest.fa	Non-metazoan Eukaryota	3469
paracoccus_denitrificans_pd1222_gca_000203895	Paracoccus denitrificans PD1222	Bacteria	/Users/kchan/lcr_invertebrate_study/data/proteomes/paracoccus_denitrificans_pd1222_gca_000203895.longest.fa	Bacteria	318586
paramacrobiotus_metropolitanus_gca019649055v1rs	Paramacrobiotus metropolitanus	Tardigrada	/Users/kchan/lcr_invertebrate_study/data/proteomes/paramacrobiotus_metropolitanus_gca019649055v1rs.longest.fa	Metazoa	2943436
paramecium_tetraurelia	Paramecium tetraurelia	Ciliophora	/Users/kchan/lcr_invertebrate_study/data/proteomes/paramecium_tetraurelia.longest.fa	Non-metazoan Eukaryota	5888
parasteatoda_tepidariorum_gca043381705v1rs	Parasteatoda tepidariorum	Chelicerata	/Users/kchan/lcr_invertebrate_study/data/proteomes/parasteatoda_tepidariorum_gca043381705v1rs.longest.fa	Metazoa	114398
pasteurella_multocida_subsp_multocida_str_pm70_gca_000006825	Pasteurella multocida subsp. multocida str. Pm70	Bacteria	/Users/kchan/lcr_invertebrate_study/data/proteomes/pasteurella_multocida_subsp_multocida_str_pm70_gca_000006825.longest.fa	Bacteria	272843
patella_pellucida_gca917208275v1	Patella pellucida	Mollusca	/Users/kchan/lcr_invertebrate_study/data/proteomes/patella_pellucida_gca917208275v1.longest.fa	Metazoa	88005
patella_vulgata_gca932274485v2rs	Patella vulgata	Mollusca	/Users/kchan/lcr_invertebrate_study/data/proteomes/patella_vulgata_gca932274485v2rs.longest.fa	Metazoa	6465
patiria_miniata_gca015706575v1	Patiria miniata	Echinodermata	/Users/kchan/lcr_invertebrate_study/data/proteomes/patiria_miniata_gca015706575v1.longest.fa	Metazoa	46514
pecten_maximus_gca902652985v1rs	Pecten maximus	Mollusca	/Users/kchan/lcr_invertebrate_study/data/proteomes/pecten_maximus_gca902652985v1rs.longest.fa	Metazoa	6579
pectinophora_gossypiella_gca024362695v1rs	Pectinophora gossypiella	Insecta	/Users/kchan/lcr_invertebrate_study/data/proteomes/pectinophora_gossypiella_gca024362695v1rs.longest.fa	Metazoa	13191
pediculus_humanus	Pediculus humanus corporis	Insecta	/Users/kchan/lcr_invertebrate_study/data/proteomes/pediculus_humanus.longest.fa	Metazoa	121224
penaeus_chinensis_gca019202785v2rs	Penaeus chinensis	Crustacea	/Users/kchan/lcr_invertebrate_study/data/proteomes/penaeus_chinensis_gca019202785v2rs.longest.fa	Metazoa	139456
penaeus_japonicus_gca017312705v1	Penaeus japonicus	Crustacea	/Users/kchan/lcr_invertebrate_study/data/proteomes/penaeus_japonicus_gca017312705v1.longest.fa	Metazoa	27405
penaeus_monodon_gca015228065v1	Penaeus monodon	Crustacea	/Users/kchan/lcr_invertebrate_study/data/proteomes/penaeus_monodon_gca015228065v1.longest.fa	Metazoa	6687
penaeus_vannamei_gca042767895v1rs	Penaeus vannamei	Crustacea	/Users/kchan/lcr_invertebrate_study/data/proteomes/penaeus_vannamei_gca042767895v1rs.longest.fa	Metazoa	6689
perkinsela_sp_ccap_1560_4_gca_001235845	Perkinsela sp. CCAP 1560/4	Euglenozoa	/Users/kchan/lcr_invertebrate_study/data/proteomes/perkinsela_sp_ccap_1560_4_gca_001235845.longest.fa	Non-metazoan Eukaryota	1314962
perkinsus_marinus_atcc_50983_gca_000006405	Perkinsus marinus ATCC 50983 str. PmCV4CB5 2B3 D4	Perkinsozoa	/Users/kchan/lcr_invertebrate_study/data/proteomes/perkinsus_marinus_atcc_50983_gca_000006405.longest.fa	Non-metazoan Eukaryota	423536
peronospora_effusa_gca_003704535	Peronospora effusa	Oomycota	/Users/kchan/lcr_invertebrate_study/data/proteomes/peronospora_effusa_gca_003704535.longest.fa	Non-metazoan Eukaryota	542832
phaeodactylum_tricornutum	Phaeodactylum tricornutum	Bacillariophyta	/Users/kchan/lcr_invertebrate_study/data/proteomes/phaeodactylum_tricornutum.longest.fa	Non-metazoan Eukaryota	556484
phaseolus_vulgaris	Phaseolus vulgaris	Viridiplantae	/Users/kchan/lcr_invertebrate_study/data/proteomes/phaseolus_vulgaris.longest.fa	Non-metazoan Eukaryota	3885
phlebotomus_argentipes_gca947086385v1rs	Phlebotomus argentipes	Insecta	/Users/kchan/lcr_invertebrate_study/data/proteomes/phlebotomus_argentipes_gca947086385v1rs.longest.fa	Metazoa	94469
phlebotomus_papatasi_gca024763615v2rs	Phlebotomus papatasi	Insecta	/Users/kchan/lcr_invertebrate_study/data/proteomes/phlebotomus_papatasi_gca024763615v2rs.longest.fa	Metazoa	29031
phlebotomus_perniciosus_gca918844115v2	Phlebotomus perniciosus	Insecta	/Users/kchan/lcr_invertebrate_study/data/proteomes/phlebotomus_perniciosus_gca918844115v2.longest.fa	Metazoa	13204
photinus_pyralis_gca008802855v1rs	Photinus pyralis	Insecta	/Users/kchan/lcr_invertebrate_study/data/proteomes/photinus_pyralis_gca008802855v1rs.longest.fa	Metazoa	7054
physcomitrium_patens	Physcomitrium patens	Viridiplantae	/Users/kchan/lcr_invertebrate_study/data/proteomes/physcomitrium_patens.longest.fa	Non-metazoan Eukaryota	3218
phytomonas_sp_isolate_hart1_gca_000982615	Phytomonas sp. isolate Hart1	Euglenozoa	/Users/kchan/lcr_invertebrate_study/data/proteomes/phytomonas_sp_isolate_hart1_gca_000982615.longest.fa	Non-metazoan Eukaryota	223615
phytophthora_cactorum_gca_003287315	Phytophthora cactorum str. 10300	Oomycota	/Users/kchan/lcr_invertebrate_study/data/proteomes/phytophthora_cactorum_gca_003287315.longest.fa	Non-metazoan Eukaryota	29920
phytophthora_infestans	Phytophthora infestans	Oomycota	/Users/kchan/lcr_invertebrate_study/data/proteomes/phytophthora_infestans.longest.fa	Non-metazoan Eukaryota	403677
phytophthora_kernoviae	Phytophthora kernoviae	Oomycota	/Users/kchan/lcr_invertebrate_study/data/proteomes/phytophthora_kernoviae.longest.fa	Non-metazoan Eukaryota	1284355
phytophthora_lateralis	Phytophthora lateralis	Oomycota	/Users/kchan/lcr_invertebrate_study/data/proteomes/phytophthora_lateralis.longest.fa	Non-metazoan Eukaryota	1254522
phytophthora_megakarya_gca_002215365	Phytophthora megakarya str. zdho120	Oomycota	/Users/kchan/lcr_invertebrate_study/data/proteomes/phytophthora_megakarya_gca_002215365.longest.fa	Non-metazoan Eukaryota	4795
phytophthora_palmivora_var_palmivora_gca_002911725	Phytophthora palmivora var. palmivora str. sbr112.9	Oomycota	/Users/kchan/lcr_invertebrate_study/data/proteomes/phytophthora_palmivora_var_palmivora_gca_002911725.longest.fa	Non-metazoan Eukaryota	4796
phytophthora_parasitica	Phytophthora nicotianae P1569	Oomycota	/Users/kchan/lcr_invertebrate_study/data/proteomes/phytophthora_parasitica.longest.fa	Non-metazoan Eukaryota	1317065
phytophthora_parasitica_gca_000509525	Phytophthora parasitica str. IAC_01/95	Oomycota	/Users/kchan/lcr_invertebrate_study/data/proteomes/phytophthora_parasitica_gca_000509525.longest.fa	Non-metazoan Eukaryota	4792
phytophthora_ramorum	Phytophthora ramorum	Oomycota	/Users/kchan/lcr_invertebrate_study/data/proteomes/phytophthora_ramorum.longest.fa	Non-metazoan Eukaryota	164328
phytophthora_sojae	Phytophthora sojae	Oomycota	/Users/kchan/lcr_invertebrate_study/data/proteomes/phytophthora_sojae.longest.fa	Non-metazoan Eukaryota	67593
pinus_longaeva	Pinus longaeva	Viridiplantae	/Users/kchan/lcr_invertebrate_study/data/proteomes/pinus_longaeva.longest.fa	Non-metazoan Eukaryota	3344
pistacia_vera	Pistacia vera	Viridiplantae	/Users/kchan/lcr_invertebrate_study/data/proteomes/pistacia_vera.longest.fa	Non-metazoan Eukaryota	55513
pisum_sativum_gca964186695v1gb	Pisum sativum JI2822	Viridiplantae	/Users/kchan/lcr_invertebrate_study/data/proteomes/pisum_sativum_gca964186695v1gb.longest.fa	Non-metazoan Eukaryota	3888
planoprotostelium_fungivorum_gca_003024175	Planoprotostelium fungivorum str. Jena	Amoebozoa	/Users/kchan/lcr_invertebrate_study/data/proteomes/planoprotostelium_fungivorum_gca_003024175.longest.fa	Non-metazoan Eukaryota	1890364
plasmodiophora_brassicae_gca_001049375	Plasmodiophora brassicae	Rhizaria	/Users/kchan/lcr_invertebrate_study/data/proteomes/plasmodiophora_brassicae_gca_001049375.longest.fa	Non-metazoan Eukaryota	37360
plasmodium_berghei	Plasmodium berghei	Apicomplexa	/Users/kchan/lcr_invertebrate_study/data/proteomes/plasmodium_berghei.longest.fa	Non-metazoan Eukaryota	5823
plasmodium_chabaudi	Plasmodium chabaudi	Apicomplexa	/Users/kchan/lcr_invertebrate_study/data/proteomes/plasmodium_chabaudi.longest.fa	Non-metazoan Eukaryota	31271
plasmodium_coatneyi_gca_001680005	Plasmodium coatneyi	Apicomplexa	/Users/kchan/lcr_invertebrate_study/data/proteomes/plasmodium_coatneyi_gca_001680005.longest.fa	Non-metazoan Eukaryota	208452
plasmodium_cynomolgi_strain_b_gca_000321355	Plasmodium cynomolgi strain B	Apicomplexa	/Users/kchan/lcr_invertebrate_study/data/proteomes/plasmodium_cynomolgi_strain_b_gca_000321355.longest.fa	Non-metazoan Eukaryota	1120755
plasmodium_falciparum	Plasmodium falciparum	Apicomplexa	/Users/kchan/lcr_invertebrate_study/data/proteomes/plasmodium_falciparum.longest.fa	Non-metazoan Eukaryota	36329
plasmodium_fragile_gca_000956335	Plasmodium fragile str. multiple	Apicomplexa	/Users/kchan/lcr_invertebrate_study/data/proteomes/plasmodium_fragile_gca_000956335.longest.fa	Non-metazoan Eukaryota	5857
plasmodium_gaboni_gca_001602025	Plasmodium gaboni	Apicomplexa	/Users/kchan/lcr_invertebrate_study/data/proteomes/plasmodium_gaboni_gca_001602025.longest.fa	Non-metazoan Eukaryota	647221
plasmodium_gallinaceum_gca_900005855	Plasmodium gallinaceum	Apicomplexa	/Users/kchan/lcr_invertebrate_study/data/proteomes/plasmodium_gallinaceum_gca_900005855.longest.fa	Non-metazoan Eukaryota	5849
plasmodium_gonderi_gca_002157705	Plasmodium gonderi	Apicomplexa	/Users/kchan/lcr_invertebrate_study/data/proteomes/plasmodium_gonderi_gca_002157705.longest.fa	Non-metazoan Eukaryota	77519
plasmodium_inui_san_antonio_1_gca_000524495	Plasmodium inui San Antonio 1	Apicomplexa	/Users/kchan/lcr_invertebrate_study/data/proteomes/plasmodium_inui_san_antonio_1_gca_000524495.longest.fa	Non-metazoan Eukaryota	1237626
plasmodium_knowlesi	Plasmodium knowlesi	Apicomplexa	/Users/kchan/lcr_invertebrate_study/data/proteomes/plasmodium_knowlesi.longest.fa	Non-metazoan Eukaryota	5851
plasmodium_malariae_gca_900088575	Plasmodium malariae	Apicomplexa	/Users/kchan/lcr_invertebrate_study/data/proteomes/plasmodium_malariae_gca_900088575.longest.fa	Non-metazoan Eukaryota	5858
plasmodium_ovale_curtisi_gca_900088565	Plasmodium ovale curtisi	Apicomplexa	/Users/kchan/lcr_invertebrate_study/data/proteomes/plasmodium_ovale_curtisi_gca_900088565.longest.fa	Non-metazoan Eukaryota	864141
plasmodium_reichenowi_gca_001601855	Plasmodium reichenowi	Apicomplexa	/Users/kchan/lcr_invertebrate_study/data/proteomes/plasmodium_reichenowi_gca_001601855.longest.fa	Non-metazoan Eukaryota	5854
plasmodium_relictum_gca_900005765	Plasmodium relictum	Apicomplexa	/Users/kchan/lcr_invertebrate_study/data/proteomes/plasmodium_relictum_gca_900005765.longest.fa	Non-metazoan Eukaryota	85471
plasmodium_sp_gorilla_clade_g2_gca_900097015	Plasmodium sp. gorilla clade G2	Apicomplexa	/Users/kchan/lcr_invertebrate_study/data/proteomes/plasmodium_sp_gorilla_clade_g2_gca_900097015.longest.fa	Non-metazoan Eukaryota	880535
plasmodium_vinckei_petteri_gca_000524515	Plasmodium vinckei petteri str. CR	Apicomplexa	/Users/kchan/lcr_invertebrate_study/data/proteomes/plasmodium_vinckei_petteri_gca_000524515.longest.fa	Non-metazoan Eukaryota	138298
plasmodium_vivax_north_korean_gca_000320685	Plasmodium vivax North Korean	Apicomplexa	/Users/kchan/lcr_invertebrate_study/data/proteomes/plasmodium_vivax_north_korean_gca_000320685.longest.fa	Non-metazoan Eukaryota	1035514
plasmodium_yoelii_yoelii_gca_000003085	Plasmodium yoelii yoelii str. 17XNL	Apicomplexa	/Users/kchan/lcr_invertebrate_study/data/proteomes/plasmodium_yoelii_yoelii_gca_000003085.longest.fa	Non-metazoan Eukaryota	73239
plasmopara_halstedii_gca_900000015	Plasmopara halstedii	Oomycota	/Users/kchan/lcr_invertebrate_study/data/proteomes/plasmopara_halstedii_gca_900000015.longest.fa	Non-metazoan Eukaryota	4781
platynereis_dumerilii_gca026936325v1cm	Platynereis dumerilii	Annelida	/Users/kchan/lcr_invertebrate_study/data/proteomes/platynereis_dumerilii_gca026936325v1cm.longest.fa	Metazoa	6359
plodia_interpunctella_gca027563975v2rs	Plodia interpunctella	Insecta	/Users/kchan/lcr_invertebrate_study/data/proteomes/plodia_interpunctella_gca027563975v2rs.longest.fa	Metazoa	58824
pocillopora_damicornis_gca003704095v1	Pocillopora damicornis	Cnidaria	/Users/kchan/lcr_invertebrate_study/data/proteomes/pocillopora_damicornis_gca003704095v1.longest.fa	Metazoa	46731
pogonomyrmex_barbatus_gca000187915v1rs	Pogonomyrmex barbatus	Insecta	/Users/kchan/lcr_invertebrate_study/data/proteomes/pogonomyrmex_barbatus_gca000187915v1rs.longest.fa	Metazoa	144034
polistes_canadensis_gca001313835v1rs	Polistes canadensis	Insecta	/Users/kchan/lcr_invertebrate_study/data/proteomes/polistes_canadensis_gca001313835v1rs.longest.fa	Metazoa	91411
polistes_dominula_gca001465965v1rs	Polistes dominula	Insecta	/Users/kchan/lcr_invertebrate_study/data/proteomes/polistes_dominula_gca001465965v1rs.longest.fa	Metazoa	743375
polistes_fuscatus_gca010416935v1rs	Polistes fuscatus	Insecta	/Users/kchan/lcr_invertebrate_study/data/proteomes/polistes_fuscatus_gca010416935v1rs.longest.fa	Metazoa	30207
pollicipes_pollicipes_gca011947565v3rs	Pollicipes pollicipes	Crustacea	/Users/kchan/lcr_invertebrate_study/data/proteomes/pollicipes_pollicipes_gca011947565v3rs.longest.fa	Metazoa	41117
pomacea_canaliculata_gca003073045v1	Pomacea canaliculata	Mollusca	/Users/kchan/lcr_invertebrate_study/data/proteomes/pomacea_canaliculata_gca003073045v1.longest.fa	Metazoa	400727
pomphorhynchus_laevis_gca012934845v2gb	Pomphorhynchus laevis	Acanthocephala	/Users/kchan/lcr_invertebrate_study/data/proteomes/pomphorhynchus_laevis_gca012934845v2gb.longest.fa	Metazoa	141832
populus_trichocarpa	Populus trichocarpa	Viridiplantae	/Users/kchan/lcr_invertebrate_study/data/proteomes/populus_trichocarpa.longest.fa	Non-metazoan Eukaryota	3694
porphyromonas_gingivalis_w83_gca_000007585	Porphyromonas gingivalis W83	Bacteria	/Users/kchan/lcr_invertebrate_study/data/proteomes/porphyromonas_gingivalis_w83_gca_000007585.longest.fa	Bacteria	242619
portunus_trituberculatus_gca017591435v1	Portunus trituberculatus	Crustacea	/Users/kchan/lcr_invertebrate_study/data/proteomes/portunus_trituberculatus_gca017591435v1.longest.fa	Metazoa	210409
priapulus_caudatus_gca000485595v2	Priapulus caudatus	Priapulida	/Users/kchan/lcr_invertebrate_study/data/proteomes/priapulus_caudatus_gca000485595v2.longest.fa	Metazoa	37621
pristionchus_pacificus	Pristionchus pacificus	Nematoda	/Users/kchan/lcr_invertebrate_study/data/proteomes/pristionchus_pacificus.longest.fa	Metazoa	54126
procambarus_clarkii_gca040958095v1rs	Procambarus clarkii	Crustacea	/Users/kchan/lcr_invertebrate_study/data/proteomes/procambarus_clarkii_gca040958095v1rs.longest.fa	Metazoa	6728
prochlorococcus_marinus_subsp_marinus_str_ccmp1375_gca_000007925	Prochlorococcus marinus subsp. marinus str. CCMP1375	Bacteria	/Users/kchan/lcr_invertebrate_study/data/proteomes/prochlorococcus_marinus_subsp_marinus_str_ccmp1375_gca_000007925.longest.fa	Bacteria	167539
proteus_mirabilis_hi4320_gca_000069965	Proteus mirabilis HI4320	Bacteria	/Users/kchan/lcr_invertebrate_study/data/proteomes/proteus_mirabilis_hi4320_gca_000069965.longest.fa	Bacteria	529507
prunus_avium	Prunus avium	Viridiplantae	/Users/kchan/lcr_invertebrate_study/data/proteomes/prunus_avium.longest.fa	Non-metazoan Eukaryota	42229
prunus_dulcis	Prunus dulcis	Viridiplantae	/Users/kchan/lcr_invertebrate_study/data/proteomes/prunus_dulcis.longest.fa	Non-metazoan Eukaryota	3755
prunus_persica	Prunus persica	Viridiplantae	/Users/kchan/lcr_invertebrate_study/data/proteomes/prunus_persica.longest.fa	Non-metazoan Eukaryota	3760
pseudocohnilembus_persalinus_gca_001447515	Pseudocohnilembus persalinus	Ciliophora	/Users/kchan/lcr_invertebrate_study/data/proteomes/pseudocohnilembus_persalinus_gca_001447515.longest.fa	Non-metazoan Eukaryota	266149
pseudomonas_aeruginosa	Pseudomonas aeruginosa	Bacteria	/Users/kchan/lcr_invertebrate_study/data/proteomes/pseudomonas_aeruginosa.longest.fa	Bacteria	208964
pseudonitzschia_multistriata	Pseudo-nitzschia multistriata	Bacillariophyta	/Users/kchan/lcr_invertebrate_study/data/proteomes/pseudonitzschia_multistriata.longest.fa	Non-metazoan Eukaryota	183589
ptychodera_flava	Ptychodera flava	Hemichordata	/Users/kchan/lcr_invertebrate_study/data/proteomes/ptychodera_flava.longest.fa	Metazoa	63121
puccinia_graminis	Puccinia graminis	Fungi	/Users/kchan/lcr_invertebrate_study/data/proteomes/puccinia_graminis.longest.fa	Non-metazoan Eukaryota	418459
pyrobaculum_aerophilum_str_im2_gca_000007225	Pyrobaculum aerophilum str. IM2	Archaea	/Users/kchan/lcr_invertebrate_study/data/proteomes/pyrobaculum_aerophilum_str_im2_gca_000007225.longest.fa	Archaea	178306
pyrococcus_abyssi	Pyrococcus abyssi	Archaea	/Users/kchan/lcr_invertebrate_study/data/proteomes/pyrococcus_abyssi.longest.fa	Archaea	272844
pyrococcus_horikoshii_ot3_gca_000011105	Pyrococcus horikoshii OT3	Archaea	/Users/kchan/lcr_invertebrate_study/data/proteomes/pyrococcus_horikoshii_ot3_gca_000011105.longest.fa	Archaea	70601
pythium_aphanidermatum	Pythium aphanidermatum	Oomycota	/Users/kchan/lcr_invertebrate_study/data/proteomes/pythium_aphanidermatum.longest.fa	Non-metazoan Eukaryota	1223555
pythium_arrhenomanes	Pythium arrhenomanes	Oomycota	/Users/kchan/lcr_invertebrate_study/data/proteomes/pythium_arrhenomanes.longest.fa	Non-metazoan Eukaryota	1223556
pythium_irregulare	Pythium irregulare	Oomycota	/Users/kchan/lcr_invertebrate_study/data/proteomes/pythium_irregulare.longest.fa	Non-metazoan Eukaryota	1223557
pythium_iwayamai	Globisporangium iwayamae DAOM BR242034	Oomycota	/Users/kchan/lcr_invertebrate_study/data/proteomes/pythium_iwayamai.longest.fa	Non-metazoan Eukaryota	1223558
pythium_vexans	Pythium vexans	Oomycota	/Users/kchan/lcr_invertebrate_study/data/proteomes/pythium_vexans.longest.fa	Non-metazoan Eukaryota	1223560
quercus_lobata	Quercus lobata	Viridiplantae	/Users/kchan/lcr_invertebrate_study/data/proteomes/quercus_lobata.longest.fa	Non-metazoan Eukaryota	97700
quercus_suber_gca002906115v3rs	Quercus suber HL8	Viridiplantae	/Users/kchan/lcr_invertebrate_study/data/proteomes/quercus_suber_gca002906115v3rs.longest.fa	Non-metazoan Eukaryota	58331
ralstonia_solanacearum_gmi1000_gca_000009125	Ralstonia solanacearum GMI1000	Bacteria	/Users/kchan/lcr_invertebrate_study/data/proteomes/ralstonia_solanacearum_gmi1000_gca_000009125.longest.fa	Bacteria	267608
reticulomyxa_filosa_gca_000512085	Reticulomyxa filosa	Rhizaria	/Users/kchan/lcr_invertebrate_study/data/proteomes/reticulomyxa_filosa_gca_000512085.longest.fa	Non-metazoan Eukaryota	46433
rhagoletis_pomonella_gca013731165v1	Rhagoletis pomonella	Insecta	/Users/kchan/lcr_invertebrate_study/data/proteomes/rhagoletis_pomonella_gca013731165v1.longest.fa	Metazoa	28610
rhipicephalus_microplus_gca013339725v1	Rhipicephalus microplus	Chelicerata	/Users/kchan/lcr_invertebrate_study/data/proteomes/rhipicephalus_microplus_gca013339725v1.longest.fa	Metazoa	6941
rhipicephalus_sanguineus_gca013339695v2rs	Rhipicephalus sanguineus	Chelicerata	/Users/kchan/lcr_invertebrate_study/data/proteomes/rhipicephalus_sanguineus_gca013339695v2rs.longest.fa	Metazoa	34632
rhizobium_leguminosarum_bv_viciae_3841_gca_000009265	Rhizobium leguminosarum bv. viciae 3841	Bacteria	/Users/kchan/lcr_invertebrate_study/data/proteomes/rhizobium_leguminosarum_bv_viciae_3841_gca_000009265.longest.fa	Bacteria	216596
rhizopus_delemar	Rhizopus delemar	Fungi	/Users/kchan/lcr_invertebrate_study/data/proteomes/rhizopus_delemar.longest.fa	Non-metazoan Eukaryota	246409
rhodnius_prolixus	Rhodnius prolixus	Insecta	/Users/kchan/lcr_invertebrate_study/data/proteomes/rhodnius_prolixus.longest.fa	Metazoa	13249
rhodobacter_sphaeroides_2_4_1_gca_000012905	Rhodobacter sphaeroides 2.4.1	Bacteria	/Users/kchan/lcr_invertebrate_study/data/proteomes/rhodobacter_sphaeroides_2_4_1_gca_000012905.longest.fa	Bacteria	272943
rhodopirellula_baltica_sh_1_gca_000196115	Rhodopirellula baltica SH 1	Bacteria	/Users/kchan/lcr_invertebrate_study/data/proteomes/rhodopirellula_baltica_sh_1_gca_000196115.longest.fa	Bacteria	243090
rhodospirillum_rubrum_atcc_11170_gca_000013085	Rhodospirillum rubrum ATCC 11170	Bacteria	/Users/kchan/lcr_invertebrate_study/data/proteomes/rhodospirillum_rubrum_atcc_11170_gca_000013085.longest.fa	Bacteria	269796
rhopalosiphum_maidis_gca003676215v3	Rhopalosiphum maidis	Insecta	/Users/kchan/lcr_invertebrate_study/data/proteomes/rhopalosiphum_maidis_gca003676215v3.longest.fa	Metazoa	43146
rickettsia_prowazekii_str_madrid_e_gca_000195735	Rickettsia prowazekii str. Madrid E	Bacteria	/Users/kchan/lcr_invertebrate_study/data/proteomes/rickettsia_prowazekii_str_madrid_e_gca_000195735.longest.fa	Bacteria	272947
rosa_chinensis	Rosa chinensis	Viridiplantae	/Users/kchan/lcr_invertebrate_study/data/proteomes/rosa_chinensis.longest.fa	Non-metazoan Eukaryota	74649
rotaria_sordida	Rotaria sordida	Rotifera	/Users/kchan/lcr_invertebrate_study/data/proteomes/rotaria_sordida.longest.fa	Metazoa	392033
saccharolobus_solfataricus_p2_gca_000007005	Saccharolobus solfataricus P2	Archaea	/Users/kchan/lcr_invertebrate_study/data/proteomes/saccharolobus_solfataricus_p2_gca_000007005.longest.fa	Archaea	273057
saccharomyces_cerevisiae	Saccharomyces cerevisiae	Fungi	/Users/kchan/lcr_invertebrate_study/data/proteomes/saccharomyces_cerevisiae.longest.fa	Non-metazoan Eukaryota	559292
saccharum_spontaneum	Saccharum spontaneum	Viridiplantae	/Users/kchan/lcr_invertebrate_study/data/proteomes/saccharum_spontaneum.longest.fa	Non-metazoan Eukaryota	62335
saccoglossus_kowalevskii_gca000003605v1	Saccoglossus kowalevskii	Hemichordata	/Users/kchan/lcr_invertebrate_study/data/proteomes/saccoglossus_kowalevskii_gca000003605v1.longest.fa	Metazoa	10224
salinibacter_ruber_dsm_13855_gca_000013045	Salinibacter ruber DSM 13855	Bacteria	/Users/kchan/lcr_invertebrate_study/data/proteomes/salinibacter_ruber_dsm_13855_gca_000013045.longest.fa	Bacteria	309807
salmonella_typhimurium	Salmonella typhimurium	Bacteria	/Users/kchan/lcr_invertebrate_study/data/proteomes/salmonella_typhimurium.longest.fa	Bacteria	99287
salpingoeca_rosetta	Salpingoeca rosetta	Protist	/Users/kchan/lcr_invertebrate_study/data/proteomes/salpingoeca_rosetta.longest.fa	Non-metazoan Eukaryota	946362
saprolegnia_diclina_vs20_gca_000281045	Saprolegnia diclina VS20	Oomycota	/Users/kchan/lcr_invertebrate_study/data/proteomes/saprolegnia_diclina_vs20_gca_000281045.longest.fa	Non-metazoan Eukaryota	1156394
saprolegnia_parasitica_cbs_223_65_gca_000151545	Saprolegnia parasitica CBS 223.65	Oomycota	/Users/kchan/lcr_invertebrate_study/data/proteomes/saprolegnia_parasitica_cbs_223_65_gca_000151545.longest.fa	Non-metazoan Eukaryota	695850
sarcoptes_scabiei_gca020844145v1gb	Sarcoptes scabiei	Chelicerata	/Users/kchan/lcr_invertebrate_study/data/proteomes/sarcoptes_scabiei_gca020844145v1gb.longest.fa	Metazoa	52283
schistocerca_americana_gca021461395v2rs	Schistocerca americana	Insecta	/Users/kchan/lcr_invertebrate_study/data/proteomes/schistocerca_americana_gca021461395v2rs.longest.fa	Metazoa	7009
schistocerca_cancellata_gca023864275v2rs	Schistocerca cancellata	Insecta	/Users/kchan/lcr_invertebrate_study/data/proteomes/schistocerca_cancellata_gca023864275v2rs.longest.fa	Metazoa	274614
schistocerca_gregaria_gca023897955v2rs	Schistocerca gregaria	Insecta	/Users/kchan/lcr_invertebrate_study/data/proteomes/schistocerca_gregaria_gca023897955v2rs.longest.fa	Metazoa	7010
schistocerca_nitens_gca023898315v2rs	Schistocerca nitens	Insecta	/Users/kchan/lcr_invertebrate_study/data/proteomes/schistocerca_nitens_gca023898315v2rs.longest.fa	Metazoa	7011
schistocerca_piceifrons_gca021461385v2rs	Schistocerca piceifrons	Insecta	/Users/kchan/lcr_invertebrate_study/data/proteomes/schistocerca_piceifrons_gca021461385v2rs.longest.fa	Metazoa	274613
schistocerca_serialis_gca023864345v3rs	Schistocerca serialis cubense	Insecta	/Users/kchan/lcr_invertebrate_study/data/proteomes/schistocerca_serialis_gca023864345v3rs.longest.fa	Metazoa	2023355
schistosoma_haematobium_gca000699445v3rs	Schistosoma haematobium	Platyhelminthes	/Users/kchan/lcr_invertebrate_study/data/proteomes/schistosoma_haematobium_gca000699445v3rs.longest.fa	Metazoa	6185
schistosoma_mansoni	Schistosoma mansoni	Platyhelminthes	/Users/kchan/lcr_invertebrate_study/data/proteomes/schistosoma_mansoni.longest.fa	Metazoa	6183
schizosaccharomyces_pombe	Schizosaccharomyces pombe	Fungi	/Users/kchan/lcr_invertebrate_study/data/proteomes/schizosaccharomyces_pombe.longest.fa	Non-metazoan Eukaryota	284812
schmidtea_mediterranea_gca045838265v1cm	Schmidtea mediterranea	Platyhelminthes	/Users/kchan/lcr_invertebrate_study/data/proteomes/schmidtea_mediterranea_gca045838265v1cm.longest.fa	Metazoa	79327
schmidtea_nova_gca044892505v1cm	Schmidtea nova	Platyhelminthes	/Users/kchan/lcr_invertebrate_study/data/proteomes/schmidtea_nova_gca044892505v1cm.longest.fa	Metazoa	163373
schmidtea_polychroa_gca044892525v1cm	Schmidtea polychroa	Platyhelminthes	/Users/kchan/lcr_invertebrate_study/data/proteomes/schmidtea_polychroa_gca044892525v1cm.longest.fa	Metazoa	50054
scutigera_coleoptrata	Scutigera coleoptrata	Myriapoda	/Users/kchan/lcr_invertebrate_study/data/proteomes/scutigera_coleoptrata.longest.fa	Metazoa	29022
secale_cereale	Secale cereale	Viridiplantae	/Users/kchan/lcr_invertebrate_study/data/proteomes/secale_cereale.longest.fa	Non-metazoan Eukaryota	4550
selaginella_moellendorffii	Selaginella moellendorffii	Viridiplantae	/Users/kchan/lcr_invertebrate_study/data/proteomes/selaginella_moellendorffii.longest.fa	Non-metazoan Eukaryota	88036
sesamum_indicum	Sesamum indicum	Viridiplantae	/Users/kchan/lcr_invertebrate_study/data/proteomes/sesamum_indicum.longest.fa	Non-metazoan Eukaryota	4182
setaria_italica	Setaria italica	Viridiplantae	/Users/kchan/lcr_invertebrate_study/data/proteomes/setaria_italica.longest.fa	Non-metazoan Eukaryota	4555
setaria_viridis	Setaria viridis	Viridiplantae	/Users/kchan/lcr_invertebrate_study/data/proteomes/setaria_viridis.longest.fa	Non-metazoan Eukaryota	4556
shigella_dysenteriae_sd197_gca_000012005	Shigella dysenteriae Sd197	Bacteria	/Users/kchan/lcr_invertebrate_study/data/proteomes/shigella_dysenteriae_sd197_gca_000012005.longest.fa	Bacteria	300267
sinorhizobium_meliloti_1021_gca_000006965	Sinorhizobium meliloti 1021	Bacteria	/Users/kchan/lcr_invertebrate_study/data/proteomes/sinorhizobium_meliloti_1021_gca_000006965.longest.fa	Bacteria	266834
sipha_flava_gca003268045v1	Sipha flava	Insecta	/Users/kchan/lcr_invertebrate_study/data/proteomes/sipha_flava_gca003268045v1.longest.fa	Metazoa	143950
sitophilus_oryzae_gca002938485v2rs	Sitophilus oryzae	Insecta	/Users/kchan/lcr_invertebrate_study/data/proteomes/sitophilus_oryzae_gca002938485v2rs.longest.fa	Metazoa	7048
solanum_lycopersicum	Solanum lycopersicum	Viridiplantae	/Users/kchan/lcr_invertebrate_study/data/proteomes/solanum_lycopersicum.longest.fa	Non-metazoan Eukaryota	4081
solanum_tuberosum	Solanum tuberosum	Viridiplantae	/Users/kchan/lcr_invertebrate_study/data/proteomes/solanum_tuberosum.longest.fa	Non-metazoan Eukaryota	4113
solenopsis_invicta	Solenopsis invicta	Insecta	/Users/kchan/lcr_invertebrate_study/data/proteomes/solenopsis_invicta.longest.fa	Metazoa	13686
sorghum_bicolor	Sorghum bicolor	Viridiplantae	/Users/kchan/lcr_invertebrate_study/data/proteomes/sorghum_bicolor.longest.fa	Non-metazoan Eukaryota	4558
sphaeroforma_arctica	Sphaeroforma arctica	Protist	/Users/kchan/lcr_invertebrate_study/data/proteomes/sphaeroforma_arctica.longest.fa	Non-metazoan Eukaryota	72019
sphagnum_fallax	Sphagnum fallax	Viridiplantae	/Users/kchan/lcr_invertebrate_study/data/proteomes/sphagnum_fallax.longest.fa	Non-metazoan Eukaryota	53036
sphenostylis_stenocarpa	Sphenostylis stenocarpa	Viridiplantae	/Users/kchan/lcr_invertebrate_study/data/proteomes/sphenostylis_stenocarpa.longest.fa	Non-metazoan Eukaryota	92480
spironucleus_salmonicida	Spironucleus salmonicida	Metamonada	/Users/kchan/lcr_invertebrate_study/data/proteomes/spironucleus_salmonicida.longest.fa	Non-metazoan Eukaryota	348837
spodoptera_frugiperda_gca023101765v3rs	Spodoptera frugiperda	Insecta	/Users/kchan/lcr_invertebrate_study/data/proteomes/spodoptera_frugiperda_gca023101765v3rs.longest.fa	Metazoa	7108
staphylococcus_aureus	Staphylococcus aureus	Bacteria	/Users/kchan/lcr_invertebrate_study/data/proteomes/staphylococcus_aureus.longest.fa	Bacteria	93061
stegodyphus_dumicola_gca010614865v2rs	Stegodyphus dumicola	Chelicerata	/Users/kchan/lcr_invertebrate_study/data/proteomes/stegodyphus_dumicola_gca010614865v2rs.longest.fa	Metazoa	202533
stegodyphus_mimosarum	Stegodyphus mimosarum	Chelicerata	/Users/kchan/lcr_invertebrate_study/data/proteomes/stegodyphus_mimosarum.longest.fa	Metazoa	407821
steinernema_hermaphroditum_gca030435675v2gb	Steinernema hermaphroditum	Nematoda	/Users/kchan/lcr_invertebrate_study/data/proteomes/steinernema_hermaphroditum_gca030435675v2gb.longest.fa	Metazoa	289476
stenotrophomonas_maltophilia_k279a_gca_000072485	Stenotrophomonas maltophilia K279a	Bacteria	/Users/kchan/lcr_invertebrate_study/data/proteomes/stenotrophomonas_maltophilia_k279a_gca_000072485.longest.fa	Bacteria	522373
stentor_coeruleus_gca_001970955	Stentor coeruleus	Ciliophora	/Users/kchan/lcr_invertebrate_study/data/proteomes/stentor_coeruleus_gca_001970955.longest.fa	Non-metazoan Eukaryota	5963
stomoxys_calcitrans_gca963082655v1rs	Stomoxys calcitrans	Insecta	/Users/kchan/lcr_invertebrate_study/data/proteomes/stomoxys_calcitrans_gca963082655v1rs.longest.fa	Metazoa	35570
streptococcus_pneumoniae	Streptococcus pneumoniae	Bacteria	/Users/kchan/lcr_invertebrate_study/data/proteomes/streptococcus_pneumoniae.longest.fa	Bacteria	171101
streptomyces_avermitilis	Streptomyces avermitilis	Bacteria	/Users/kchan/lcr_invertebrate_study/data/proteomes/streptomyces_avermitilis.longest.fa	Bacteria	227882
streptomyces_coelicolor	Streptomyces coelicolor	Bacteria	/Users/kchan/lcr_invertebrate_study/data/proteomes/streptomyces_coelicolor.longest.fa	Bacteria	100226
streptomyces_griseus	Streptomyces griseus	Bacteria	/Users/kchan/lcr_invertebrate_study/data/proteomes/streptomyces_griseus.longest.fa	Bacteria	455632
strigamia_maritima	Strigamia maritima	Myriapoda	/Users/kchan/lcr_invertebrate_study/data/proteomes/strigamia_maritima.longest.fa	Metazoa	126957
strigomonas_culicis_gca_000442495	Strigomonas culicis	Euglenozoa	/Users/kchan/lcr_invertebrate_study/data/proteomes/strigomonas_culicis_gca_000442495.longest.fa	Non-metazoan Eukaryota	28005
strongylocentrotus_purpuratus	Strongylocentrotus purpuratus	Echinodermata	/Users/kchan/lcr_invertebrate_study/data/proteomes/strongylocentrotus_purpuratus.longest.fa	Metazoa	7668
strongyloides_ratti	Strongyloides ratti	Nematoda	/Users/kchan/lcr_invertebrate_study/data/proteomes/strongyloides_ratti.longest.fa	Metazoa	34506
stylonychia_lemnae_gca_000751175	Stylonychia lemnae str. 130c	Ciliophora	/Users/kchan/lcr_invertebrate_study/data/proteomes/stylonychia_lemnae_gca_000751175.longest.fa	Non-metazoan Eukaryota	5949
stylophora_pistillata_gca002571385v2	Stylophora pistillata	Cnidaria	/Users/kchan/lcr_invertebrate_study/data/proteomes/stylophora_pistillata_gca002571385v2.longest.fa	Metazoa	50429
sulfolobus_acidocaldarius	Sulfolobus acidocaldarius	Archaea	/Users/kchan/lcr_invertebrate_study/data/proteomes/sulfolobus_acidocaldarius.longest.fa	Archaea	330779
sycon_ciliatum	Sycon ciliatum	Porifera	/Users/kchan/lcr_invertebrate_study/data/proteomes/sycon_ciliatum.longest.fa	Metazoa	27933
symbiodinium_microadriaticum_gca_001939145	Symbiodinium microadriaticum str. CCMP2467	Protist	/Users/kchan/lcr_invertebrate_study/data/proteomes/symbiodinium_microadriaticum_gca_001939145.longest.fa	Non-metazoan Eukaryota	2951
symsagittifera_roscoffensis	Symsagittifera roscoffensis	Xenacoelomorpha	/Users/kchan/lcr_invertebrate_study/data/proteomes/symsagittifera_roscoffensis.longest.fa	Metazoa	84072
synechocystis_pcc6803	Synechocystis sp. PCC 6803	Bacteria	/Users/kchan/lcr_invertebrate_study/data/proteomes/synechocystis_pcc6803.longest.fa	Bacteria	1148
taxus_chinensis	Taxus chinensis	Viridiplantae	/Users/kchan/lcr_invertebrate_study/data/proteomes/taxus_chinensis.longest.fa	Non-metazoan Eukaryota	29808
teleopsis_dalmanni	Teleopsis dalmanni	Insecta	/Users/kchan/lcr_invertebrate_study/data/proteomes/teleopsis_dalmanni.longest.fa	Metazoa	139649
tenebrio_molitor_gca907166875v3gb	Tenebrio molitor	Insecta	/Users/kchan/lcr_invertebrate_study/data/proteomes/tenebrio_molitor_gca907166875v3gb.longest.fa	Metazoa	7067
tetrahymena_thermophila	Tetrahymena thermophila	Ciliophora	/Users/kchan/lcr_invertebrate_study/data/proteomes/tetrahymena_thermophila.longest.fa	Non-metazoan Eukaryota	312017
tetranychus_urticae	Tetranychus urticae	Chelicerata	/Users/kchan/lcr_invertebrate_study/data/proteomes/tetranychus_urticae.longest.fa	Metazoa	32264
thalassiosira_oceanica_gca_000296195	Thalassiosira oceanica str. CCMP1005	Bacillariophyta	/Users/kchan/lcr_invertebrate_study/data/proteomes/thalassiosira_oceanica_gca_000296195.longest.fa	Non-metazoan Eukaryota	159749
thalassiosira_pseudonana	Thalassiosira pseudonana	Bacillariophyta	/Users/kchan/lcr_invertebrate_study/data/proteomes/thalassiosira_pseudonana.longest.fa	Non-metazoan Eukaryota	296543
thecamonas_trahens_atcc_50062_gca_000142905	Thecamonas trahens ATCC 50062	Protist	/Users/kchan/lcr_invertebrate_study/data/proteomes/thecamonas_trahens_atcc_50062_gca_000142905.longest.fa	Non-metazoan Eukaryota	461836
theileria_equi_strain_wa_gca_000342415	Theileria equi strain WA	Apicomplexa	/Users/kchan/lcr_invertebrate_study/data/proteomes/theileria_equi_strain_wa_gca_000342415.longest.fa	Non-metazoan Eukaryota	1537102
theileria_orientalis_strain_shintoku_gca_000740895	Theileria orientalis strain Shintoku	Apicomplexa	/Users/kchan/lcr_invertebrate_study/data/proteomes/theileria_orientalis_strain_shintoku_gca_000740895.longest.fa	Non-metazoan Eukaryota	869250
theileria_parva_gca_000165365	Theileria parva str. Muguga	Apicomplexa	/Users/kchan/lcr_invertebrate_study/data/proteomes/theileria_parva_gca_000165365.longest.fa	Non-metazoan Eukaryota	5875
thelohanellus_kitauei	Thelohanellus kitauei	Cnidaria	/Users/kchan/lcr_invertebrate_study/data/proteomes/thelohanellus_kitauei.longest.fa	Metazoa	669202
theobroma_cacao	Theobroma cacao Matina 1-6	Viridiplantae	/Users/kchan/lcr_invertebrate_study/data/proteomes/theobroma_cacao.longest.fa	Non-metazoan Eukaryota	3641
thermanaerovibrio_acidaminovorans_dsm_6589_gca_000024905	Thermanaerovibrio acidaminovorans DSM 6589	Bacteria	/Users/kchan/lcr_invertebrate_study/data/proteomes/thermanaerovibrio_acidaminovorans_dsm_6589_gca_000024905.longest.fa	Bacteria	525903
thermococcus_kodakarensis	Thermococcus kodakarensis	Archaea	/Users/kchan/lcr_invertebrate_study/data/proteomes/thermococcus_kodakarensis.longest.fa	Archaea	69014
thermodesulfovibrio_yellowstonii_dsm_11347_gca_000020985	Thermodesulfovibrio yellowstonii DSM 11347	Bacteria	/Users/kchan/lcr_invertebrate_study/data/proteomes/thermodesulfovibrio_yellowstonii_dsm_11347_gca_000020985.longest.fa	Bacteria	289376
thermofilum_pendens_hrk_5_gca_000015225	Thermofilum pendens Hrk 5	Archaea	/Users/kchan/lcr_invertebrate_study/data/proteomes/thermofilum_pendens_hrk_5_gca_000015225.longest.fa	Archaea	368408
thermoplasma_acidophilum	Thermoplasma acidophilum	Archaea	/Users/kchan/lcr_invertebrate_study/data/proteomes/thermoplasma_acidophilum.longest.fa	Archaea	273075
thermosynechococcus_elongatus_bp_1_gca_000011345	Thermosynechococcus elongatus BP-1	Bacteria	/Users/kchan/lcr_invertebrate_study/data/proteomes/thermosynechococcus_elongatus_bp_1_gca_000011345.longest.fa	Bacteria	197221
thermotoga_maritima	Thermotoga maritima	Bacteria	/Users/kchan/lcr_invertebrate_study/data/proteomes/thermotoga_maritima.longest.fa	Bacteria	243274
thermus_thermophilus	Thermus thermophilus HB8	Bacteria	/Users/kchan/lcr_invertebrate_study/data/proteomes/thermus_thermophilus.longest.fa	Bacteria	300852
thraustotheca_clavata_gca_002081575	Thraustotheca clavata str. ATCC 34112	Oomycota	/Users/kchan/lcr_invertebrate_study/data/proteomes/thraustotheca_clavata_gca_002081575.longest.fa	Non-metazoan Eukaryota	74557
thrips_palmi_gca012932325v1rs	Thrips palmi	Insecta	/Users/kchan/lcr_invertebrate_study/data/proteomes/thrips_palmi_gca012932325v1rs.longest.fa	Metazoa	161013
tieghemostelium_lacteum_gca_001606155	Tieghemostelium lacteum str. TK	Amoebozoa	/Users/kchan/lcr_invertebrate_study/data/proteomes/tieghemostelium_lacteum_gca_001606155.longest.fa	Non-metazoan Eukaryota	361077
tigriopus_californicus_gca007210705	Tigriopus californicus	Crustacea	/Users/kchan/lcr_invertebrate_study/data/proteomes/tigriopus_californicus_gca007210705.longest.fa	Metazoa	6832
topomyia_yanbarensis_gca030247195v1rs	Topomyia yanbarensis	Insecta	/Users/kchan/lcr_invertebrate_study/data/proteomes/topomyia_yanbarensis_gca030247195v1rs.longest.fa	Metazoa	2498891
toxoplasma_gondii_veg_gca_000150015	Toxoplasma gondii VEG	Apicomplexa	/Users/kchan/lcr_invertebrate_study/data/proteomes/toxoplasma_gondii_veg_gca_000150015.longest.fa	Non-metazoan Eukaryota	432359
toxorhynchites_rutilus_gca029784135v1rs	Toxorhynchites rutilus septentrionalis	Insecta	/Users/kchan/lcr_invertebrate_study/data/proteomes/toxorhynchites_rutilus_gca029784135v1rs.longest.fa	Metazoa	329112
treponema_pallidum	Treponema pallidum	Bacteria	/Users/kchan/lcr_invertebrate_study/data/proteomes/treponema_pallidum.longest.fa	Bacteria	243276
trialeurodes_vaporariorum_gca011764245	Trialeurodes vaporariorum	Insecta	/Users/kchan/lcr_invertebrate_study/data/proteomes/trialeurodes_vaporariorum_gca011764245.longest.fa	Metazoa	88556
tribolium_castaneum_gca031307605v1rs	Tribolium castaneum	Insecta	/Users/kchan/lcr_invertebrate_study/data/proteomes/tribolium_castaneum_gca031307605v1rs.longest.fa	Metazoa	7070
tribolium_madens_gca015345945v1rs	Tribolium madens	Insecta	/Users/kchan/lcr_invertebrate_study/data/proteomes/tribolium_madens_gca015345945v1rs.longest.fa	Metazoa	41895
trichinella_spiralis	Trichinella spiralis	Nematoda	/Users/kchan/lcr_invertebrate_study/data/proteomes/trichinella_spiralis.longest.fa	Metazoa	6334
trichogramma_pretiosum_gca000599845v3	Trichogramma pretiosum	Insecta	/Users/kchan/lcr_invertebrate_study/data/proteomes/trichogramma_pretiosum_gca000599845v3.longest.fa	Metazoa	7493
trichoplax_adhaerens	Trichoplax adhaerens	Placozoa	/Users/kchan/lcr_invertebrate_study/data/proteomes/trichoplax_adhaerens.longest.fa	Metazoa	10228
trichoplax_sp_h2	Trichoplax sp. H2	Placozoa	/Users/kchan/lcr_invertebrate_study/data/proteomes/trichoplax_sp_h2.longest.fa	Metazoa	287889
trichuris_muris	Trichuris muris	Nematoda	/Users/kchan/lcr_invertebrate_study/data/proteomes/trichuris_muris.longest.fa	Metazoa	70415
trifolium_pratense	Trifolium pratense	Viridiplantae	/Users/kchan/lcr_invertebrate_study/data/proteomes/trifolium_pratense.longest.fa	Non-metazoan Eukaryota	57577
triticum_aestivum_stanley	Triticum aestivum Stanley	Viridiplantae	/Users/kchan/lcr_invertebrate_study/data/proteomes/triticum_aestivum_stanley.longest.fa	Non-metazoan Eukaryota	4565
triticum_dicoccoides	Triticum dicoccoides	Viridiplantae	/Users/kchan/lcr_invertebrate_study/data/proteomes/triticum_dicoccoides.longest.fa	Non-metazoan Eukaryota	85692
triticum_spelta	Triticum spelta	Viridiplantae	/Users/kchan/lcr_invertebrate_study/data/proteomes/triticum_spelta.longest.fa	Non-metazoan Eukaryota	58933
triticum_timopheevii	Triticum timopheevii	Viridiplantae	/Users/kchan/lcr_invertebrate_study/data/proteomes/triticum_timopheevii.longest.fa	Non-metazoan Eukaryota	4570
triticum_turgidum	Triticum turgidum	Viridiplantae	/Users/kchan/lcr_invertebrate_study/data/proteomes/triticum_turgidum.longest.fa	Non-metazoan Eukaryota	4567
triticum_urartu	Triticum urartu	Viridiplantae	/Users/kchan/lcr_invertebrate_study/data/proteomes/triticum_urartu.longest.fa	Non-metazoan Eukaryota	4572
tritrichomonas_foetus_gca_001839685	Tritrichomonas foetus str. K	Metamonada	/Users/kchan/lcr_invertebrate_study/data/proteomes/tritrichomonas_foetus_gca_001839685.longest.fa	Non-metazoan Eukaryota	1144522
trypanosoma_brucei	Trypanosoma brucei	Euglenozoa	/Users/kchan/lcr_invertebrate_study/data/proteomes/trypanosoma_brucei.longest.fa	Non-metazoan Eukaryota	185431
trypanosoma_conorhini_gca_003719485	Trypanosoma conorhini	Euglenozoa	/Users/kchan/lcr_invertebrate_study/data/proteomes/trypanosoma_conorhini_gca_003719485.longest.fa	Non-metazoan Eukaryota	83891
trypanosoma_cruzi_marinkellei_gca_000300495	Trypanosoma cruzi marinkellei	Euglenozoa	/Users/kchan/lcr_invertebrate_study/data/proteomes/trypanosoma_cruzi_marinkellei_gca_000300495.longest.fa	Non-metazoan Eukaryota	85056
trypanosoma_equiperdum_gca_001457755	Trypanosoma equiperdum	Euglenozoa	/Users/kchan/lcr_invertebrate_study/data/proteomes/trypanosoma_equiperdum_gca_001457755.longest.fa	Non-metazoan Eukaryota	5694
trypanosoma_rangeli_sc58_gca_000492115	Trypanosoma rangeli SC58	Euglenozoa	/Users/kchan/lcr_invertebrate_study/data/proteomes/trypanosoma_rangeli_sc58_gca_000492115.longest.fa	Non-metazoan Eukaryota	429131
trypanosoma_theileri_gca_002087225	Trypanosoma theileri	Euglenozoa	/Users/kchan/lcr_invertebrate_study/data/proteomes/trypanosoma_theileri_gca_002087225.longest.fa	Non-metazoan Eukaryota	67003
tubulanus_polymorphus	Tubulanus polymorphus	Nemertea	/Users/kchan/lcr_invertebrate_study/data/proteomes/tubulanus_polymorphus.longest.fa	Metazoa	672921
uloborus_diversus_gca026930045v1rs	Uloborus diversus	Chelicerata	/Users/kchan/lcr_invertebrate_study/data/proteomes/uloborus_diversus_gca026930045v1rs.longest.fa	Metazoa	327109
uranotaenia_lowii_gca029784155v1rs	Uranotaenia lowii	Insecta	/Users/kchan/lcr_invertebrate_study/data/proteomes/uranotaenia_lowii_gca029784155v1rs.longest.fa	Metazoa	190385
ureaplasma_parvum_serovar_3_str_atcc_700970_gca_000006625	Ureaplasma parvum serovar 3 str. ATCC 700970	Bacteria	/Users/kchan/lcr_invertebrate_study/data/proteomes/ureaplasma_parvum_serovar_3_str_atcc_700970_gca_000006625.longest.fa	Bacteria	273119
ustilago_maydis	Mycosarcoma maydis	Fungi	/Users/kchan/lcr_invertebrate_study/data/proteomes/ustilago_maydis.longest.fa	Non-metazoan Eukaryota	5270
varroa_destructor_gca002443255	Varroa destructor	Chelicerata	/Users/kchan/lcr_invertebrate_study/data/proteomes/varroa_destructor_gca002443255.longest.fa	Metazoa	109461
varroa_jacobsoni_gca002532875v1rs	Varroa jacobsoni	Chelicerata	/Users/kchan/lcr_invertebrate_study/data/proteomes/varroa_jacobsoni_gca002532875v1rs.longest.fa	Metazoa	62625
venturia_canescens_gca019457755v1rs	Venturia canescens	Insecta	/Users/kchan/lcr_invertebrate_study/data/proteomes/venturia_canescens_gca019457755v1rs.longest.fa	Metazoa	32260
vespa_mandarinia_gca014083535v2rs	Vespa mandarinia	Insecta	/Users/kchan/lcr_invertebrate_study/data/proteomes/vespa_mandarinia_gca014083535v2rs.longest.fa	Metazoa	7446
vibrio_cholerae_o1_biovar_el_tor_str_n16961_gca_000006745	Vibrio cholerae O1 biovar El Tor str. N16961	Bacteria	/Users/kchan/lcr_invertebrate_study/data/proteomes/vibrio_cholerae_o1_biovar_el_tor_str_n16961_gca_000006745.longest.fa	Bacteria	243277
vicia_faba	Vicia faba	Viridiplantae	/Users/kchan/lcr_invertebrate_study/data/proteomes/vicia_faba.longest.fa	Non-metazoan Eukaryota	3906
vigna_angularis	Vigna angularis	Viridiplantae	/Users/kchan/lcr_invertebrate_study/data/proteomes/vigna_angularis.longest.fa	Non-metazoan Eukaryota	3914
vigna_radiata	Vigna radiata	Viridiplantae	/Users/kchan/lcr_invertebrate_study/data/proteomes/vigna_radiata.longest.fa	Non-metazoan Eukaryota	3916
vigna_unguiculata_gca004118075v2rs	Vigna unguiculata IT97K-499-35	Viridiplantae	/Users/kchan/lcr_invertebrate_study/data/proteomes/vigna_unguiculata_gca004118075v2rs.longest.fa	Non-metazoan Eukaryota	3917
vitis_vinifera	Vitis vinifera	Viridiplantae	/Users/kchan/lcr_invertebrate_study/data/proteomes/vitis_vinifera.longest.fa	Non-metazoan Eukaryota	29760
volvox_carteri	Volvox carteri f. nagariensis	Chlorophyta	/Users/kchan/lcr_invertebrate_study/data/proteomes/volvox_carteri.longest.fa	Non-metazoan Eukaryota	3068
wolbachia_endosymbiont_of_drosophila_melanogaster_gca_000008025	Wolbachia endosymbiont of Drosophila melanogaster	Bacteria	/Users/kchan/lcr_invertebrate_study/data/proteomes/wolbachia_endosymbiont_of_drosophila_melanogaster_gca_000008025.longest.fa	Bacteria	163164
wyeomyia_smithii_gca029784165v1rs	Wyeomyia smithii	Insecta	/Users/kchan/lcr_invertebrate_study/data/proteomes/wyeomyia_smithii_gca029784165v1rs.longest.fa	Metazoa	174621
xanthomonas_campestris_pv_campestris_str_atcc_33913_gca_000007145	Xanthomonas campestris pv. campestris str. ATCC 33913	Bacteria	/Users/kchan/lcr_invertebrate_study/data/proteomes/xanthomonas_campestris_pv_campestris_str_atcc_33913_gca_000007145.longest.fa	Bacteria	190485
yersinia_pestis_biovar_microtus_str_91001_gca_000007885	Yersinia pestis biovar Microtus str. 91001	Bacteria	/Users/kchan/lcr_invertebrate_study/data/proteomes/yersinia_pestis_biovar_microtus_str_91001_gca_000007885.longest.fa	Bacteria	229193
zea_mays	Zea mays	Viridiplantae	/Users/kchan/lcr_invertebrate_study/data/proteomes/zea_mays.longest.fa	Non-metazoan Eukaryota	4577
zerene_cesonia_gca012273895v2rs	Zerene cesonia	Insecta	/Users/kchan/lcr_invertebrate_study/data/proteomes/zerene_cesonia_gca012273895v2rs.longest.fa	Metazoa	33412
zeugodacus_cucurbitae_gca028554725v2rs	Zeugodacus cucurbitae	Insecta	/Users/kchan/lcr_invertebrate_study/data/proteomes/zeugodacus_cucurbitae_gca028554725v2rs.longest.fa	Metazoa	28588
zootermopsis_nevadensis	Zootermopsis nevadensis	Insecta	/Users/kchan/lcr_invertebrate_study/data/proteomes/zootermopsis_nevadensis.longest.fa	Metazoa	136037
zymoseptoria_tritici	Zymoseptoria tritici	Fungi	/Users/kchan/lcr_invertebrate_study/data/proteomes/zymoseptoria_tritici.longest.fa	Non-metazoan Eukaryota	336722
